Airfoil,w_l1,w_l2,w_l3,w_l4,w_l5,w_l6,w_u1,w_u2,w_u3,w_u4,w_u5,w_u6,Alpha,CL,CD
A2,-0.19112,-0.1335,-0.17296,-0.11564,-0.16417,-0.15938,0.182404,0.157007,0.17242,0.122878,0.142488,0.127763,-2,-0.2168,0.00709
A2,-0.19112,-0.1335,-0.17296,-0.11564,-0.16417,-0.15938,0.182404,0.157007,0.17242,0.122878,0.142488,0.127763,0,-0.0244,0.00626
A2,-0.19112,-0.1335,-0.17296,-0.11564,-0.16417,-0.15938,0.182404,0.157007,0.17242,0.122878,0.142488,0.127763,2,0.2195,0.00772
A2,-0.19112,-0.1335,-0.17296,-0.11564,-0.16417,-0.15938,0.182404,0.157007,0.17242,0.122878,0.142488,0.127763,4,0.5056,0.0097
A2,-0.19112,-0.1335,-0.17296,-0.11564,-0.16417,-0.15938,0.182404,0.157007,0.17242,0.122878,0.142488,0.127763,6,0.7819,0.01208
A2,-0.19112,-0.1335,-0.17296,-0.11564,-0.16417,-0.15938,0.182404,0.157007,0.17242,0.122878,0.142488,0.127763,8,0.9348,0.01474
A2,-0.19112,-0.1335,-0.17296,-0.11564,-0.16417,-0.15938,0.182404,0.157007,0.17242,0.122878,0.142488,0.127763,10,1.058,0.01837
A3,-0.19503,-0.15053,-0.15913,-0.14588,-0.13329,-0.14844,0.160339,0.17436,0.151204,0.140416,0.138208,0.13931,-2,-0.2123,0.00712
A3,-0.19503,-0.15053,-0.15913,-0.14588,-0.13329,-0.14844,0.160339,0.17436,0.151204,0.140416,0.138208,0.13931,0,-0.0091,0.00638
A3,-0.19503,-0.15053,-0.15913,-0.14588,-0.13329,-0.14844,0.160339,0.17436,0.151204,0.140416,0.138208,0.13931,2,0.2026,0.00708
A3,-0.19503,-0.15053,-0.15913,-0.14588,-0.13329,-0.14844,0.160339,0.17436,0.151204,0.140416,0.138208,0.13931,4,0.4796,0.00897
A3,-0.19503,-0.15053,-0.15913,-0.14588,-0.13329,-0.14844,0.160339,0.17436,0.151204,0.140416,0.138208,0.13931,6,0.7643,0.01181
A3,-0.19503,-0.15053,-0.15913,-0.14588,-0.13329,-0.14844,0.160339,0.17436,0.151204,0.140416,0.138208,0.13931,8,0.9053,0.01504
A3,-0.19503,-0.15053,-0.15913,-0.14588,-0.13329,-0.14844,0.160339,0.17436,0.151204,0.140416,0.138208,0.13931,10,1.0251,0.01926
A4,-0.17293,-0.17214,-0.18469,-0.12061,-0.12965,-0.15534,0.16815,0.157884,0.152671,0.151001,0.162324,0.134398,-2,-0.1942,0.00751
A4,-0.17293,-0.17214,-0.18469,-0.12061,-0.12965,-0.15534,0.16815,0.157884,0.152671,0.151001,0.162324,0.134398,0,0.017,0.00681
A4,-0.17293,-0.17214,-0.18469,-0.12061,-0.12965,-0.15534,0.16815,0.157884,0.152671,0.151001,0.162324,0.134398,2,0.2115,0.00656
A4,-0.17293,-0.17214,-0.18469,-0.12061,-0.12965,-0.15534,0.16815,0.157884,0.152671,0.151001,0.162324,0.134398,4,0.4854,0.00913
A4,-0.17293,-0.17214,-0.18469,-0.12061,-0.12965,-0.15534,0.16815,0.157884,0.152671,0.151001,0.162324,0.134398,6,0.7606,0.01204
A4,-0.17293,-0.17214,-0.18469,-0.12061,-0.12965,-0.15534,0.16815,0.157884,0.152671,0.151001,0.162324,0.134398,8,0.9046,0.01514
A4,-0.17293,-0.17214,-0.18469,-0.12061,-0.12965,-0.15534,0.16815,0.157884,0.152671,0.151001,0.162324,0.134398,10,1.0301,0.01924
A5,-0.17059,-0.13172,-0.16205,-0.1185,-0.14163,-0.13272,0.186872,0.134423,0.15656,0.126591,0.154186,0.151062,-2,-0.2143,0.0073
A5,-0.17059,-0.13172,-0.16205,-0.1185,-0.14163,-0.13272,0.186872,0.134423,0.15656,0.126591,0.154186,0.151062,0,0.0194,0.00586
A5,-0.17059,-0.13172,-0.16205,-0.1185,-0.14163,-0.13272,0.186872,0.134423,0.15656,0.126591,0.154186,0.151062,2,0.2355,0.00729
A5,-0.17059,-0.13172,-0.16205,-0.1185,-0.14163,-0.13272,0.186872,0.134423,0.15656,0.126591,0.154186,0.151062,4,0.5115,0.0101
A5,-0.17059,-0.13172,-0.16205,-0.1185,-0.14163,-0.13272,0.186872,0.134423,0.15656,0.126591,0.154186,0.151062,6,0.7758,0.01225
A5,-0.17059,-0.13172,-0.16205,-0.1185,-0.14163,-0.13272,0.186872,0.134423,0.15656,0.126591,0.154186,0.151062,8,0.9194,0.01492
A5,-0.17059,-0.13172,-0.16205,-0.1185,-0.14163,-0.13272,0.186872,0.134423,0.15656,0.126591,0.154186,0.151062,10,1.0547,0.01852
A6,-0.15158,-0.17086,-0.17197,-0.1168,-0.1312,-0.13476,0.196727,0.152988,0.164002,0.119606,0.142692,0.131831,-2,-0.204,0.00719
A6,-0.15158,-0.17086,-0.17197,-0.1168,-0.1312,-0.13476,0.196727,0.152988,0.164002,0.119606,0.142692,0.131831,0,0.0111,0.00683
A6,-0.15158,-0.17086,-0.17197,-0.1168,-0.1312,-0.13476,0.196727,0.152988,0.164002,0.119606,0.142692,0.131831,2,0.2072,0.00723
A6,-0.15158,-0.17086,-0.17197,-0.1168,-0.1312,-0.13476,0.196727,0.152988,0.164002,0.119606,0.142692,0.131831,4,0.4879,0.00936
A6,-0.15158,-0.17086,-0.17197,-0.1168,-0.1312,-0.13476,0.196727,0.152988,0.164002,0.119606,0.142692,0.131831,6,0.7598,0.01162
A6,-0.15158,-0.17086,-0.17197,-0.1168,-0.1312,-0.13476,0.196727,0.152988,0.164002,0.119606,0.142692,0.131831,8,0.9155,0.0142
A6,-0.15158,-0.17086,-0.17197,-0.1168,-0.1312,-0.13476,0.196727,0.152988,0.164002,0.119606,0.142692,0.131831,10,1.0606,0.01776
A7,-0.18495,-0.14371,-0.14335,-0.11441,-0.1232,-0.15649,0.178529,0.140771,0.178575,0.127764,0.13153,0.135126,0,0.0044,0.00631
A7,-0.18495,-0.14371,-0.14335,-0.11441,-0.1232,-0.15649,0.178529,0.140771,0.178575,0.127764,0.13153,0.135126,2,0.271,0.00739
A7,-0.18495,-0.14371,-0.14335,-0.11441,-0.1232,-0.15649,0.178529,0.140771,0.178575,0.127764,0.13153,0.135126,4,0.5671,0.00976
A7,-0.18495,-0.14371,-0.14335,-0.11441,-0.1232,-0.15649,0.178529,0.140771,0.178575,0.127764,0.13153,0.135126,6,0.7701,0.01203
A7,-0.18495,-0.14371,-0.14335,-0.11441,-0.1232,-0.15649,0.178529,0.140771,0.178575,0.127764,0.13153,0.135126,8,0.925,0.01491
A7,-0.18495,-0.14371,-0.14335,-0.11441,-0.1232,-0.15649,0.178529,0.140771,0.178575,0.127764,0.13153,0.135126,10,1.0595,0.01884
A8,-0.19603,-0.15324,-0.14956,-0.14339,-0.15857,-0.13215,0.155423,0.152217,0.13813,0.11759,0.131093,0.154396,-2,-0.2749,0.00782
A8,-0.19603,-0.15324,-0.14956,-0.14339,-0.15857,-0.13215,0.155423,0.152217,0.13813,0.11759,0.131093,0.154396,0,-0.0234,0.00587
A8,-0.19603,-0.15324,-0.14956,-0.14339,-0.15857,-0.13215,0.155423,0.152217,0.13813,0.11759,0.131093,0.154396,2,0.1752,0.00718
A8,-0.19603,-0.15324,-0.14956,-0.14339,-0.15857,-0.13215,0.155423,0.152217,0.13813,0.11759,0.131093,0.154396,4,0.4373,0.00933
A8,-0.19603,-0.15324,-0.14956,-0.14339,-0.15857,-0.13215,0.155423,0.152217,0.13813,0.11759,0.131093,0.154396,6,0.7155,0.01229
A8,-0.19603,-0.15324,-0.14956,-0.14339,-0.15857,-0.13215,0.155423,0.152217,0.13813,0.11759,0.131093,0.154396,8,0.8906,0.01549
A8,-0.19603,-0.15324,-0.14956,-0.14339,-0.15857,-0.13215,0.155423,0.152217,0.13813,0.11759,0.131093,0.154396,10,1.0031,0.01993
A9,-0.14806,-0.16881,-0.17124,-0.1163,-0.15693,-0.12283,0.184582,0.149499,0.143575,0.126103,0.150394,0.122912,-2,-0.2146,0.00713
A9,-0.14806,-0.16881,-0.17124,-0.1163,-0.15693,-0.12283,0.184582,0.149499,0.143575,0.126103,0.150394,0.122912,0,0.0008,0.00619
A9,-0.14806,-0.16881,-0.17124,-0.1163,-0.15693,-0.12283,0.184582,0.149499,0.143575,0.126103,0.150394,0.122912,2,0.1932,0.00716
A9,-0.14806,-0.16881,-0.17124,-0.1163,-0.15693,-0.12283,0.184582,0.149499,0.143575,0.126103,0.150394,0.122912,4,0.4495,0.00941
A9,-0.14806,-0.16881,-0.17124,-0.1163,-0.15693,-0.12283,0.184582,0.149499,0.143575,0.126103,0.150394,0.122912,6,0.7408,0.01175
A9,-0.14806,-0.16881,-0.17124,-0.1163,-0.15693,-0.12283,0.184582,0.149499,0.143575,0.126103,0.150394,0.122912,8,0.9039,0.01431
A9,-0.14806,-0.16881,-0.17124,-0.1163,-0.15693,-0.12283,0.184582,0.149499,0.143575,0.126103,0.150394,0.122912,10,1.0371,0.01829
A10,-0.16222,-0.16368,-0.1465,-0.12718,-0.14027,-0.16045,0.162146,0.135402,0.184845,0.141811,0.124061,0.120205,-2,-0.214,0.00715
A10,-0.16222,-0.16368,-0.1465,-0.12718,-0.14027,-0.16045,0.162146,0.135402,0.184845,0.141811,0.124061,0.120205,0,-0.0213,0.0063
A10,-0.16222,-0.16368,-0.1465,-0.12718,-0.14027,-0.16045,0.162146,0.135402,0.184845,0.141811,0.124061,0.120205,2,0.2325,0.00714
A10,-0.16222,-0.16368,-0.1465,-0.12718,-0.14027,-0.16045,0.162146,0.135402,0.184845,0.141811,0.124061,0.120205,4,0.5123,0.00923
A10,-0.16222,-0.16368,-0.1465,-0.12718,-0.14027,-0.16045,0.162146,0.135402,0.184845,0.141811,0.124061,0.120205,6,0.7578,0.01249
A10,-0.16222,-0.16368,-0.1465,-0.12718,-0.14027,-0.16045,0.162146,0.135402,0.184845,0.141811,0.124061,0.120205,8,0.9023,0.01563
A10,-0.16222,-0.16368,-0.1465,-0.12718,-0.14027,-0.16045,0.162146,0.135402,0.184845,0.141811,0.124061,0.120205,10,1.0206,0.02016
A11,-0.17813,-0.16799,-0.17621,-0.14011,-0.1628,-0.12928,0.188482,0.169369,0.179399,0.152752,0.149636,0.152515,-2,-0.1876,0.00702
A11,-0.17813,-0.16799,-0.17621,-0.14011,-0.1628,-0.12928,0.188482,0.169369,0.179399,0.152752,0.149636,0.152515,0,0.0122,0.00669
A11,-0.17813,-0.16799,-0.17621,-0.14011,-0.1628,-0.12928,0.188482,0.169369,0.179399,0.152752,0.149636,0.152515,2,0.2128,0.00716
A11,-0.17813,-0.16799,-0.17621,-0.14011,-0.1628,-0.12928,0.188482,0.169369,0.179399,0.152752,0.149636,0.152515,4,0.4419,0.00874
A11,-0.17813,-0.16799,-0.17621,-0.14011,-0.1628,-0.12928,0.188482,0.169369,0.179399,0.152752,0.149636,0.152515,6,0.7227,0.01163
A11,-0.17813,-0.16799,-0.17621,-0.14011,-0.1628,-0.12928,0.188482,0.169369,0.179399,0.152752,0.149636,0.152515,8,0.933,0.01448
A11,-0.17813,-0.16799,-0.17621,-0.14011,-0.1628,-0.12928,0.188482,0.169369,0.179399,0.152752,0.149636,0.152515,10,1.0427,0.01795
A12,-0.15425,-0.16144,-0.16333,-0.12541,-0.13316,-0.12457,0.164345,0.156153,0.154439,0.14338,0.155111,0.133231,0,0.0254,0.0063
A12,-0.15425,-0.16144,-0.16333,-0.12541,-0.13316,-0.12457,0.164345,0.156153,0.154439,0.14338,0.155111,0.133231,2,0.2284,0.00659
A12,-0.15425,-0.16144,-0.16333,-0.12541,-0.13316,-0.12457,0.164345,0.156153,0.154439,0.14338,0.155111,0.133231,4,0.4896,0.00885
A12,-0.15425,-0.16144,-0.16333,-0.12541,-0.13316,-0.12457,0.164345,0.156153,0.154439,0.14338,0.155111,0.133231,6,0.7593,0.01187
A12,-0.15425,-0.16144,-0.16333,-0.12541,-0.13316,-0.12457,0.164345,0.156153,0.154439,0.14338,0.155111,0.133231,8,0.9,0.01492
A12,-0.15425,-0.16144,-0.16333,-0.12541,-0.13316,-0.12457,0.164345,0.156153,0.154439,0.14338,0.155111,0.133231,10,1.0284,0.01935
A13,-0.15785,-0.16713,-0.15711,-0.14765,-0.16445,-0.12996,0.170681,0.146498,0.167423,0.133149,0.133965,0.157735,-2,-0.2361,0.0068
A13,-0.15785,-0.16713,-0.15711,-0.14765,-0.16445,-0.12996,0.170681,0.146498,0.167423,0.133149,0.133965,0.157735,0,-0.0056,0.00619
A13,-0.15785,-0.16713,-0.15711,-0.14765,-0.16445,-0.12996,0.170681,0.146498,0.167423,0.133149,0.133965,0.157735,2,0.1945,0.00702
A13,-0.15785,-0.16713,-0.15711,-0.14765,-0.16445,-0.12996,0.170681,0.146498,0.167423,0.133149,0.133965,0.157735,4,0.4293,0.0089
A13,-0.15785,-0.16713,-0.15711,-0.14765,-0.16445,-0.12996,0.170681,0.146498,0.167423,0.133149,0.133965,0.157735,6,0.7012,0.0121
A13,-0.15785,-0.16713,-0.15711,-0.14765,-0.16445,-0.12996,0.170681,0.146498,0.167423,0.133149,0.133965,0.157735,8,0.9121,0.01512
A13,-0.15785,-0.16713,-0.15711,-0.14765,-0.16445,-0.12996,0.170681,0.146498,0.167423,0.133149,0.133965,0.157735,10,1.0186,0.019
A14,-0.1689,-0.14259,-0.14178,-0.14145,-0.1385,-0.13054,0.169183,0.139505,0.170584,0.124218,0.135635,0.157387,-2,-0.2202,0.00692
A14,-0.1689,-0.14259,-0.14178,-0.14145,-0.1385,-0.13054,0.169183,0.139505,0.170584,0.124218,0.135635,0.157387,0,0.0111,0.00598
A14,-0.1689,-0.14259,-0.14178,-0.14145,-0.1385,-0.13054,0.169183,0.139505,0.170584,0.124218,0.135635,0.157387,4,0.4943,0.00934
A14,-0.1689,-0.14259,-0.14178,-0.14145,-0.1385,-0.13054,0.169183,0.139505,0.170584,0.124218,0.135635,0.157387,6,0.7687,0.01234
A14,-0.1689,-0.14259,-0.14178,-0.14145,-0.1385,-0.13054,0.169183,0.139505,0.170584,0.124218,0.135635,0.157387,8,0.9095,0.01508
A14,-0.1689,-0.14259,-0.14178,-0.14145,-0.1385,-0.13054,0.169183,0.139505,0.170584,0.124218,0.135635,0.157387,10,1.0337,0.01917
A15,-0.19709,-0.16293,-0.16819,-0.15018,-0.14399,-0.14657,0.17646,0.17518,0.147283,0.124682,0.139167,0.158744,-2,-0.2447,0.0074
A15,-0.19709,-0.16293,-0.16819,-0.15018,-0.14399,-0.14657,0.17646,0.17518,0.147283,0.124682,0.139167,0.158744,0,-0.0167,0.00666
A15,-0.19709,-0.16293,-0.16819,-0.15018,-0.14399,-0.14657,0.17646,0.17518,0.147283,0.124682,0.139167,0.158744,2,0.1787,0.00748
A15,-0.19709,-0.16293,-0.16819,-0.15018,-0.14399,-0.14657,0.17646,0.17518,0.147283,0.124682,0.139167,0.158744,4,0.446,0.00919
A15,-0.19709,-0.16293,-0.16819,-0.15018,-0.14399,-0.14657,0.17646,0.17518,0.147283,0.124682,0.139167,0.158744,6,0.7312,0.01152
A15,-0.19709,-0.16293,-0.16819,-0.15018,-0.14399,-0.14657,0.17646,0.17518,0.147283,0.124682,0.139167,0.158744,8,0.9182,0.01439
A15,-0.19709,-0.16293,-0.16819,-0.15018,-0.14399,-0.14657,0.17646,0.17518,0.147283,0.124682,0.139167,0.158744,10,1.0399,0.0182
A16,-0.19318,-0.13896,-0.16383,-0.13625,-0.1466,-0.13887,0.159806,0.141841,0.14538,0.151327,0.146356,0.118763,-2,-0.2122,0.00708
A16,-0.19318,-0.13896,-0.16383,-0.13625,-0.1466,-0.13887,0.159806,0.141841,0.14538,0.151327,0.146356,0.118763,0,-0.0135,0.00615
A16,-0.19318,-0.13896,-0.16383,-0.13625,-0.1466,-0.13887,0.159806,0.141841,0.14538,0.151327,0.146356,0.118763,2,0.201,0.00658
A16,-0.19318,-0.13896,-0.16383,-0.13625,-0.1466,-0.13887,0.159806,0.141841,0.14538,0.151327,0.146356,0.118763,4,0.4608,0.00946
A16,-0.19318,-0.13896,-0.16383,-0.13625,-0.1466,-0.13887,0.159806,0.141841,0.14538,0.151327,0.146356,0.118763,6,0.7398,0.01246
A16,-0.19318,-0.13896,-0.16383,-0.13625,-0.1466,-0.13887,0.159806,0.141841,0.14538,0.151327,0.146356,0.118763,8,0.8877,0.01537
A16,-0.19318,-0.13896,-0.16383,-0.13625,-0.1466,-0.13887,0.159806,0.141841,0.14538,0.151327,0.146356,0.118763,10,1.0102,0.01966
A17,-0.16847,-0.16994,-0.15617,-0.14471,-0.13928,-0.14177,0.15856,0.163031,0.145953,0.138513,0.140052,0.140214,-2,-0.2233,0.00709
A17,-0.16847,-0.16994,-0.15617,-0.14471,-0.13928,-0.14177,0.15856,0.163031,0.145953,0.138513,0.140052,0.140214,0,-0.0058,0.00621
A17,-0.16847,-0.16994,-0.15617,-0.14471,-0.13928,-0.14177,0.15856,0.163031,0.145953,0.138513,0.140052,0.140214,2,0.1958,0.00684
A17,-0.16847,-0.16994,-0.15617,-0.14471,-0.13928,-0.14177,0.15856,0.163031,0.145953,0.138513,0.140052,0.140214,4,0.4566,0.0089
A17,-0.16847,-0.16994,-0.15617,-0.14471,-0.13928,-0.14177,0.15856,0.163031,0.145953,0.138513,0.140052,0.140214,6,0.7428,0.012
A17,-0.16847,-0.16994,-0.15617,-0.14471,-0.13928,-0.14177,0.15856,0.163031,0.145953,0.138513,0.140052,0.140214,8,0.8957,0.01516
A17,-0.16847,-0.16994,-0.15617,-0.14471,-0.13928,-0.14177,0.15856,0.163031,0.145953,0.138513,0.140052,0.140214,10,1.013,0.01967
A18,-0.1504,-0.13313,-0.18287,-0.12825,-0.12698,-0.15344,0.146501,0.139812,0.176654,0.148454,0.161366,0.135564,-2,-0.1891,0.00687
A18,-0.1504,-0.13313,-0.18287,-0.12825,-0.12698,-0.15344,0.146501,0.139812,0.176654,0.148454,0.161366,0.135564,0,0.0161,0.00632
A18,-0.1504,-0.13313,-0.18287,-0.12825,-0.12698,-0.15344,0.146501,0.139812,0.176654,0.148454,0.161366,0.135564,2,0.2395,0.00647
A18,-0.1504,-0.13313,-0.18287,-0.12825,-0.12698,-0.15344,0.146501,0.139812,0.176654,0.148454,0.161366,0.135564,4,0.5054,0.00865
A18,-0.1504,-0.13313,-0.18287,-0.12825,-0.12698,-0.15344,0.146501,0.139812,0.176654,0.148454,0.161366,0.135564,6,0.7594,0.01299
A18,-0.1504,-0.13313,-0.18287,-0.12825,-0.12698,-0.15344,0.146501,0.139812,0.176654,0.148454,0.161366,0.135564,8,0.8895,0.01649
A18,-0.1504,-0.13313,-0.18287,-0.12825,-0.12698,-0.15344,0.146501,0.139812,0.176654,0.148454,0.161366,0.135564,10,0.997,0.02246
A19,-0.1508,-0.17312,-0.17365,-0.12959,-0.15798,-0.15435,0.163213,0.148695,0.149951,0.115497,0.157708,0.130644,-2,-0.2484,0.00733
A19,-0.1508,-0.17312,-0.17365,-0.12959,-0.15798,-0.15435,0.163213,0.148695,0.149951,0.115497,0.157708,0.130644,0,-0.0223,0.00609
A19,-0.1508,-0.17312,-0.17365,-0.12959,-0.15798,-0.15435,0.163213,0.148695,0.149951,0.115497,0.157708,0.130644,2,0.1847,0.00693
A19,-0.1508,-0.17312,-0.17365,-0.12959,-0.15798,-0.15435,0.163213,0.148695,0.149951,0.115497,0.157708,0.130644,4,0.4471,0.00929
A19,-0.1508,-0.17312,-0.17365,-0.12959,-0.15798,-0.15435,0.163213,0.148695,0.149951,0.115497,0.157708,0.130644,6,0.7252,0.01223
A19,-0.1508,-0.17312,-0.17365,-0.12959,-0.15798,-0.15435,0.163213,0.148695,0.149951,0.115497,0.157708,0.130644,8,0.8981,0.0155
A19,-0.1508,-0.17312,-0.17365,-0.12959,-0.15798,-0.15435,0.163213,0.148695,0.149951,0.115497,0.157708,0.130644,10,1.0141,0.01978
A20,-0.17695,-0.14889,-0.14613,-0.14923,-0.1538,-0.14931,0.171829,0.168508,0.139712,0.116286,0.155602,0.139681,0,-0.0178,0.00596
A20,-0.17695,-0.14889,-0.14613,-0.14923,-0.1538,-0.14931,0.171829,0.168508,0.139712,0.116286,0.155602,0.139681,2,0.189,0.00769
A20,-0.17695,-0.14889,-0.14613,-0.14923,-0.1538,-0.14931,0.171829,0.168508,0.139712,0.116286,0.155602,0.139681,4,0.4634,0.00962
A20,-0.17695,-0.14889,-0.14613,-0.14923,-0.1538,-0.14931,0.171829,0.168508,0.139712,0.116286,0.155602,0.139681,6,0.7404,0.01181
A20,-0.17695,-0.14889,-0.14613,-0.14923,-0.1538,-0.14931,0.171829,0.168508,0.139712,0.116286,0.155602,0.139681,8,0.9271,0.01471
A20,-0.17695,-0.14889,-0.14613,-0.14923,-0.1538,-0.14931,0.171829,0.168508,0.139712,0.116286,0.155602,0.139681,10,1.0458,0.01846
A21,-0.15298,-0.17155,-0.17716,-0.12344,-0.16043,-0.11994,0.15718,0.17134,0.159593,0.145226,0.133298,0.153793,-2,-0.2018,0.00695
A21,-0.15298,-0.17155,-0.17716,-0.12344,-0.16043,-0.11994,0.15718,0.17134,0.159593,0.145226,0.133298,0.153793,0,0.011,0.00653
A21,-0.15298,-0.17155,-0.17716,-0.12344,-0.16043,-0.11994,0.15718,0.17134,0.159593,0.145226,0.133298,0.153793,2,0.2106,0.00694
A21,-0.15298,-0.17155,-0.17716,-0.12344,-0.16043,-0.11994,0.15718,0.17134,0.159593,0.145226,0.133298,0.153793,4,0.4507,0.00843
A21,-0.15298,-0.17155,-0.17716,-0.12344,-0.16043,-0.11994,0.15718,0.17134,0.159593,0.145226,0.133298,0.153793,6,0.7269,0.0117
A21,-0.15298,-0.17155,-0.17716,-0.12344,-0.16043,-0.11994,0.15718,0.17134,0.159593,0.145226,0.133298,0.153793,8,0.8979,0.0152
A21,-0.15298,-0.17155,-0.17716,-0.12344,-0.16043,-0.11994,0.15718,0.17134,0.159593,0.145226,0.133298,0.153793,10,1.008,0.01969
A22,-0.16512,-0.15421,-0.17946,-0.12243,-0.14212,-0.15813,0.160984,0.172263,0.148392,0.121748,0.156062,0.146527,-2,-0.2141,0.00722
A22,-0.16512,-0.15421,-0.17946,-0.12243,-0.14212,-0.15813,0.160984,0.172263,0.148392,0.121748,0.156062,0.146527,0,-0.0113,0.00774
A22,-0.16512,-0.15421,-0.17946,-0.12243,-0.14212,-0.15813,0.160984,0.172263,0.148392,0.121748,0.156062,0.146527,2,0.1965,0.00742
A22,-0.16512,-0.15421,-0.17946,-0.12243,-0.14212,-0.15813,0.160984,0.172263,0.148392,0.121748,0.156062,0.146527,6,0.7046,0.01149
A22,-0.16512,-0.15421,-0.17946,-0.12243,-0.14212,-0.15813,0.160984,0.172263,0.148392,0.121748,0.156062,0.146527,10,1.0377,0.01878
A23,-0.16792,-0.1569,-0.16553,-0.14621,-0.14897,-0.15151,0.195325,0.173355,0.141709,0.12716,0.153272,0.143151,-2,-0.2317,0.00703
A23,-0.16792,-0.1569,-0.16553,-0.14621,-0.14897,-0.15151,0.195325,0.173355,0.141709,0.12716,0.153272,0.143151,0,-0.0142,0.00638
A23,-0.16792,-0.1569,-0.16553,-0.14621,-0.14897,-0.15151,0.195325,0.173355,0.141709,0.12716,0.153272,0.143151,2,0.1867,0.00778
A23,-0.16792,-0.1569,-0.16553,-0.14621,-0.14897,-0.15151,0.195325,0.173355,0.141709,0.12716,0.153272,0.143151,4,0.4591,0.00968
A23,-0.16792,-0.1569,-0.16553,-0.14621,-0.14897,-0.15151,0.195325,0.173355,0.141709,0.12716,0.153272,0.143151,6,0.7421,0.01168
A23,-0.16792,-0.1569,-0.16553,-0.14621,-0.14897,-0.15151,0.195325,0.173355,0.141709,0.12716,0.153272,0.143151,8,0.9404,0.01401
A23,-0.16792,-0.1569,-0.16553,-0.14621,-0.14897,-0.15151,0.195325,0.173355,0.141709,0.12716,0.153272,0.143151,10,1.0694,0.01735
A24,-0.17268,-0.13464,-0.18118,-0.11986,-0.1527,-0.14039,0.180704,0.143806,0.144642,0.135533,0.158374,0.153519,-2,-0.2229,0.00734
A24,-0.17268,-0.13464,-0.18118,-0.11986,-0.1527,-0.14039,0.180704,0.143806,0.144642,0.135533,0.158374,0.153519,0,0.0079,0.006
A24,-0.17268,-0.13464,-0.18118,-0.11986,-0.1527,-0.14039,0.180704,0.143806,0.144642,0.135533,0.158374,0.153519,2,0.2157,0.00713
A24,-0.17268,-0.13464,-0.18118,-0.11986,-0.1527,-0.14039,0.180704,0.143806,0.144642,0.135533,0.158374,0.153519,4,0.4791,0.00993
A24,-0.17268,-0.13464,-0.18118,-0.11986,-0.1527,-0.14039,0.180704,0.143806,0.144642,0.135533,0.158374,0.153519,6,0.7627,0.01229
A24,-0.17268,-0.13464,-0.18118,-0.11986,-0.1527,-0.14039,0.180704,0.143806,0.144642,0.135533,0.158374,0.153519,8,0.9213,0.01479
A24,-0.17268,-0.13464,-0.18118,-0.11986,-0.1527,-0.14039,0.180704,0.143806,0.144642,0.135533,0.158374,0.153519,10,1.0464,0.0185
A25,-0.16383,-0.15503,-0.15334,-0.11504,-0.14384,-0.12364,0.151888,0.170354,0.14272,0.136951,0.148484,0.122473,-2,-0.194,0.00703
A25,-0.16383,-0.15503,-0.15334,-0.11504,-0.14384,-0.12364,0.151888,0.170354,0.14272,0.136951,0.148484,0.122473,0,0.0087,0.00604
A25,-0.16383,-0.15503,-0.15334,-0.11504,-0.14384,-0.12364,0.151888,0.170354,0.14272,0.136951,0.148484,0.122473,2,0.2229,0.00688
A25,-0.16383,-0.15503,-0.15334,-0.11504,-0.14384,-0.12364,0.151888,0.170354,0.14272,0.136951,0.148484,0.122473,4,0.5049,0.00887
A25,-0.16383,-0.15503,-0.15334,-0.11504,-0.14384,-0.12364,0.151888,0.170354,0.14272,0.136951,0.148484,0.122473,6,0.7556,0.01182
A25,-0.16383,-0.15503,-0.15334,-0.11504,-0.14384,-0.12364,0.151888,0.170354,0.14272,0.136951,0.148484,0.122473,8,0.8925,0.0155
A25,-0.16383,-0.15503,-0.15334,-0.11504,-0.14384,-0.12364,0.151888,0.170354,0.14272,0.136951,0.148484,0.122473,10,1.0133,0.02049
A26,-0.18552,-0.14681,-0.15452,-0.11788,-0.15396,-0.14796,0.165184,0.159359,0.153141,0.132515,0.135975,0.127683,-2,-0.2132,0.00726
A26,-0.18552,-0.14681,-0.15452,-0.11788,-0.15396,-0.14796,0.165184,0.159359,0.153141,0.132515,0.135975,0.127683,0,-0.0161,0.00604
A26,-0.18552,-0.14681,-0.15452,-0.11788,-0.15396,-0.14796,0.165184,0.159359,0.153141,0.132515,0.135975,0.127683,2,0.2218,0.00736
A26,-0.18552,-0.14681,-0.15452,-0.11788,-0.15396,-0.14796,0.165184,0.159359,0.153141,0.132515,0.135975,0.127683,4,0.5078,0.00944
A26,-0.18552,-0.14681,-0.15452,-0.11788,-0.15396,-0.14796,0.165184,0.159359,0.153141,0.132515,0.135975,0.127683,6,0.7682,0.012
A26,-0.18552,-0.14681,-0.15452,-0.11788,-0.15396,-0.14796,0.165184,0.159359,0.153141,0.132515,0.135975,0.127683,8,0.9119,0.01517
A26,-0.18552,-0.14681,-0.15452,-0.11788,-0.15396,-0.14796,0.165184,0.159359,0.153141,0.132515,0.135975,0.127683,10,1.0334,0.01931
A27,-0.15975,-0.16532,-0.1788,-0.12199,-0.13561,-0.1365,0.157857,0.164976,0.164495,0.136543,0.124757,0.14421,-2,-0.2076,0.00701
A27,-0.15975,-0.16532,-0.1788,-0.12199,-0.13561,-0.1365,0.157857,0.164976,0.164495,0.136543,0.124757,0.14421,0,0.0028,0.00682
A27,-0.15975,-0.16532,-0.1788,-0.12199,-0.13561,-0.1365,0.157857,0.164976,0.164495,0.136543,0.124757,0.14421,2,0.2048,0.0069
A27,-0.15975,-0.16532,-0.1788,-0.12199,-0.13561,-0.1365,0.157857,0.164976,0.164495,0.136543,0.124757,0.14421,4,0.4747,0.00848
A27,-0.15975,-0.16532,-0.1788,-0.12199,-0.13561,-0.1365,0.157857,0.164976,0.164495,0.136543,0.124757,0.14421,6,0.7547,0.01183
A27,-0.15975,-0.16532,-0.1788,-0.12199,-0.13561,-0.1365,0.157857,0.164976,0.164495,0.136543,0.124757,0.14421,8,0.8929,0.01522
A27,-0.15975,-0.16532,-0.1788,-0.12199,-0.13561,-0.1365,0.157857,0.164976,0.164495,0.136543,0.124757,0.14421,10,1.013,0.01994
A28,-0.1907,-0.17004,-0.1798,-0.13164,-0.13902,-0.1577,0.185999,0.173975,0.152003,0.120641,0.152237,0.149223,-2,-0.2326,0.00756
A28,-0.1907,-0.17004,-0.1798,-0.13164,-0.13902,-0.1577,0.185999,0.173975,0.152003,0.120641,0.152237,0.149223,0,-0.0083,0.00697
A28,-0.1907,-0.17004,-0.1798,-0.13164,-0.13902,-0.1577,0.185999,0.173975,0.152003,0.120641,0.152237,0.149223,2,0.1857,0.00751
A28,-0.1907,-0.17004,-0.1798,-0.13164,-0.13902,-0.1577,0.185999,0.173975,0.152003,0.120641,0.152237,0.149223,4,0.4672,0.00941
A28,-0.1907,-0.17004,-0.1798,-0.13164,-0.13902,-0.1577,0.185999,0.173975,0.152003,0.120641,0.152237,0.149223,6,0.7673,0.01159
A28,-0.1907,-0.17004,-0.1798,-0.13164,-0.13902,-0.1577,0.185999,0.173975,0.152003,0.120641,0.152237,0.149223,8,0.9253,0.01427
A28,-0.1907,-0.17004,-0.1798,-0.13164,-0.13902,-0.1577,0.185999,0.173975,0.152003,0.120641,0.152237,0.149223,10,1.0556,0.01796
A29,-0.18164,-0.13109,-0.14508,-0.11723,-0.16101,-0.11897,0.169678,0.144168,0.171718,0.116819,0.144119,0.13014,-2,-0.2002,0.00712
A29,-0.18164,-0.13109,-0.14508,-0.11723,-0.16101,-0.11897,0.169678,0.144168,0.171718,0.116819,0.144119,0.13014,0,0.0027,0.00601
A29,-0.18164,-0.13109,-0.14508,-0.11723,-0.16101,-0.11897,0.169678,0.144168,0.171718,0.116819,0.144119,0.13014,2,0.2204,0.00724
A29,-0.18164,-0.13109,-0.14508,-0.11723,-0.16101,-0.11897,0.169678,0.144168,0.171718,0.116819,0.144119,0.13014,4,0.5059,0.00938
A29,-0.18164,-0.13109,-0.14508,-0.11723,-0.16101,-0.11897,0.169678,0.144168,0.171718,0.116819,0.144119,0.13014,6,0.7716,0.01218
A29,-0.18164,-0.13109,-0.14508,-0.11723,-0.16101,-0.11897,0.169678,0.144168,0.171718,0.116819,0.144119,0.13014,8,0.9116,0.01492
A29,-0.18164,-0.13109,-0.14508,-0.11723,-0.16101,-0.11897,0.169678,0.144168,0.171718,0.116819,0.144119,0.13014,10,1.0308,0.01929
A30,-0.14913,-0.13505,-0.18212,-0.13945,-0.12337,-0.15917,0.152856,0.141296,0.162604,0.11965,0.157035,0.158072,-2,-0.2447,0.00733
A30,-0.14913,-0.13505,-0.18212,-0.13945,-0.12337,-0.15917,0.152856,0.141296,0.162604,0.11965,0.157035,0.158072,0,0.0028,0.00612
A30,-0.14913,-0.13505,-0.18212,-0.13945,-0.12337,-0.15917,0.152856,0.141296,0.162604,0.11965,0.157035,0.158072,2,0.2181,0.00655
A30,-0.14913,-0.13505,-0.18212,-0.13945,-0.12337,-0.15917,0.152856,0.141296,0.162604,0.11965,0.157035,0.158072,4,0.4799,0.00901
A30,-0.14913,-0.13505,-0.18212,-0.13945,-0.12337,-0.15917,0.152856,0.141296,0.162604,0.11965,0.157035,0.158072,6,0.7609,0.0126
A30,-0.14913,-0.13505,-0.18212,-0.13945,-0.12337,-0.15917,0.152856,0.141296,0.162604,0.11965,0.157035,0.158072,8,0.8984,0.01587
A30,-0.14913,-0.13505,-0.18212,-0.13945,-0.12337,-0.15917,0.152856,0.141296,0.162604,0.11965,0.157035,0.158072,10,1.0114,0.02105
A31,-0.17948,-0.16752,-0.14206,-0.14869,-0.14554,-0.1525,0.163549,0.1502,0.165178,0.129362,0.159402,0.151875,0,-0.0005,0.00601
A31,-0.17948,-0.16752,-0.14206,-0.14869,-0.14554,-0.1525,0.163549,0.1502,0.165178,0.129362,0.159402,0.151875,2,0.217,0.00698
A31,-0.17948,-0.16752,-0.14206,-0.14869,-0.14554,-0.1525,0.163549,0.1502,0.165178,0.129362,0.159402,0.151875,4,0.4831,0.00939
A31,-0.17948,-0.16752,-0.14206,-0.14869,-0.14554,-0.1525,0.163549,0.1502,0.165178,0.129362,0.159402,0.151875,6,0.7632,0.01256
A31,-0.17948,-0.16752,-0.14206,-0.14869,-0.14554,-0.1525,0.163549,0.1502,0.165178,0.129362,0.159402,0.151875,8,0.9142,0.01548
A31,-0.17948,-0.16752,-0.14206,-0.14869,-0.14554,-0.1525,0.163549,0.1502,0.165178,0.129362,0.159402,0.151875,10,1.0232,0.01965
A32,-0.18795,-0.15614,-0.16093,-0.11351,-0.16325,-0.15594,0.149819,0.138904,0.180392,0.115245,0.14344,0.15004,-2,-0.232,0.00755
A32,-0.18795,-0.15614,-0.16093,-0.11351,-0.16325,-0.15594,0.149819,0.138904,0.180392,0.115245,0.14344,0.15004,0,-0.0152,0.00599
A32,-0.18795,-0.15614,-0.16093,-0.11351,-0.16325,-0.15594,0.149819,0.138904,0.180392,0.115245,0.14344,0.15004,2,0.2238,0.00728
A32,-0.18795,-0.15614,-0.16093,-0.11351,-0.16325,-0.15594,0.149819,0.138904,0.180392,0.115245,0.14344,0.15004,4,0.506,0.0095
A32,-0.18795,-0.15614,-0.16093,-0.11351,-0.16325,-0.15594,0.149819,0.138904,0.180392,0.115245,0.14344,0.15004,6,0.7654,0.01308
A32,-0.18795,-0.15614,-0.16093,-0.11351,-0.16325,-0.15594,0.149819,0.138904,0.180392,0.115245,0.14344,0.15004,8,0.9008,0.01635
A32,-0.18795,-0.15614,-0.16093,-0.11351,-0.16325,-0.15594,0.149819,0.138904,0.180392,0.115245,0.14344,0.15004,10,1.0039,0.02136
A33,-0.18034,-0.15892,-0.17413,-0.13074,-0.16125,-0.13517,0.185104,0.171898,0.183331,0.136153,0.131993,0.145515,-2,-0.2009,0.00705
A33,-0.18034,-0.15892,-0.17413,-0.13074,-0.16125,-0.13517,0.185104,0.171898,0.183331,0.136153,0.131993,0.145515,0,-0.0077,0.00684
A33,-0.18034,-0.15892,-0.17413,-0.13074,-0.16125,-0.13517,0.185104,0.171898,0.183331,0.136153,0.131993,0.145515,2,0.2008,0.00734
A33,-0.18034,-0.15892,-0.17413,-0.13074,-0.16125,-0.13517,0.185104,0.171898,0.183331,0.136153,0.131993,0.145515,4,0.4658,0.00886
A33,-0.18034,-0.15892,-0.17413,-0.13074,-0.16125,-0.13517,0.185104,0.171898,0.183331,0.136153,0.131993,0.145515,6,0.7439,0.01149
A33,-0.18034,-0.15892,-0.17413,-0.13074,-0.16125,-0.13517,0.185104,0.171898,0.183331,0.136153,0.131993,0.145515,8,0.9305,0.01444
A33,-0.18034,-0.15892,-0.17413,-0.13074,-0.16125,-0.13517,0.185104,0.171898,0.183331,0.136153,0.131993,0.145515,10,1.0484,0.01798
A34,-0.1548,-0.13608,-0.18153,-0.13459,-0.14784,-0.12423,0.154217,0.136883,0.174009,0.133194,0.128559,0.137513,-2,-0.216,0.00657
A34,-0.1548,-0.13608,-0.18153,-0.13459,-0.14784,-0.12423,0.154217,0.136883,0.174009,0.133194,0.128559,0.137513,0,-0.0048,0.00633
A34,-0.1548,-0.13608,-0.18153,-0.13459,-0.14784,-0.12423,0.154217,0.136883,0.174009,0.133194,0.128559,0.137513,4,0.4374,0.0083
A34,-0.1548,-0.13608,-0.18153,-0.13459,-0.14784,-0.12423,0.154217,0.136883,0.174009,0.133194,0.128559,0.137513,6,0.7062,0.01231
A34,-0.1548,-0.13608,-0.18153,-0.13459,-0.14784,-0.12423,0.154217,0.136883,0.174009,0.133194,0.128559,0.137513,8,0.8755,0.01576
A34,-0.1548,-0.13608,-0.18153,-0.13459,-0.14784,-0.12423,0.154217,0.136883,0.174009,0.133194,0.128559,0.137513,10,0.9904,0.02107
A35,-0.16577,-0.1664,-0.16564,-0.13016,-0.13242,-0.15686,0.181572,0.154993,0.163068,0.14706,0.158913,0.159387,-2,-0.1896,0.00737
A35,-0.16577,-0.1664,-0.16564,-0.13016,-0.13242,-0.15686,0.181572,0.154993,0.163068,0.14706,0.158913,0.159387,0,0.026,0.00637
A35,-0.16577,-0.1664,-0.16564,-0.13016,-0.13242,-0.15686,0.181572,0.154993,0.163068,0.14706,0.158913,0.159387,2,0.2417,0.00692
A35,-0.16577,-0.1664,-0.16564,-0.13016,-0.13242,-0.15686,0.181572,0.154993,0.163068,0.14706,0.158913,0.159387,4,0.5139,0.00962
A35,-0.16577,-0.1664,-0.16564,-0.13016,-0.13242,-0.15686,0.181572,0.154993,0.163068,0.14706,0.158913,0.159387,6,0.7892,0.01217
A35,-0.16577,-0.1664,-0.16564,-0.13016,-0.13242,-0.15686,0.181572,0.154993,0.163068,0.14706,0.158913,0.159387,8,0.9323,0.0148
A35,-0.16577,-0.1664,-0.16564,-0.13016,-0.13242,-0.15686,0.181572,0.154993,0.163068,0.14706,0.158913,0.159387,10,1.0508,0.01885
A36,-0.18379,-0.14446,-0.16924,-0.13207,-0.15169,-0.14199,0.16789,0.166481,0.157719,0.129683,0.130566,0.147153,-2,-0.2261,0.00693
A36,-0.18379,-0.14446,-0.16924,-0.13207,-0.15169,-0.14199,0.16789,0.166481,0.157719,0.129683,0.130566,0.147153,0,-0.0144,0.00635
A36,-0.18379,-0.14446,-0.16924,-0.13207,-0.15169,-0.14199,0.16789,0.166481,0.157719,0.129683,0.130566,0.147153,2,0.1974,0.00726
A36,-0.18379,-0.14446,-0.16924,-0.13207,-0.15169,-0.14199,0.16789,0.166481,0.157719,0.129683,0.130566,0.147153,4,0.4697,0.00909
A36,-0.18379,-0.14446,-0.16924,-0.13207,-0.15169,-0.14199,0.16789,0.166481,0.157719,0.129683,0.130566,0.147153,6,0.7512,0.01179
A36,-0.18379,-0.14446,-0.16924,-0.13207,-0.15169,-0.14199,0.16789,0.166481,0.157719,0.129683,0.130566,0.147153,8,0.9149,0.01476
A36,-0.18379,-0.14446,-0.16924,-0.13207,-0.15169,-0.14199,0.16789,0.166481,0.157719,0.129683,0.130566,0.147153,10,1.0289,0.01908
A37,-0.15908,-0.15813,-0.17005,-0.13883,-0.1479,-0.12016,0.193581,0.166455,0.138912,0.122659,0.123599,0.148504,-2,-0.2437,0.0069
A37,-0.15908,-0.15813,-0.17005,-0.13883,-0.1479,-0.12016,0.193581,0.166455,0.138912,0.122659,0.123599,0.148504,0,-0.0114,0.00677
A37,-0.15908,-0.15813,-0.17005,-0.13883,-0.1479,-0.12016,0.193581,0.166455,0.138912,0.122659,0.123599,0.148504,2,0.1865,0.00768
A37,-0.15908,-0.15813,-0.17005,-0.13883,-0.1479,-0.12016,0.193581,0.166455,0.138912,0.122659,0.123599,0.148504,4,0.4293,0.0092
A37,-0.15908,-0.15813,-0.17005,-0.13883,-0.1479,-0.12016,0.193581,0.166455,0.138912,0.122659,0.123599,0.148504,6,0.7181,0.01133
A37,-0.15908,-0.15813,-0.17005,-0.13883,-0.1479,-0.12016,0.193581,0.166455,0.138912,0.122659,0.123599,0.148504,8,0.9131,0.0138
A37,-0.15908,-0.15813,-0.17005,-0.13883,-0.1479,-0.12016,0.193581,0.166455,0.138912,0.122659,0.123599,0.148504,10,1.0516,0.01735
A38,-0.18955,-0.16322,-0.1702,-0.14416,-0.12616,-0.12247,0.180089,0.132758,0.137402,0.141047,0.126568,0.155786,-2,-0.2478,0.00753
A38,-0.18955,-0.16322,-0.1702,-0.14416,-0.12616,-0.12247,0.180089,0.132758,0.137402,0.141047,0.126568,0.155786,0,0.0064,0.00636
A38,-0.18955,-0.16322,-0.1702,-0.14416,-0.12616,-0.12247,0.180089,0.132758,0.137402,0.141047,0.126568,0.155786,4,0.4296,0.00954
A38,-0.18955,-0.16322,-0.1702,-0.14416,-0.12616,-0.12247,0.180089,0.132758,0.137402,0.141047,0.126568,0.155786,6,0.7257,0.01205
A38,-0.18955,-0.16322,-0.1702,-0.14416,-0.12616,-0.12247,0.180089,0.132758,0.137402,0.141047,0.126568,0.155786,8,0.8791,0.01477
A38,-0.18955,-0.16322,-0.1702,-0.14416,-0.12616,-0.12247,0.180089,0.132758,0.137402,0.141047,0.126568,0.155786,10,1.0237,0.01862
A39,-0.16319,-0.14612,-0.15843,-0.14723,-0.12526,-0.15213,0.187553,0.135668,0.160454,0.153116,0.133239,0.124771,-2,-0.208,0.00678
A39,-0.16319,-0.14612,-0.15843,-0.14723,-0.12526,-0.15213,0.187553,0.135668,0.160454,0.153116,0.133239,0.124771,0,-0.0064,0.00628
A39,-0.16319,-0.14612,-0.15843,-0.14723,-0.12526,-0.15213,0.187553,0.135668,0.160454,0.153116,0.133239,0.124771,2,0.2107,0.00677
A39,-0.16319,-0.14612,-0.15843,-0.14723,-0.12526,-0.15213,0.187553,0.135668,0.160454,0.153116,0.133239,0.124771,4,0.4785,0.00979
A39,-0.16319,-0.14612,-0.15843,-0.14723,-0.12526,-0.15213,0.187553,0.135668,0.160454,0.153116,0.133239,0.124771,6,0.762,0.01223
A39,-0.16319,-0.14612,-0.15843,-0.14723,-0.12526,-0.15213,0.187553,0.135668,0.160454,0.153116,0.133239,0.124771,8,0.9081,0.01487
A39,-0.16319,-0.14612,-0.15843,-0.14723,-0.12526,-0.15213,0.187553,0.135668,0.160454,0.153116,0.133239,0.124771,10,1.044,0.01854
A40,-0.15614,-0.13032,-0.137,-0.12472,-0.12887,-0.12521,0.147406,0.13373,0.169506,0.131539,0.145484,0.126364,-2,-0.1884,0.00658
A40,-0.15614,-0.13032,-0.137,-0.12472,-0.12887,-0.12521,0.147406,0.13373,0.169506,0.131539,0.145484,0.126364,0,0.0179,0.00587
A40,-0.15614,-0.13032,-0.137,-0.12472,-0.12887,-0.12521,0.147406,0.13373,0.169506,0.131539,0.145484,0.126364,2,0.2546,0.00677
A40,-0.15614,-0.13032,-0.137,-0.12472,-0.12887,-0.12521,0.147406,0.13373,0.169506,0.131539,0.145484,0.126364,4,0.531,0.00919
A40,-0.15614,-0.13032,-0.137,-0.12472,-0.12887,-0.12521,0.147406,0.13373,0.169506,0.131539,0.145484,0.126364,6,0.7503,0.01254
A40,-0.15614,-0.13032,-0.137,-0.12472,-0.12887,-0.12521,0.147406,0.13373,0.169506,0.131539,0.145484,0.126364,8,0.8851,0.01632
A40,-0.15614,-0.13032,-0.137,-0.12472,-0.12887,-0.12521,0.147406,0.13373,0.169506,0.131539,0.145484,0.126364,10,1.0135,0.02144
A41,-0.14717,-0.13948,-0.14454,-0.1525,-0.15538,-0.12877,0.183691,0.168942,0.168304,0.14396,0.122596,0.12895,-2,-0.2113,0.00634
A41,-0.14717,-0.13948,-0.14454,-0.1525,-0.15538,-0.12877,0.183691,0.168942,0.168304,0.14396,0.122596,0.12895,0,-0.01,0.00658
A41,-0.14717,-0.13948,-0.14454,-0.1525,-0.15538,-0.12877,0.183691,0.168942,0.168304,0.14396,0.122596,0.12895,6,0.724,0.01134
A41,-0.14717,-0.13948,-0.14454,-0.1525,-0.15538,-0.12877,0.183691,0.168942,0.168304,0.14396,0.122596,0.12895,8,0.9357,0.01422
A41,-0.14717,-0.13948,-0.14454,-0.1525,-0.15538,-0.12877,0.183691,0.168942,0.168304,0.14396,0.122596,0.12895,10,1.0507,0.01801
A42,-0.15731,-0.14024,-0.16744,-0.15314,-0.16196,-0.12733,0.166859,0.130376,0.181527,0.139128,0.16439,0.121676,-2,-0.2112,0.00661
A42,-0.15731,-0.14024,-0.16744,-0.15314,-0.16196,-0.12733,0.166859,0.130376,0.181527,0.139128,0.16439,0.121676,0,-0.0042,0.00635
A42,-0.15731,-0.14024,-0.16744,-0.15314,-0.16196,-0.12733,0.166859,0.130376,0.181527,0.139128,0.16439,0.121676,2,0.2025,0.00671
A42,-0.15731,-0.14024,-0.16744,-0.15314,-0.16196,-0.12733,0.166859,0.130376,0.181527,0.139128,0.16439,0.121676,4,0.4116,0.00858
A42,-0.15731,-0.14024,-0.16744,-0.15314,-0.16196,-0.12733,0.166859,0.130376,0.181527,0.139128,0.16439,0.121676,6,0.6757,0.01228
A42,-0.15731,-0.14024,-0.16744,-0.15314,-0.16196,-0.12733,0.166859,0.130376,0.181527,0.139128,0.16439,0.121676,8,0.8992,0.01557
A42,-0.15731,-0.14024,-0.16744,-0.15314,-0.16196,-0.12733,0.166859,0.130376,0.181527,0.139128,0.16439,0.121676,10,1.0018,0.01978
A43,-0.16056,-0.14568,-0.13985,-0.12091,-0.14989,-0.14741,0.179333,0.131716,0.174699,0.130361,0.141602,0.150551,0,0.0144,0.00593
A43,-0.16056,-0.14568,-0.13985,-0.12091,-0.14989,-0.14741,0.179333,0.131716,0.174699,0.130361,0.141602,0.150551,2,0.2632,0.00742
A43,-0.16056,-0.14568,-0.13985,-0.12091,-0.14989,-0.14741,0.179333,0.131716,0.174699,0.130361,0.141602,0.150551,4,0.5304,0.01022
A43,-0.16056,-0.14568,-0.13985,-0.12091,-0.14989,-0.14741,0.179333,0.131716,0.174699,0.130361,0.141602,0.150551,6,0.7878,0.01249
A43,-0.16056,-0.14568,-0.13985,-0.12091,-0.14989,-0.14741,0.179333,0.131716,0.174699,0.130361,0.141602,0.150551,8,0.9317,0.01514
A43,-0.16056,-0.14568,-0.13985,-0.12091,-0.14989,-0.14741,0.179333,0.131716,0.174699,0.130361,0.141602,0.150551,10,1.0538,0.01896
A44,-0.14892,-0.13205,-0.15817,-0.13853,-0.12775,-0.12183,0.172313,0.163802,0.171339,0.114167,0.146861,0.13283,-2,-0.1982,0.00651
A44,-0.14892,-0.13205,-0.15817,-0.13853,-0.12775,-0.12183,0.172313,0.163802,0.171339,0.114167,0.146861,0.13283,0,0.0126,0.0064
A44,-0.14892,-0.13205,-0.15817,-0.13853,-0.12775,-0.12183,0.172313,0.163802,0.171339,0.114167,0.146861,0.13283,2,0.2203,0.00713
A44,-0.14892,-0.13205,-0.15817,-0.13853,-0.12775,-0.12183,0.172313,0.163802,0.171339,0.114167,0.146861,0.13283,4,0.485,0.00866
A44,-0.14892,-0.13205,-0.15817,-0.13853,-0.12775,-0.12183,0.172313,0.163802,0.171339,0.114167,0.146861,0.13283,6,0.7698,0.01138
A44,-0.14892,-0.13205,-0.15817,-0.13853,-0.12775,-0.12183,0.172313,0.163802,0.171339,0.114167,0.146861,0.13283,8,0.914,0.01437
A44,-0.14892,-0.13205,-0.15817,-0.13853,-0.12775,-0.12183,0.172313,0.163802,0.171339,0.114167,0.146861,0.13283,10,1.0443,0.0188
A45,-0.15598,-0.14984,-0.1841,-0.12308,-0.15583,-0.14064,0.192269,0.147629,0.155976,0.148671,0.140658,0.126863,-2,-0.2087,0.00688
A45,-0.15598,-0.14984,-0.1841,-0.12308,-0.15583,-0.14064,0.192269,0.147629,0.155976,0.148671,0.140658,0.126863,0,-0.0052,0.00631
A45,-0.15598,-0.14984,-0.1841,-0.12308,-0.15583,-0.14064,0.192269,0.147629,0.155976,0.148671,0.140658,0.126863,2,0.2004,0.00697
A45,-0.15598,-0.14984,-0.1841,-0.12308,-0.15583,-0.14064,0.192269,0.147629,0.155976,0.148671,0.140658,0.126863,4,0.4527,0.00958
A45,-0.15598,-0.14984,-0.1841,-0.12308,-0.15583,-0.14064,0.192269,0.147629,0.155976,0.148671,0.140658,0.126863,6,0.7403,0.01201
A45,-0.15598,-0.14984,-0.1841,-0.12308,-0.15583,-0.14064,0.192269,0.147629,0.155976,0.148671,0.140658,0.126863,8,0.9188,0.01447
A45,-0.15598,-0.14984,-0.1841,-0.12308,-0.15583,-0.14064,0.192269,0.147629,0.155976,0.148671,0.140658,0.126863,10,1.0473,0.01804
A46,-0.18697,-0.14166,-0.16153,-0.14107,-0.13052,-0.12785,0.176863,0.132425,0.148796,0.117944,0.147594,0.124111,-2,-0.2317,0.00719
A46,-0.18697,-0.14166,-0.16153,-0.14107,-0.13052,-0.12785,0.176863,0.132425,0.148796,0.117944,0.147594,0.124111,0,-0.0067,0.00608
A46,-0.18697,-0.14166,-0.16153,-0.14107,-0.13052,-0.12785,0.176863,0.132425,0.148796,0.117944,0.147594,0.124111,2,0.1894,0.00693
A46,-0.18697,-0.14166,-0.16153,-0.14107,-0.13052,-0.12785,0.176863,0.132425,0.148796,0.117944,0.147594,0.124111,4,0.4508,0.00957
A46,-0.18697,-0.14166,-0.16153,-0.14107,-0.13052,-0.12785,0.176863,0.132425,0.148796,0.117944,0.147594,0.124111,6,0.7379,0.0121
A46,-0.18697,-0.14166,-0.16153,-0.14107,-0.13052,-0.12785,0.176863,0.132425,0.148796,0.117944,0.147594,0.124111,8,0.885,0.0147
A46,-0.18697,-0.14166,-0.16153,-0.14107,-0.13052,-0.12785,0.176863,0.132425,0.148796,0.117944,0.147594,0.124111,10,1.0279,0.01859
A47,-0.17479,-0.16078,-0.15023,-0.15199,-0.14091,-0.14634,0.192526,0.161859,0.146457,0.128241,0.15107,0.140996,-2,-0.2245,0.00711
A47,-0.17479,-0.16078,-0.15023,-0.15199,-0.14091,-0.14634,0.192526,0.161859,0.146457,0.128241,0.15107,0.140996,0,-0.0068,0.00618
A47,-0.17479,-0.16078,-0.15023,-0.15199,-0.14091,-0.14634,0.192526,0.161859,0.146457,0.128241,0.15107,0.140996,4,0.4606,0.00968
A47,-0.17479,-0.16078,-0.15023,-0.15199,-0.14091,-0.14634,0.192526,0.161859,0.146457,0.128241,0.15107,0.140996,6,0.7499,0.01183
A47,-0.17479,-0.16078,-0.15023,-0.15199,-0.14091,-0.14634,0.192526,0.161859,0.146457,0.128241,0.15107,0.140996,8,0.9277,0.01427
A47,-0.17479,-0.16078,-0.15023,-0.15199,-0.14091,-0.14634,0.192526,0.161859,0.146457,0.128241,0.15107,0.140996,10,1.0588,0.01769
A48,-0.19443,-0.14851,-0.16706,-0.14287,-0.12212,-0.14281,0.189207,0.136234,0.142594,0.147805,0.13772,0.123563,-2,-0.2116,0.00716
A48,-0.19443,-0.14851,-0.16706,-0.14287,-0.12212,-0.14281,0.189207,0.136234,0.142594,0.147805,0.13772,0.123563,0,-0.0059,0.0064
A48,-0.19443,-0.14851,-0.16706,-0.14287,-0.12212,-0.14281,0.189207,0.136234,0.142594,0.147805,0.13772,0.123563,2,0.1917,0.00695
A48,-0.19443,-0.14851,-0.16706,-0.14287,-0.12212,-0.14281,0.189207,0.136234,0.142594,0.147805,0.13772,0.123563,4,0.4613,0.00985
A48,-0.19443,-0.14851,-0.16706,-0.14287,-0.12212,-0.14281,0.189207,0.136234,0.142594,0.147805,0.13772,0.123563,6,0.7415,0.0121
A48,-0.19443,-0.14851,-0.16706,-0.14287,-0.12212,-0.14281,0.189207,0.136234,0.142594,0.147805,0.13772,0.123563,8,0.8944,0.01458
A48,-0.19443,-0.14851,-0.16706,-0.14287,-0.12212,-0.14281,0.189207,0.136234,0.142594,0.147805,0.13772,0.123563,10,1.0399,0.01813
A49,-0.1875,-0.17364,-0.1393,-0.12776,-0.15921,-0.13387,0.194378,0.159664,0.177686,0.134976,0.139658,0.125465,-2,-0.1914,0.0076
A49,-0.1875,-0.17364,-0.1393,-0.12776,-0.15921,-0.13387,0.194378,0.159664,0.177686,0.134976,0.139658,0.125465,0,-0.0047,0.00661
A49,-0.1875,-0.17364,-0.1393,-0.12776,-0.15921,-0.13387,0.194378,0.159664,0.177686,0.134976,0.139658,0.125465,2,0.2116,0.00735
A49,-0.1875,-0.17364,-0.1393,-0.12776,-0.15921,-0.13387,0.194378,0.159664,0.177686,0.134976,0.139658,0.125465,6,0.7835,0.01188
A49,-0.1875,-0.17364,-0.1393,-0.12776,-0.15921,-0.13387,0.194378,0.159664,0.177686,0.134976,0.139658,0.125465,8,0.9307,0.01432
A49,-0.1875,-0.17364,-0.1393,-0.12776,-0.15921,-0.13387,0.194378,0.159664,0.177686,0.134976,0.139658,0.125465,10,1.0565,0.01789
A50,-0.1671,-0.15563,-0.13749,-0.13709,-0.1378,-0.14429,0.17438,0.165362,0.175395,0.137882,0.125657,0.160282,-2,-0.1892,0.00686
A50,-0.1671,-0.15563,-0.13749,-0.13709,-0.1378,-0.14429,0.17438,0.165362,0.175395,0.137882,0.125657,0.160282,0,0.008,0.00641
A50,-0.1671,-0.15563,-0.13749,-0.13709,-0.1378,-0.14429,0.17438,0.165362,0.175395,0.137882,0.125657,0.160282,2,0.2403,0.00741
A50,-0.1671,-0.15563,-0.13749,-0.13709,-0.1378,-0.14429,0.17438,0.165362,0.175395,0.137882,0.125657,0.160282,4,0.5303,0.00914
A50,-0.1671,-0.15563,-0.13749,-0.13709,-0.1378,-0.14429,0.17438,0.165362,0.175395,0.137882,0.125657,0.160282,6,0.7964,0.01183
A50,-0.1671,-0.15563,-0.13749,-0.13709,-0.1378,-0.14429,0.17438,0.165362,0.175395,0.137882,0.125657,0.160282,8,0.9355,0.0147
A50,-0.1671,-0.15563,-0.13749,-0.13709,-0.1378,-0.14429,0.17438,0.165362,0.175395,0.137882,0.125657,0.160282,10,1.05,0.01894
A51,-0.19409,-0.14796,-0.15546,-0.12415,-0.13594,-0.15378,0.156739,0.131216,0.166431,0.113791,0.129097,0.136386,-2,-0.2445,0.00753
A51,-0.19409,-0.14796,-0.15546,-0.12415,-0.13594,-0.15378,0.156739,0.131216,0.166431,0.113791,0.129097,0.136386,0,-0.0204,0.00606
A51,-0.19409,-0.14796,-0.15546,-0.12415,-0.13594,-0.15378,0.156739,0.131216,0.166431,0.113791,0.129097,0.136386,2,0.2169,0.00705
A51,-0.19409,-0.14796,-0.15546,-0.12415,-0.13594,-0.15378,0.156739,0.131216,0.166431,0.113791,0.129097,0.136386,4,0.4995,0.00974
A51,-0.19409,-0.14796,-0.15546,-0.12415,-0.13594,-0.15378,0.156739,0.131216,0.166431,0.113791,0.129097,0.136386,6,0.7403,0.0126
A51,-0.19409,-0.14796,-0.15546,-0.12415,-0.13594,-0.15378,0.156739,0.131216,0.166431,0.113791,0.129097,0.136386,8,0.8866,0.01578
A51,-0.19409,-0.14796,-0.15546,-0.12415,-0.13594,-0.15378,0.156739,0.131216,0.166431,0.113791,0.129097,0.136386,10,1.0111,0.02053
A52,-0.16412,-0.14525,-0.14802,-0.13289,-0.15477,-0.14989,0.15097,0.158189,0.180551,0.125327,0.160463,0.143359,-2,-0.2032,0.00671
A52,-0.16412,-0.14525,-0.14802,-0.13289,-0.15477,-0.14989,0.15097,0.158189,0.180551,0.125327,0.160463,0.143359,0,0.0036,0.00607
A52,-0.16412,-0.14525,-0.14802,-0.13289,-0.15477,-0.14989,0.15097,0.158189,0.180551,0.125327,0.160463,0.143359,4,0.5156,0.00904
A52,-0.16412,-0.14525,-0.14802,-0.13289,-0.15477,-0.14989,0.15097,0.158189,0.180551,0.125327,0.160463,0.143359,6,0.776,0.01279
A52,-0.16412,-0.14525,-0.14802,-0.13289,-0.15477,-0.14989,0.15097,0.158189,0.180551,0.125327,0.160463,0.143359,8,0.9166,0.01612
A52,-0.16412,-0.14525,-0.14802,-0.13289,-0.15477,-0.14989,0.15097,0.158189,0.180551,0.125327,0.160463,0.143359,10,1.0081,0.02118
A53,-0.17421,-0.13825,-0.14873,-0.12609,-0.1313,-0.15065,0.148997,0.162262,0.150577,0.149344,0.127479,0.148153,-2,-0.2022,0.00695
A53,-0.17421,-0.13825,-0.14873,-0.12609,-0.1313,-0.15065,0.148997,0.162262,0.150577,0.149344,0.127479,0.148153,0,0.0057,0.00598
A53,-0.17421,-0.13825,-0.14873,-0.12609,-0.1313,-0.15065,0.148997,0.162262,0.150577,0.149344,0.127479,0.148153,2,0.2582,0.00713
A53,-0.17421,-0.13825,-0.14873,-0.12609,-0.1313,-0.15065,0.148997,0.162262,0.150577,0.149344,0.127479,0.148153,4,0.5384,0.00916
A53,-0.17421,-0.13825,-0.14873,-0.12609,-0.1313,-0.15065,0.148997,0.162262,0.150577,0.149344,0.127479,0.148153,6,0.7688,0.01236
A53,-0.17421,-0.13825,-0.14873,-0.12609,-0.1313,-0.15065,0.148997,0.162262,0.150577,0.149344,0.127479,0.148153,8,0.9051,0.01594
A53,-0.17421,-0.13825,-0.14873,-0.12609,-0.1313,-0.15065,0.148997,0.162262,0.150577,0.149344,0.127479,0.148153,10,1.0148,0.02119
A54,-0.18228,-0.137,-0.15447,-0.1508,-0.15246,-0.13154,0.189368,0.153502,0.159851,0.141736,0.152783,0.129164,-2,-0.203,0.00675
A54,-0.18228,-0.137,-0.15447,-0.1508,-0.15246,-0.13154,0.189368,0.153502,0.159851,0.141736,0.152783,0.129164,0,-0.0003,0.00621
A54,-0.18228,-0.137,-0.15447,-0.1508,-0.15246,-0.13154,0.189368,0.153502,0.159851,0.141736,0.152783,0.129164,4,0.4519,0.00947
A54,-0.18228,-0.137,-0.15447,-0.1508,-0.15246,-0.13154,0.189368,0.153502,0.159851,0.141736,0.152783,0.129164,6,0.7255,0.01194
A54,-0.18228,-0.137,-0.15447,-0.1508,-0.15246,-0.13154,0.189368,0.153502,0.159851,0.141736,0.152783,0.129164,8,0.9256,0.01445
A54,-0.18228,-0.137,-0.15447,-0.1508,-0.15246,-0.13154,0.189368,0.153502,0.159851,0.141736,0.152783,0.129164,10,1.0461,0.01804
A55,-0.1616,-0.14235,-0.17482,-0.12647,-0.15779,-0.14353,0.172982,0.145535,0.16135,0.139407,0.136761,0.120784,-2,-0.2217,0.00669
A55,-0.1616,-0.14235,-0.17482,-0.12647,-0.15779,-0.14353,0.172982,0.145535,0.16135,0.139407,0.136761,0.120784,0,-0.0198,0.00616
A55,-0.1616,-0.14235,-0.17482,-0.12647,-0.15779,-0.14353,0.172982,0.145535,0.16135,0.139407,0.136761,0.120784,2,0.1974,0.00693
A55,-0.1616,-0.14235,-0.17482,-0.12647,-0.15779,-0.14353,0.172982,0.145535,0.16135,0.139407,0.136761,0.120784,4,0.4583,0.00924
A55,-0.1616,-0.14235,-0.17482,-0.12647,-0.15779,-0.14353,0.172982,0.145535,0.16135,0.139407,0.136761,0.120784,6,0.7366,0.01214
A55,-0.1616,-0.14235,-0.17482,-0.12647,-0.15779,-0.14353,0.172982,0.145535,0.16135,0.139407,0.136761,0.120784,8,0.9061,0.01506
A55,-0.1616,-0.14235,-0.17482,-0.12647,-0.15779,-0.14353,0.172982,0.145535,0.16135,0.139407,0.136761,0.120784,10,1.0261,0.0191
A56,-0.15226,-0.15284,-0.17762,-0.13606,-0.13487,-0.14554,0.165855,0.143197,0.182408,0.145548,0.122893,0.131462,-2,-0.212,0.00687
A56,-0.15226,-0.15284,-0.17762,-0.13606,-0.13487,-0.14554,0.165855,0.143197,0.182408,0.145548,0.122893,0.131462,0,-0.0082,0.00666
A56,-0.15226,-0.15284,-0.17762,-0.13606,-0.13487,-0.14554,0.165855,0.143197,0.182408,0.145548,0.122893,0.131462,2,0.2025,0.00677
A56,-0.15226,-0.15284,-0.17762,-0.13606,-0.13487,-0.14554,0.165855,0.143197,0.182408,0.145548,0.122893,0.131462,4,0.4682,0.00842
A56,-0.15226,-0.15284,-0.17762,-0.13606,-0.13487,-0.14554,0.165855,0.143197,0.182408,0.145548,0.122893,0.131462,6,0.7442,0.01222
A56,-0.15226,-0.15284,-0.17762,-0.13606,-0.13487,-0.14554,0.165855,0.143197,0.182408,0.145548,0.122893,0.131462,8,0.8953,0.01518
A56,-0.15226,-0.15284,-0.17762,-0.13606,-0.13487,-0.14554,0.165855,0.143197,0.182408,0.145548,0.122893,0.131462,10,1.0155,0.01962
A57,-0.17525,-0.16437,-0.1476,-0.13784,-0.13716,-0.13705,0.191508,0.144708,0.169207,0.123871,0.148949,0.14469,-2,-0.2076,0.00728
A57,-0.17525,-0.16437,-0.1476,-0.13784,-0.13716,-0.13705,0.191508,0.144708,0.169207,0.123871,0.148949,0.14469,0,0.0093,0.00622
A57,-0.17525,-0.16437,-0.1476,-0.13784,-0.13716,-0.13705,0.191508,0.144708,0.169207,0.123871,0.148949,0.14469,2,0.2144,0.00719
A57,-0.17525,-0.16437,-0.1476,-0.13784,-0.13716,-0.13705,0.191508,0.144708,0.169207,0.123871,0.148949,0.14469,4,0.4897,0.00968
A57,-0.17525,-0.16437,-0.1476,-0.13784,-0.13716,-0.13705,0.191508,0.144708,0.169207,0.123871,0.148949,0.14469,6,0.7745,0.01206
A57,-0.17525,-0.16437,-0.1476,-0.13784,-0.13716,-0.13705,0.191508,0.144708,0.169207,0.123871,0.148949,0.14469,8,0.9184,0.01462
A57,-0.17525,-0.16437,-0.1476,-0.13784,-0.13716,-0.13705,0.191508,0.144708,0.169207,0.123871,0.148949,0.14469,10,1.0528,0.01816
A58,-0.17895,-0.15988,-0.16484,-0.13366,-0.14983,-0.13841,0.1466,0.161052,0.157029,0.144626,0.159832,0.138386,-2,-0.201,0.00715
A58,-0.17895,-0.15988,-0.16484,-0.13366,-0.14983,-0.13841,0.1466,0.161052,0.157029,0.144626,0.159832,0.138386,0,0.0042,0.0062
A58,-0.17895,-0.15988,-0.16484,-0.13366,-0.14983,-0.13841,0.1466,0.161052,0.157029,0.144626,0.159832,0.138386,2,0.2152,0.00663
A58,-0.17895,-0.15988,-0.16484,-0.13366,-0.14983,-0.13841,0.1466,0.161052,0.157029,0.144626,0.159832,0.138386,4,0.4697,0.00874
A58,-0.17895,-0.15988,-0.16484,-0.13366,-0.14983,-0.13841,0.1466,0.161052,0.157029,0.144626,0.159832,0.138386,6,0.7456,0.01268
A58,-0.17895,-0.15988,-0.16484,-0.13366,-0.14983,-0.13841,0.1466,0.161052,0.157029,0.144626,0.159832,0.138386,8,0.8865,0.01618
A58,-0.17895,-0.15988,-0.16484,-0.13366,-0.14983,-0.13841,0.1466,0.161052,0.157029,0.144626,0.159832,0.138386,10,0.9882,0.02141
A59,-0.18121,-0.15104,-0.14097,-0.11941,-0.15056,-0.13321,0.177764,0.15073,0.139346,0.120868,0.129465,0.137068,-2,-0.2376,0.0076
A59,-0.18121,-0.15104,-0.14097,-0.11941,-0.15056,-0.13321,0.177764,0.15073,0.139346,0.120868,0.129465,0.137068,0,-0.0093,0.00589
A59,-0.18121,-0.15104,-0.14097,-0.11941,-0.15056,-0.13321,0.177764,0.15073,0.139346,0.120868,0.129465,0.137068,2,0.213,0.00761
A59,-0.18121,-0.15104,-0.14097,-0.11941,-0.15056,-0.13321,0.177764,0.15073,0.139346,0.120868,0.129465,0.137068,4,0.4982,0.00978
A59,-0.18121,-0.15104,-0.14097,-0.11941,-0.15056,-0.13321,0.177764,0.15073,0.139346,0.120868,0.129465,0.137068,6,0.7616,0.01186
A59,-0.18121,-0.15104,-0.14097,-0.11941,-0.15056,-0.13321,0.177764,0.15073,0.139346,0.120868,0.129465,0.137068,8,0.9122,0.01452
A59,-0.18121,-0.15104,-0.14097,-0.11941,-0.15056,-0.13321,0.177764,0.15073,0.139346,0.120868,0.129465,0.137068,10,1.0475,0.01828
A60,-0.17181,-0.1574,-0.17582,-0.13528,-0.14269,-0.12595,0.175304,0.15126,0.140657,0.142835,0.151666,0.141722,-2,-0.2115,0.00721
A60,-0.17181,-0.1574,-0.17582,-0.13528,-0.14269,-0.12595,0.175304,0.15126,0.140657,0.142835,0.151666,0.141722,0,0.0103,0.00628
A60,-0.17181,-0.1574,-0.17582,-0.13528,-0.14269,-0.12595,0.175304,0.15126,0.140657,0.142835,0.151666,0.141722,2,0.2036,0.00685
A60,-0.17181,-0.1574,-0.17582,-0.13528,-0.14269,-0.12595,0.175304,0.15126,0.140657,0.142835,0.151666,0.141722,4,0.4427,0.00924
A60,-0.17181,-0.1574,-0.17582,-0.13528,-0.14269,-0.12595,0.175304,0.15126,0.140657,0.142835,0.151666,0.141722,6,0.7295,0.01188
A60,-0.17181,-0.1574,-0.17582,-0.13528,-0.14269,-0.12595,0.175304,0.15126,0.140657,0.142835,0.151666,0.141722,8,0.8962,0.01474
A60,-0.17181,-0.1574,-0.17582,-0.13528,-0.14269,-0.12595,0.175304,0.15126,0.140657,0.142835,0.151666,0.141722,10,1.0296,0.01854
A61,-0.18873,-0.16212,-0.14369,-0.1294,-0.12821,-0.13551,0.190587,0.154161,0.183452,0.118579,0.144661,0.11943,-2,-0.1902,0.00741
A61,-0.18873,-0.16212,-0.14369,-0.1294,-0.12821,-0.13551,0.190587,0.154161,0.183452,0.118579,0.144661,0.11943,0,0.0033,0.00678
A61,-0.18873,-0.16212,-0.14369,-0.1294,-0.12821,-0.13551,0.190587,0.154161,0.183452,0.118579,0.144661,0.11943,2,0.2242,0.00721
A61,-0.18873,-0.16212,-0.14369,-0.1294,-0.12821,-0.13551,0.190587,0.154161,0.183452,0.118579,0.144661,0.11943,4,0.51,0.00922
A61,-0.18873,-0.16212,-0.14369,-0.1294,-0.12821,-0.13551,0.190587,0.154161,0.183452,0.118579,0.144661,0.11943,6,0.7633,0.01162
A61,-0.18873,-0.16212,-0.14369,-0.1294,-0.12821,-0.13551,0.190587,0.154161,0.183452,0.118579,0.144661,0.11943,8,0.9165,0.01437
A61,-0.18873,-0.16212,-0.14369,-0.1294,-0.12821,-0.13551,0.190587,0.154161,0.183452,0.118579,0.144661,0.11943,10,1.0579,0.018
A62,-0.17649,-0.15234,-0.1512,-0.14209,-0.13439,-0.13996,0.153318,0.167585,0.155218,0.130724,0.127245,0.146415,-2,-0.2222,0.0069
A62,-0.17649,-0.15234,-0.1512,-0.14209,-0.13439,-0.13996,0.153318,0.167585,0.155218,0.130724,0.127245,0.146415,0,-0.0083,0.00629
A62,-0.17649,-0.15234,-0.1512,-0.14209,-0.13439,-0.13996,0.153318,0.167585,0.155218,0.130724,0.127245,0.146415,2,0.2062,0.00707
A62,-0.17649,-0.15234,-0.1512,-0.14209,-0.13439,-0.13996,0.153318,0.167585,0.155218,0.130724,0.127245,0.146415,4,0.4853,0.00882
A62,-0.17649,-0.15234,-0.1512,-0.14209,-0.13439,-0.13996,0.153318,0.167585,0.155218,0.130724,0.127245,0.146415,6,0.7624,0.01205
A62,-0.17649,-0.15234,-0.1512,-0.14209,-0.13439,-0.13996,0.153318,0.167585,0.155218,0.130724,0.127245,0.146415,8,0.8963,0.01541
A62,-0.17649,-0.15234,-0.1512,-0.14209,-0.13439,-0.13996,0.153318,0.167585,0.155218,0.130724,0.127245,0.146415,10,1.0113,0.02022
A63,-0.18429,-0.17465,-0.13891,-0.14541,-0.12542,-0.13806,0.155219,0.16057,0.15891,0.146286,0.162951,0.142379,-2,-0.1804,0.00749
A63,-0.18429,-0.17465,-0.13891,-0.14541,-0.12542,-0.13806,0.155219,0.16057,0.15891,0.146286,0.162951,0.142379,0,0.0236,0.00635
A63,-0.18429,-0.17465,-0.13891,-0.14541,-0.12542,-0.13806,0.155219,0.16057,0.15891,0.146286,0.162951,0.142379,2,0.2327,0.00659
A63,-0.18429,-0.17465,-0.13891,-0.14541,-0.12542,-0.13806,0.155219,0.16057,0.15891,0.146286,0.162951,0.142379,4,0.5025,0.00889
A63,-0.18429,-0.17465,-0.13891,-0.14541,-0.12542,-0.13806,0.155219,0.16057,0.15891,0.146286,0.162951,0.142379,6,0.763,0.01231
A63,-0.18429,-0.17465,-0.13891,-0.14541,-0.12542,-0.13806,0.155219,0.16057,0.15891,0.146286,0.162951,0.142379,8,0.897,0.01553
A63,-0.18429,-0.17465,-0.13891,-0.14541,-0.12542,-0.13806,0.155219,0.16057,0.15891,0.146286,0.162951,0.142379,10,1.0144,0.02011
A64,-0.14639,-0.14088,-0.15284,-0.15135,-0.14607,-0.12115,0.196073,0.155561,0.16613,0.151994,0.134746,0.156214,-2,-0.1881,0.00645
A64,-0.14639,-0.14088,-0.15284,-0.15135,-0.14607,-0.12115,0.196073,0.155561,0.16613,0.151994,0.134746,0.156214,0,0.024,0.00637
A64,-0.14639,-0.14088,-0.15284,-0.15135,-0.14607,-0.12115,0.196073,0.155561,0.16613,0.151994,0.134746,0.156214,2,0.2241,0.00715
A64,-0.14639,-0.14088,-0.15284,-0.15135,-0.14607,-0.12115,0.196073,0.155561,0.16613,0.151994,0.134746,0.156214,4,0.4585,0.00918
A64,-0.14639,-0.14088,-0.15284,-0.15135,-0.14607,-0.12115,0.196073,0.155561,0.16613,0.151994,0.134746,0.156214,6,0.7348,0.01179
A64,-0.14639,-0.14088,-0.15284,-0.15135,-0.14607,-0.12115,0.196073,0.155561,0.16613,0.151994,0.134746,0.156214,8,0.9357,0.01431
A64,-0.14639,-0.14088,-0.15284,-0.15135,-0.14607,-0.12115,0.196073,0.155561,0.16613,0.151994,0.134746,0.156214,10,1.06,0.01777
A65,-0.17031,-0.17555,-0.15159,-0.13439,-0.14508,-0.12708,0.174046,0.146791,0.173763,0.134112,0.16328,0.134097,-2,-0.1873,0.00726
A65,-0.17031,-0.17555,-0.15159,-0.13439,-0.14508,-0.12708,0.174046,0.146791,0.173763,0.134112,0.16328,0.134097,0,0.0172,0.00632
A65,-0.17031,-0.17555,-0.15159,-0.13439,-0.14508,-0.12708,0.174046,0.146791,0.173763,0.134112,0.16328,0.134097,2,0.2184,0.00675
A65,-0.17031,-0.17555,-0.15159,-0.13439,-0.14508,-0.12708,0.174046,0.146791,0.173763,0.134112,0.16328,0.134097,4,0.4729,0.00906
A65,-0.17031,-0.17555,-0.15159,-0.13439,-0.14508,-0.12708,0.174046,0.146791,0.173763,0.134112,0.16328,0.134097,6,0.7603,0.01217
A65,-0.17031,-0.17555,-0.15159,-0.13439,-0.14508,-0.12708,0.174046,0.146791,0.173763,0.134112,0.16328,0.134097,8,0.9044,0.01491
A65,-0.17031,-0.17555,-0.15159,-0.13439,-0.14508,-0.12708,0.174046,0.146791,0.173763,0.134112,0.16328,0.134097,10,1.0286,0.01891
A66,-0.19251,-0.13627,-0.15998,-0.14846,-0.12415,-0.1446,0.148886,0.137846,0.177331,0.150061,0.164685,0.154919,-2,-0.1817,0.00708
A66,-0.19251,-0.13627,-0.15998,-0.14846,-0.12415,-0.1446,0.148886,0.137846,0.177331,0.150061,0.164685,0.154919,0,0.0253,0.00627
A66,-0.19251,-0.13627,-0.15998,-0.14846,-0.12415,-0.1446,0.148886,0.137846,0.177331,0.150061,0.164685,0.154919,2,0.2406,0.00653
A66,-0.19251,-0.13627,-0.15998,-0.14846,-0.12415,-0.1446,0.148886,0.137846,0.177331,0.150061,0.164685,0.154919,4,0.4975,0.00908
A66,-0.19251,-0.13627,-0.15998,-0.14846,-0.12415,-0.1446,0.148886,0.137846,0.177331,0.150061,0.164685,0.154919,6,0.7647,0.01308
A66,-0.19251,-0.13627,-0.15998,-0.14846,-0.12415,-0.1446,0.148886,0.137846,0.177331,0.150061,0.164685,0.154919,8,0.8879,0.0163
A66,-0.19251,-0.13627,-0.15998,-0.14846,-0.12415,-0.1446,0.148886,0.137846,0.177331,0.150061,0.164685,0.154919,10,0.9993,0.02125
B2,-0.17291,-0.01363,-0.12532,0.010608,-0.08963,-0.02529,0.180438,0.342167,0.120164,0.337406,0.167382,0.246759,-2,0.157,0.00912
B2,-0.17291,-0.01363,-0.12532,0.010608,-0.08963,-0.02529,0.180438,0.342167,0.120164,0.337406,0.167382,0.246759,0,0.3476,0.00724
B2,-0.17291,-0.01363,-0.12532,0.010608,-0.08963,-0.02529,0.180438,0.342167,0.120164,0.337406,0.167382,0.246759,2,0.651,0.00804
B2,-0.17291,-0.01363,-0.12532,0.010608,-0.08963,-0.02529,0.180438,0.342167,0.120164,0.337406,0.167382,0.246759,4,0.8177,0.00935
B2,-0.17291,-0.01363,-0.12532,0.010608,-0.08963,-0.02529,0.180438,0.342167,0.120164,0.337406,0.167382,0.246759,6,0.9917,0.01088
B2,-0.17291,-0.01363,-0.12532,0.010608,-0.08963,-0.02529,0.180438,0.342167,0.120164,0.337406,0.167382,0.246759,8,1.164,0.01256
B2,-0.17291,-0.01363,-0.12532,0.010608,-0.08963,-0.02529,0.180438,0.342167,0.120164,0.337406,0.167382,0.246759,10,1.3064,0.01524
B3,-0.17644,-0.01537,-0.1153,0.013382,-0.07278,-0.02355,0.158611,0.379983,0.105378,0.385564,0.162354,0.26906,-2,0.1924,0.00926
B3,-0.17644,-0.01537,-0.1153,0.013382,-0.07278,-0.02355,0.158611,0.379983,0.105378,0.385564,0.162354,0.26906,0,0.3894,0.0077
B3,-0.17644,-0.01537,-0.1153,0.013382,-0.07278,-0.02355,0.158611,0.379983,0.105378,0.385564,0.162354,0.26906,2,0.6832,0.00784
B3,-0.17644,-0.01537,-0.1153,0.013382,-0.07278,-0.02355,0.158611,0.379983,0.105378,0.385564,0.162354,0.26906,4,0.8472,0.00933
B3,-0.17644,-0.01537,-0.1153,0.013382,-0.07278,-0.02355,0.158611,0.379983,0.105378,0.385564,0.162354,0.26906,6,1.0203,0.01087
B3,-0.17644,-0.01537,-0.1153,0.013382,-0.07278,-0.02355,0.158611,0.379983,0.105378,0.385564,0.162354,0.26906,8,1.1839,0.01266
B3,-0.17644,-0.01537,-0.1153,0.013382,-0.07278,-0.02355,0.158611,0.379983,0.105378,0.385564,0.162354,0.26906,10,1.2282,0.02018
B4,-0.15644,-0.01757,-0.13382,0.011064,-0.07079,-0.02464,0.166338,0.344078,0.106401,0.41463,0.190683,0.259573,-2,0.2052,0.00927
B4,-0.15644,-0.01757,-0.13382,0.011064,-0.07079,-0.02464,0.166338,0.344078,0.106401,0.41463,0.190683,0.259573,0,0.3933,0.0069
B4,-0.15644,-0.01757,-0.13382,0.011064,-0.07079,-0.02464,0.166338,0.344078,0.106401,0.41463,0.190683,0.259573,2,0.7242,0.00708
B4,-0.15644,-0.01757,-0.13382,0.011064,-0.07079,-0.02464,0.166338,0.344078,0.106401,0.41463,0.190683,0.259573,4,0.882,0.00805
B4,-0.15644,-0.01757,-0.13382,0.011064,-0.07079,-0.02464,0.166338,0.344078,0.106401,0.41463,0.190683,0.259573,6,1.0169,0.01058
B4,-0.15644,-0.01757,-0.13382,0.011064,-0.07079,-0.02464,0.166338,0.344078,0.106401,0.41463,0.190683,0.259573,8,1.1484,0.013
B4,-0.15644,-0.01757,-0.13382,0.011064,-0.07079,-0.02464,0.166338,0.344078,0.106401,0.41463,0.190683,0.259573,10,1.217,0.01981
B5,-0.15433,-0.01345,-0.11741,0.01087,-0.07733,-0.02106,0.184859,0.29295,0.109111,0.347602,0.181124,0.291759,-2,0.1936,0.00873
B5,-0.15433,-0.01345,-0.11741,0.01087,-0.07733,-0.02106,0.184859,0.29295,0.109111,0.347602,0.181124,0.291759,2,0.7024,0.00692
B5,-0.15433,-0.01345,-0.11741,0.01087,-0.07733,-0.02106,0.184859,0.29295,0.109111,0.347602,0.181124,0.291759,4,0.8234,0.00923
B5,-0.15433,-0.01345,-0.11741,0.01087,-0.07733,-0.02106,0.184859,0.29295,0.109111,0.347602,0.181124,0.291759,6,0.9793,0.01112
B5,-0.15433,-0.01345,-0.11741,0.01087,-0.07733,-0.02106,0.184859,0.29295,0.109111,0.347602,0.181124,0.291759,8,1.1317,0.01315
B5,-0.15433,-0.01345,-0.11741,0.01087,-0.07733,-0.02106,0.184859,0.29295,0.109111,0.347602,0.181124,0.291759,10,1.2584,0.01695
B6,-0.13713,-0.01744,-0.1246,0.010714,-0.07163,-0.02138,0.194607,0.333409,0.114298,0.328424,0.167621,0.254616,-2,0.1716,0.00859
B6,-0.13713,-0.01744,-0.1246,0.010714,-0.07163,-0.02138,0.194607,0.333409,0.114298,0.328424,0.167621,0.254616,0,0.3607,0.00646
B6,-0.13713,-0.01744,-0.1246,0.010714,-0.07163,-0.02138,0.194607,0.333409,0.114298,0.328424,0.167621,0.254616,2,0.6437,0.0082
B6,-0.13713,-0.01744,-0.1246,0.010714,-0.07163,-0.02138,0.194607,0.333409,0.114298,0.328424,0.167621,0.254616,4,0.8159,0.00957
B6,-0.13713,-0.01744,-0.1246,0.010714,-0.07163,-0.02138,0.194607,0.333409,0.114298,0.328424,0.167621,0.254616,6,0.9957,0.01108
B6,-0.13713,-0.01744,-0.1246,0.010714,-0.07163,-0.02138,0.194607,0.333409,0.114298,0.328424,0.167621,0.254616,8,1.1727,0.01283
B6,-0.13713,-0.01744,-0.1246,0.010714,-0.07163,-0.02138,0.194607,0.333409,0.114298,0.328424,0.167621,0.254616,10,1.3295,0.01508
B7,-0.16732,-0.01467,-0.10386,0.010495,-0.06726,-0.02483,0.176605,0.306783,0.124454,0.350824,0.154509,0.26098,-2,0.1735,0.00908
B7,-0.16732,-0.01467,-0.10386,0.010495,-0.06726,-0.02483,0.176605,0.306783,0.124454,0.350824,0.154509,0.26098,0,0.3716,0.00729
B7,-0.16732,-0.01467,-0.10386,0.010495,-0.06726,-0.02483,0.176605,0.306783,0.124454,0.350824,0.154509,0.26098,2,0.6739,0.00706
B7,-0.16732,-0.01467,-0.10386,0.010495,-0.06726,-0.02483,0.176605,0.306783,0.124454,0.350824,0.154509,0.26098,4,0.8349,0.00858
B7,-0.16732,-0.01467,-0.10386,0.010495,-0.06726,-0.02483,0.176605,0.306783,0.124454,0.350824,0.154509,0.26098,6,1.0013,0.01051
B7,-0.16732,-0.01467,-0.10386,0.010495,-0.06726,-0.02483,0.176605,0.306783,0.124454,0.350824,0.154509,0.26098,8,1.1639,0.0127
B7,-0.16732,-0.01467,-0.10386,0.010495,-0.06726,-0.02483,0.176605,0.306783,0.124454,0.350824,0.154509,0.26098,10,1.2596,0.01783
B8,-0.17735,-0.01564,-0.10836,0.013153,-0.08658,-0.02097,0.153748,0.331728,0.096267,0.322886,0.153996,0.298196,-2,0.1644,0.00864
B8,-0.17735,-0.01564,-0.10836,0.013153,-0.08658,-0.02097,0.153748,0.331728,0.096267,0.322886,0.153996,0.298196,0,0.3599,0.00739
B8,-0.17735,-0.01564,-0.10836,0.013153,-0.08658,-0.02097,0.153748,0.331728,0.096267,0.322886,0.153996,0.298196,2,0.6456,0.00809
B8,-0.17735,-0.01564,-0.10836,0.013153,-0.08658,-0.02097,0.153748,0.331728,0.096267,0.322886,0.153996,0.298196,4,0.8076,0.00942
B8,-0.17735,-0.01564,-0.10836,0.013153,-0.08658,-0.02097,0.153748,0.331728,0.096267,0.322886,0.153996,0.298196,6,0.979,0.01084
B8,-0.17735,-0.01564,-0.10836,0.013153,-0.08658,-0.02097,0.153748,0.331728,0.096267,0.322886,0.153996,0.298196,8,1.1453,0.01268
B8,-0.17735,-0.01564,-0.10836,0.013153,-0.08658,-0.02097,0.153748,0.331728,0.096267,0.322886,0.153996,0.298196,10,1.2147,0.01982
B9,-0.13395,-0.01723,-0.12407,0.010668,-0.08568,-0.01949,0.182593,0.325804,0.100061,0.346262,0.176669,0.237389,-2,0.1637,0.00866
B9,-0.13395,-0.01723,-0.12407,0.010668,-0.08568,-0.01949,0.182593,0.325804,0.100061,0.346262,0.176669,0.237389,0,0.3624,0.00633
B9,-0.13395,-0.01723,-0.12407,0.010668,-0.08568,-0.01949,0.182593,0.325804,0.100061,0.346262,0.176669,0.237389,2,0.6531,0.00754
B9,-0.13395,-0.01723,-0.12407,0.010668,-0.08568,-0.01949,0.182593,0.325804,0.100061,0.346262,0.176669,0.237389,4,0.8088,0.00936
B9,-0.13395,-0.01723,-0.12407,0.010668,-0.08568,-0.01949,0.182593,0.325804,0.100061,0.346262,0.176669,0.237389,6,0.9819,0.01101
B9,-0.13395,-0.01723,-0.12407,0.010668,-0.08568,-0.01949,0.182593,0.325804,0.100061,0.346262,0.176669,0.237389,8,1.1552,0.01279
B9,-0.13395,-0.01723,-0.12407,0.010668,-0.08568,-0.01949,0.182593,0.325804,0.100061,0.346262,0.176669,0.237389,10,1.2946,0.01579
B10,-0.14676,-0.01671,-0.10615,0.011666,-0.07658,-0.02545,0.160399,0.295082,0.128823,0.389396,0.145735,0.232161,-2,0.1608,0.00934
B10,-0.14676,-0.01671,-0.10615,0.011666,-0.07658,-0.02545,0.160399,0.295082,0.128823,0.389396,0.145735,0.232161,0,0.3668,0.00681
B10,-0.14676,-0.01671,-0.10615,0.011666,-0.07658,-0.02545,0.160399,0.295082,0.128823,0.389396,0.145735,0.232161,2,0.6777,0.00708
B10,-0.14676,-0.01671,-0.10615,0.011666,-0.07658,-0.02545,0.160399,0.295082,0.128823,0.389396,0.145735,0.232161,4,0.8612,0.00751
B10,-0.14676,-0.01671,-0.10615,0.011666,-0.07658,-0.02545,0.160399,0.295082,0.128823,0.389396,0.145735,0.232161,6,1.0096,0.00979
B10,-0.14676,-0.01671,-0.10615,0.011666,-0.07658,-0.02545,0.160399,0.295082,0.128823,0.389396,0.145735,0.232161,8,1.141,0.01336
B10,-0.14676,-0.01671,-0.10615,0.011666,-0.07658,-0.02545,0.160399,0.295082,0.128823,0.389396,0.145735,0.232161,10,1.1935,0.02083
B11,-0.16115,-0.01715,-0.12767,0.012853,-0.08889,-0.02051,0.186451,0.369107,0.125028,0.419437,0.175778,0.294564,-2,0.2278,0.00938
B11,-0.16115,-0.01715,-0.12767,0.012853,-0.08889,-0.02051,0.186451,0.369107,0.125028,0.419437,0.175778,0.294564,0,0.4092,0.00695
B11,-0.16115,-0.01715,-0.12767,0.012853,-0.08889,-0.02051,0.186451,0.369107,0.125028,0.419437,0.175778,0.294564,2,0.7493,0.00764
B11,-0.16115,-0.01715,-0.12767,0.012853,-0.08889,-0.02051,0.186451,0.369107,0.125028,0.419437,0.175778,0.294564,4,0.8887,0.00909
B11,-0.16115,-0.01715,-0.12767,0.012853,-0.08889,-0.02051,0.186451,0.369107,0.125028,0.419437,0.175778,0.294564,6,1.0349,0.01095
B11,-0.16115,-0.01715,-0.12767,0.012853,-0.08889,-0.02051,0.186451,0.369107,0.125028,0.419437,0.175778,0.294564,8,1.1751,0.01292
B11,-0.16115,-0.01715,-0.12767,0.012853,-0.08889,-0.02051,0.186451,0.369107,0.125028,0.419437,0.175778,0.294564,10,1.3058,0.01576
B12,-0.13955,-0.01648,-0.11834,0.011504,-0.0727,-0.01976,0.162574,0.340306,0.107633,0.393703,0.18221,0.257319,-2,0.2008,0.00899
B12,-0.13955,-0.01648,-0.11834,0.011504,-0.0727,-0.01976,0.162574,0.340306,0.107633,0.393703,0.18221,0.257319,0,0.4067,0.00667
B12,-0.13955,-0.01648,-0.11834,0.011504,-0.0727,-0.01976,0.162574,0.340306,0.107633,0.393703,0.18221,0.257319,2,0.7119,0.00699
B12,-0.13955,-0.01648,-0.11834,0.011504,-0.0727,-0.01976,0.162574,0.340306,0.107633,0.393703,0.18221,0.257319,4,0.8655,0.00833
B12,-0.13955,-0.01648,-0.11834,0.011504,-0.0727,-0.01976,0.162574,0.340306,0.107633,0.393703,0.18221,0.257319,6,1.0168,0.01053
B12,-0.13955,-0.01648,-0.11834,0.011504,-0.0727,-0.01976,0.162574,0.340306,0.107633,0.393703,0.18221,0.257319,8,1.1619,0.01284
B12,-0.13955,-0.01648,-0.11834,0.011504,-0.0727,-0.01976,0.162574,0.340306,0.107633,0.393703,0.18221,0.257319,10,1.2178,0.02029
B13,-0.14281,-0.01706,-0.11383,0.013544,-0.08979,-0.02062,0.168842,0.319264,0.116682,0.365612,0.15737,0.304645,-2,0.1985,0.00868
B13,-0.14281,-0.01706,-0.11383,0.013544,-0.08979,-0.02062,0.168842,0.319264,0.116682,0.365612,0.15737,0.304645,0,0.3969,0.00653
B13,-0.14281,-0.01706,-0.11383,0.013544,-0.08979,-0.02062,0.168842,0.319264,0.116682,0.365612,0.15737,0.304645,2,0.7146,0.00726
B13,-0.14281,-0.01706,-0.11383,0.013544,-0.08979,-0.02062,0.168842,0.319264,0.116682,0.365612,0.15737,0.304645,4,0.8547,0.00874
B13,-0.14281,-0.01706,-0.11383,0.013544,-0.08979,-0.02062,0.168842,0.319264,0.116682,0.365612,0.15737,0.304645,6,1.0054,0.01062
B13,-0.14281,-0.01706,-0.11383,0.013544,-0.08979,-0.02062,0.168842,0.319264,0.116682,0.365612,0.15737,0.304645,8,1.1524,0.0127
B13,-0.14281,-0.01706,-0.11383,0.013544,-0.08979,-0.02062,0.168842,0.319264,0.116682,0.365612,0.15737,0.304645,10,1.2287,0.01881
B14,-0.1528,-0.01455,-0.10273,0.012975,-0.07562,-0.02071,0.16736,0.304024,0.118885,0.341088,0.159331,0.303974,-2,0.1934,0.0086
B14,-0.1528,-0.01455,-0.10273,0.012975,-0.07562,-0.02071,0.16736,0.304024,0.118885,0.341088,0.159331,0.303974,0,0.384,0.00629
B14,-0.1528,-0.01455,-0.10273,0.012975,-0.07562,-0.02071,0.16736,0.304024,0.118885,0.341088,0.159331,0.303974,2,0.6961,0.00713
B14,-0.1528,-0.01455,-0.10273,0.012975,-0.07562,-0.02071,0.16736,0.304024,0.118885,0.341088,0.159331,0.303974,4,0.8401,0.00879
B14,-0.1528,-0.01455,-0.10273,0.012975,-0.07562,-0.02071,0.16736,0.304024,0.118885,0.341088,0.159331,0.303974,6,0.998,0.01067
B14,-0.1528,-0.01455,-0.10273,0.012975,-0.07562,-0.02071,0.16736,0.304024,0.118885,0.341088,0.159331,0.303974,8,1.1526,0.01281
B14,-0.1528,-0.01455,-0.10273,0.012975,-0.07562,-0.02071,0.16736,0.304024,0.118885,0.341088,0.159331,0.303974,10,1.2324,0.01904
B15,-0.1783,-0.01663,-0.12186,0.013776,-0.07861,-0.02325,0.174559,0.38177,0.102645,0.34236,0.16348,0.306595,-2,0.189,0.00902
B15,-0.1783,-0.01663,-0.12186,0.013776,-0.07861,-0.02325,0.174559,0.38177,0.102645,0.34236,0.16348,0.306595,0,0.362,0.00844
B15,-0.1783,-0.01663,-0.12186,0.013776,-0.07861,-0.02325,0.174559,0.38177,0.102645,0.34236,0.16348,0.306595,2,0.6636,0.00892
B15,-0.1783,-0.01663,-0.12186,0.013776,-0.07861,-0.02325,0.174559,0.38177,0.102645,0.34236,0.16348,0.306595,4,0.8334,0.01001
B15,-0.1783,-0.01663,-0.12186,0.013776,-0.07861,-0.02325,0.174559,0.38177,0.102645,0.34236,0.16348,0.306595,6,1.01,0.01139
B15,-0.1783,-0.01663,-0.12186,0.013776,-0.07861,-0.02325,0.174559,0.38177,0.102645,0.34236,0.16348,0.306595,8,1.1829,0.01284
B15,-0.1783,-0.01663,-0.12186,0.013776,-0.07861,-0.02325,0.174559,0.38177,0.102645,0.34236,0.16348,0.306595,10,1.3293,0.01492
B16,-0.17477,-0.01418,-0.1187,0.012498,-0.08004,-0.02203,0.158084,0.309116,0.101319,0.415525,0.171926,0.229377,-2,0.189,0.00902
B16,-0.17477,-0.01418,-0.1187,0.012498,-0.08004,-0.02203,0.158084,0.309116,0.101319,0.415525,0.171926,0.229377,0,0.362,0.00844
B16,-0.17477,-0.01418,-0.1187,0.012498,-0.08004,-0.02203,0.158084,0.309116,0.101319,0.415525,0.171926,0.229377,2,0.6636,0.00892
B16,-0.17477,-0.01418,-0.1187,0.012498,-0.08004,-0.02203,0.158084,0.309116,0.101319,0.415525,0.171926,0.229377,4,0.8334,0.01001
B16,-0.17477,-0.01418,-0.1187,0.012498,-0.08004,-0.02203,0.158084,0.309116,0.101319,0.415525,0.171926,0.229377,6,1.01,0.01139
B16,-0.17477,-0.01418,-0.1187,0.012498,-0.08004,-0.02203,0.158084,0.309116,0.101319,0.415525,0.171926,0.229377,8,1.1829,0.01284
B16,-0.17477,-0.01418,-0.1187,0.012498,-0.08004,-0.02203,0.158084,0.309116,0.101319,0.415525,0.171926,0.229377,10,1.3293,0.01492
B17,-0.15241,-0.01735,-0.11316,0.013274,-0.07604,-0.02249,0.156852,0.355294,0.101718,0.38034,0.16452,0.270806,-2,0.192,0.00895
B17,-0.15241,-0.01735,-0.11316,0.013274,-0.07604,-0.02249,0.156852,0.355294,0.101718,0.38034,0.16452,0.270806,0,0.3823,0.00652
B17,-0.15241,-0.01735,-0.11316,0.013274,-0.07604,-0.02249,0.156852,0.355294,0.101718,0.38034,0.16452,0.270806,2,0.6927,0.00731
B17,-0.15241,-0.01735,-0.11316,0.013274,-0.07604,-0.02249,0.156852,0.355294,0.101718,0.38034,0.16452,0.270806,4,0.8456,0.00899
B17,-0.15241,-0.01735,-0.11316,0.013274,-0.07604,-0.02249,0.156852,0.355294,0.101718,0.38034,0.16452,0.270806,6,1.011,0.01073
B17,-0.15241,-0.01735,-0.11316,0.013274,-0.07604,-0.02249,0.156852,0.355294,0.101718,0.38034,0.16452,0.270806,8,1.1707,0.01266
B17,-0.15241,-0.01735,-0.11316,0.013274,-0.07604,-0.02249,0.156852,0.355294,0.101718,0.38034,0.16452,0.270806,10,1.2175,0.02035
B18,-0.13607,-0.01359,-0.1325,0.011765,-0.06933,-0.02434,0.144922,0.304694,0.123115,0.407635,0.189558,0.261825,-2,0.2003,0.00908
B18,-0.13607,-0.01359,-0.1325,0.011765,-0.06933,-0.02434,0.144922,0.304694,0.123115,0.407635,0.189558,0.261825,0,0.4102,0.00698
B18,-0.13607,-0.01359,-0.1325,0.011765,-0.06933,-0.02434,0.144922,0.304694,0.123115,0.407635,0.189558,0.261825,2,0.7249,0.0072
B18,-0.13607,-0.01359,-0.1325,0.011765,-0.06933,-0.02434,0.144922,0.304694,0.123115,0.407635,0.189558,0.261825,4,0.9043,0.00751
B18,-0.13607,-0.01359,-0.1325,0.011765,-0.06933,-0.02434,0.144922,0.304694,0.123115,0.407635,0.189558,0.261825,6,1.0233,0.00984
B18,-0.13607,-0.01359,-0.1325,0.011765,-0.06933,-0.02434,0.144922,0.304694,0.123115,0.407635,0.189558,0.261825,8,1.0612,0.01633
B18,-0.13607,-0.01359,-0.1325,0.011765,-0.06933,-0.02434,0.144922,0.304694,0.123115,0.407635,0.189558,0.261825,10,1.1395,0.02395
B19,-0.13643,-0.01767,-0.12582,0.011887,-0.08625,-0.02449,0.161454,0.324053,0.104505,0.317141,0.185261,0.252323,-2,0.1593,0.00838
B19,-0.13643,-0.01767,-0.12582,0.011887,-0.08625,-0.02449,0.161454,0.324053,0.104505,0.317141,0.185261,0.252323,0,0.36,0.00621
B19,-0.13643,-0.01767,-0.12582,0.011887,-0.08625,-0.02449,0.161454,0.324053,0.104505,0.317141,0.185261,0.252323,2,0.6464,0.00768
B19,-0.13643,-0.01767,-0.12582,0.011887,-0.08625,-0.02449,0.161454,0.324053,0.104505,0.317141,0.185261,0.252323,4,0.8051,0.00924
B19,-0.13643,-0.01767,-0.12582,0.011887,-0.08625,-0.02449,0.161454,0.324053,0.104505,0.317141,0.185261,0.252323,6,0.9768,0.01081
B19,-0.13643,-0.01767,-0.12582,0.011887,-0.08625,-0.02449,0.161454,0.324053,0.104505,0.317141,0.185261,0.252323,8,1.1454,0.01261
B19,-0.13643,-0.01767,-0.12582,0.011887,-0.08625,-0.02449,0.161454,0.324053,0.104505,0.317141,0.185261,0.252323,10,1.2249,0.01925
B20,-0.16008,-0.0152,-0.10588,0.013689,-0.08397,-0.02369,0.169977,0.367231,0.097369,0.319307,0.182786,0.269776,-2,0.177,0.00873
B20,-0.16008,-0.0152,-0.10588,0.013689,-0.08397,-0.02369,0.169977,0.367231,0.097369,0.319307,0.182786,0.269776,0,0.3455,0.00763
B20,-0.16008,-0.0152,-0.10588,0.013689,-0.08397,-0.02369,0.169977,0.367231,0.097369,0.319307,0.182786,0.269776,2,0.6498,0.00878
B20,-0.16008,-0.0152,-0.10588,0.013689,-0.08397,-0.02369,0.169977,0.367231,0.097369,0.319307,0.182786,0.269776,4,0.8212,0.00989
B20,-0.16008,-0.0152,-0.10588,0.013689,-0.08397,-0.02369,0.169977,0.367231,0.097369,0.319307,0.182786,0.269776,6,0.9982,0.01137
B20,-0.16008,-0.0152,-0.10588,0.013689,-0.08397,-0.02369,0.169977,0.367231,0.097369,0.319307,0.182786,0.269776,8,1.1741,0.01275
B20,-0.16008,-0.0152,-0.10588,0.013689,-0.08397,-0.02369,0.169977,0.367231,0.097369,0.319307,0.182786,0.269776,10,1.2995,0.01644
B21,-0.1384,-0.01751,-0.12836,0.011323,-0.08759,-0.01903,0.155486,0.373403,0.111225,0.398772,0.156586,0.297033,-2,0.2068,0.00887
B21,-0.1384,-0.01751,-0.12836,0.011323,-0.08759,-0.01903,0.155486,0.373403,0.111225,0.398772,0.156586,0.297033,0,0.4002,0.00675
B21,-0.1384,-0.01751,-0.12836,0.011323,-0.08759,-0.01903,0.155486,0.373403,0.111225,0.398772,0.156586,0.297033,2,0.7181,0.00765
B21,-0.1384,-0.01751,-0.12836,0.011323,-0.08759,-0.01903,0.155486,0.373403,0.111225,0.398772,0.156586,0.297033,4,0.8667,0.00901
B21,-0.1384,-0.01751,-0.12836,0.011323,-0.08759,-0.01903,0.155486,0.373403,0.111225,0.398772,0.156586,0.297033,6,1.0258,0.01066
B21,-0.1384,-0.01751,-0.12836,0.011323,-0.08759,-0.01903,0.155486,0.373403,0.111225,0.398772,0.156586,0.297033,8,1.1739,0.01261
B21,-0.1384,-0.01751,-0.12836,0.011323,-0.08759,-0.01903,0.155486,0.373403,0.111225,0.398772,0.156586,0.297033,10,1.2053,0.02087
B22,-0.14938,-0.01574,-0.13003,0.01123,-0.07759,-0.02509,0.159249,0.375414,0.103418,0.334305,0.183327,0.282999,-2,0.186,0.00861
B22,-0.14938,-0.01574,-0.13003,0.01123,-0.07759,-0.02509,0.159249,0.375414,0.103418,0.334305,0.183327,0.282999,0,0.3567,0.00678
B22,-0.14938,-0.01574,-0.13003,0.01123,-0.07759,-0.02509,0.159249,0.375414,0.103418,0.334305,0.183327,0.282999,2,0.6602,0.00859
B22,-0.14938,-0.01574,-0.13003,0.01123,-0.07759,-0.02509,0.159249,0.375414,0.103418,0.334305,0.183327,0.282999,4,0.8278,0.00976
B22,-0.14938,-0.01574,-0.13003,0.01123,-0.07759,-0.02509,0.159249,0.375414,0.103418,0.334305,0.183327,0.282999,6,1.0032,0.01121
B22,-0.14938,-0.01574,-0.13003,0.01123,-0.07759,-0.02509,0.159249,0.375414,0.103418,0.334305,0.183327,0.282999,8,1.173,0.01264
B22,-0.14938,-0.01574,-0.13003,0.01123,-0.07759,-0.02509,0.159249,0.375414,0.103418,0.334305,0.183327,0.282999,10,1.237,0.01951
B23,-0.15192,-0.01602,-0.11993,0.013412,-0.08133,-0.02404,0.19322,0.377794,0.098761,0.349165,0.18005,0.276478,-2,0.194,0.00884
B23,-0.15192,-0.01602,-0.11993,0.013412,-0.08133,-0.02404,0.19322,0.377794,0.098761,0.349165,0.18005,0.276478,0,0.3543,0.00719
B23,-0.15192,-0.01602,-0.11993,0.013412,-0.08133,-0.02404,0.19322,0.377794,0.098761,0.349165,0.18005,0.276478,2,0.6673,0.00897
B23,-0.15192,-0.01602,-0.11993,0.013412,-0.08133,-0.02404,0.19322,0.377794,0.098761,0.349165,0.18005,0.276478,4,0.8356,0.01013
B23,-0.15192,-0.01602,-0.11993,0.013412,-0.08133,-0.02404,0.19322,0.377794,0.098761,0.349165,0.18005,0.276478,6,1.01,0.01163
B23,-0.15192,-0.01602,-0.11993,0.013412,-0.08133,-0.02404,0.19322,0.377794,0.098761,0.349165,0.18005,0.276478,8,1.1848,0.01331
B23,-0.15192,-0.01602,-0.11993,0.013412,-0.08133,-0.02404,0.19322,0.377794,0.098761,0.349165,0.18005,0.276478,10,1.3374,0.01501
B24,-0.15622,-0.01374,-0.13128,0.010995,-0.08337,-0.02227,0.178757,0.313398,0.100805,0.372156,0.186044,0.296504,-2,0.2023,0.00886
B24,-0.15622,-0.01374,-0.13128,0.010995,-0.08337,-0.02227,0.178757,0.313398,0.100805,0.372156,0.186044,0.296504,0,0.3884,0.00645
B24,-0.15622,-0.01374,-0.13128,0.010995,-0.08337,-0.02227,0.178757,0.313398,0.100805,0.372156,0.186044,0.296504,2,0.7203,0.00701
B24,-0.15622,-0.01374,-0.13128,0.010995,-0.08337,-0.02227,0.178757,0.313398,0.100805,0.372156,0.186044,0.296504,4,0.8331,0.00919
B24,-0.15622,-0.01374,-0.13128,0.010995,-0.08337,-0.02227,0.178757,0.313398,0.100805,0.372156,0.186044,0.296504,6,0.9811,0.01112
B24,-0.15622,-0.01374,-0.13128,0.010995,-0.08337,-0.02227,0.178757,0.313398,0.100805,0.372156,0.186044,0.296504,8,1.1261,0.0131
B24,-0.15622,-0.01374,-0.13128,0.010995,-0.08337,-0.02227,0.178757,0.313398,0.100805,0.372156,0.186044,0.296504,10,1.2495,0.01702
B25,-0.14821,-0.01582,-0.1111,0.010553,-0.07853,-0.01961,0.150252,0.371254,0.099465,0.376051,0.174426,0.236542,-2,0.1785,0.00904
B25,-0.14821,-0.01582,-0.1111,0.010553,-0.07853,-0.01961,0.150252,0.371254,0.099465,0.376051,0.174426,0.236542,0,0.3717,0.00652
B25,-0.14821,-0.01582,-0.1111,0.010553,-0.07853,-0.01961,0.150252,0.371254,0.099465,0.376051,0.174426,0.236542,2,0.6732,0.00745
B25,-0.14821,-0.01582,-0.1111,0.010553,-0.07853,-0.01961,0.150252,0.371254,0.099465,0.376051,0.174426,0.236542,4,0.8357,0.00906
B25,-0.14821,-0.01582,-0.1111,0.010553,-0.07853,-0.01961,0.150252,0.371254,0.099465,0.376051,0.174426,0.236542,6,1.0086,0.01069
B25,-0.14821,-0.01582,-0.1111,0.010553,-0.07853,-0.01961,0.150252,0.371254,0.099465,0.376051,0.174426,0.236542,8,1.1739,0.01267
B25,-0.14821,-0.01582,-0.1111,0.010553,-0.07853,-0.01961,0.150252,0.371254,0.099465,0.376051,0.174426,0.236542,10,1.2036,0.02155
B26,-0.16783,-0.01499,-0.11196,0.010814,-0.08406,-0.02347,0.163405,0.347293,0.106728,0.363871,0.159731,0.246605,-2,0.1652,0.00915
B26,-0.16783,-0.01499,-0.11196,0.010814,-0.08406,-0.02347,0.163405,0.347293,0.106728,0.363871,0.159731,0.246605,0,0.3593,0.00713
B26,-0.16783,-0.01499,-0.11196,0.010814,-0.08406,-0.02347,0.163405,0.347293,0.106728,0.363871,0.159731,0.246605,2,0.6657,0.00745
B26,-0.16783,-0.01499,-0.11196,0.010814,-0.08406,-0.02347,0.163405,0.347293,0.106728,0.363871,0.159731,0.246605,4,0.8267,0.00903
B26,-0.16783,-0.01499,-0.11196,0.010814,-0.08406,-0.02347,0.163405,0.347293,0.106728,0.363871,0.159731,0.246605,6,0.9985,0.01067
B26,-0.16783,-0.01499,-0.11196,0.010814,-0.08406,-0.02347,0.163405,0.347293,0.106728,0.363871,0.159731,0.246605,8,1.1663,0.01251
B26,-0.16783,-0.01499,-0.11196,0.010814,-0.08406,-0.02347,0.163405,0.347293,0.106728,0.363871,0.159731,0.246605,10,1.2325,0.0192
B27,-0.14453,-0.01688,-0.12955,0.01119,-0.07404,-0.02166,0.156156,0.359533,0.114641,0.37493,0.146553,0.278523,-2,0.1837,0.00886
B27,-0.14453,-0.01688,-0.12955,0.01119,-0.07404,-0.02166,0.156156,0.359533,0.114641,0.37493,0.146553,0.278523,0,0.3735,0.00665
B27,-0.14453,-0.01688,-0.12955,0.01119,-0.07404,-0.02166,0.156156,0.359533,0.114641,0.37493,0.146553,0.278523,2,0.6814,0.00757
B27,-0.14453,-0.01688,-0.12955,0.01119,-0.07404,-0.02166,0.156156,0.359533,0.114641,0.37493,0.146553,0.278523,4,0.8443,0.00895
B27,-0.14453,-0.01688,-0.12955,0.01119,-0.07404,-0.02166,0.156156,0.359533,0.114641,0.37493,0.146553,0.278523,6,1.0157,0.01053
B27,-0.14453,-0.01688,-0.12955,0.01119,-0.07404,-0.02166,0.156156,0.359533,0.114641,0.37493,0.146553,0.278523,8,1.1788,0.01246
B27,-0.14453,-0.01688,-0.12955,0.01119,-0.07404,-0.02166,0.156156,0.359533,0.114641,0.37493,0.146553,0.278523,10,1.2148,0.02055
B28,-0.17252,-0.01736,-0.13027,0.012075,-0.0759,-0.02502,0.183995,0.379146,0.105935,0.331266,0.178834,0.288206,-2,0.1837,0.00896
B28,-0.17252,-0.01736,-0.13027,0.012075,-0.0759,-0.02502,0.183995,0.379146,0.105935,0.331266,0.178834,0.288206,0,0.3505,0.00822
B28,-0.17252,-0.01736,-0.13027,0.012075,-0.0759,-0.02502,0.183995,0.379146,0.105935,0.331266,0.178834,0.288206,2,0.6551,0.009
B28,-0.17252,-0.01736,-0.13027,0.012075,-0.0759,-0.02502,0.183995,0.379146,0.105935,0.331266,0.178834,0.288206,4,0.8272,0.0101
B28,-0.17252,-0.01736,-0.13027,0.012075,-0.0759,-0.02502,0.183995,0.379146,0.105935,0.331266,0.178834,0.288206,6,1.0052,0.01157
B28,-0.17252,-0.01736,-0.13027,0.012075,-0.0759,-0.02502,0.183995,0.379146,0.105935,0.331266,0.178834,0.288206,8,1.182,0.013
B28,-0.17252,-0.01736,-0.13027,0.012075,-0.0759,-0.02502,0.183995,0.379146,0.105935,0.331266,0.178834,0.288206,10,1.335,0.01482
B29,-0.16433,-0.01338,-0.10512,0.010754,-0.08791,-0.01887,0.167849,0.314186,0.119675,0.32077,0.169298,0.25135,-2,0.1595,0.00886
B29,-0.16433,-0.01338,-0.10512,0.010754,-0.08791,-0.01887,0.167849,0.314186,0.119675,0.32077,0.169298,0.25135,0,0.3501,0.0068
B29,-0.16433,-0.01338,-0.10512,0.010754,-0.08791,-0.01887,0.167849,0.314186,0.119675,0.32077,0.169298,0.25135,2,0.6529,0.00742
B29,-0.16433,-0.01338,-0.10512,0.010754,-0.08791,-0.01887,0.167849,0.314186,0.119675,0.32077,0.169298,0.25135,4,0.8129,0.00897
B29,-0.16433,-0.01338,-0.10512,0.010754,-0.08791,-0.01887,0.167849,0.314186,0.119675,0.32077,0.169298,0.25135,6,0.9843,0.01062
B29,-0.16433,-0.01338,-0.10512,0.010754,-0.08791,-0.01887,0.167849,0.314186,0.119675,0.32077,0.169298,0.25135,8,1.1538,0.01254
B29,-0.16433,-0.01338,-0.10512,0.010754,-0.08791,-0.01887,0.167849,0.314186,0.119675,0.32077,0.169298,0.25135,10,1.2388,0.01874
B30,-0.13492,-0.01378,-0.13196,0.012792,-0.06736,-0.02525,0.151209,0.307928,0.113323,0.328545,0.18447,0.305297,-2,0.1875,0.00817
B30,-0.13492,-0.01378,-0.13196,0.012792,-0.06736,-0.02525,0.151209,0.307928,0.113323,0.328545,0.18447,0.305297,0,0.402,0.00617
B30,-0.13492,-0.01378,-0.13196,0.012792,-0.06736,-0.02525,0.151209,0.307928,0.113323,0.328545,0.18447,0.305297,2,0.6956,0.00693
B30,-0.13492,-0.01378,-0.13196,0.012792,-0.06736,-0.02525,0.151209,0.307928,0.113323,0.328545,0.18447,0.305297,4,0.8309,0.00877
B30,-0.13492,-0.01378,-0.13196,0.012792,-0.06736,-0.02525,0.151209,0.307928,0.113323,0.328545,0.18447,0.305297,6,0.9868,0.01064
B30,-0.13492,-0.01378,-0.13196,0.012792,-0.06736,-0.02525,0.151209,0.307928,0.113323,0.328545,0.18447,0.305297,8,1.1179,0.01376
B30,-0.13492,-0.01378,-0.13196,0.012792,-0.06736,-0.02525,0.151209,0.307928,0.113323,0.328545,0.18447,0.305297,10,1.1935,0.02079
B31,-0.16237,-0.0171,-0.10293,0.013639,-0.07946,-0.02419,0.161786,0.327332,0.115117,0.355211,0.18725,0.293328,-2,0.2047,0.00885
B31,-0.16237,-0.0171,-0.10293,0.013639,-0.07946,-0.02419,0.161786,0.327332,0.115117,0.355211,0.18725,0.293328,0,0.3879,0.00661
B31,-0.16237,-0.0171,-0.10293,0.013639,-0.07946,-0.02419,0.161786,0.327332,0.115117,0.355211,0.18725,0.293328,2,0.7145,0.00716
B31,-0.16237,-0.0171,-0.10293,0.013639,-0.07946,-0.02419,0.161786,0.327332,0.115117,0.355211,0.18725,0.293328,4,0.8514,0.00893
B31,-0.16237,-0.0171,-0.10293,0.013639,-0.07946,-0.02419,0.161786,0.327332,0.115117,0.355211,0.18725,0.293328,6,1.005,0.01076
B31,-0.16237,-0.0171,-0.10293,0.013639,-0.07946,-0.02419,0.161786,0.327332,0.115117,0.355211,0.18725,0.293328,8,1.1494,0.01281
B31,-0.16237,-0.0171,-0.10293,0.013639,-0.07946,-0.02419,0.161786,0.327332,0.115117,0.355211,0.18725,0.293328,10,1.2184,0.01968
B32,-0.17003,-0.01594,-0.11661,0.010413,-0.08913,-0.02474,0.148205,0.302714,0.12572,0.316448,0.1685,0.289784,-2,0.1647,0.00866
B32,-0.17003,-0.01594,-0.11661,0.010413,-0.08913,-0.02474,0.148205,0.302714,0.12572,0.316448,0.1685,0.289784,0,0.3463,0.0064
B32,-0.17003,-0.01594,-0.11661,0.010413,-0.08913,-0.02474,0.148205,0.302714,0.12572,0.316448,0.1685,0.289784,2,0.6739,0.00721
B32,-0.17003,-0.01594,-0.11661,0.010413,-0.08913,-0.02474,0.148205,0.302714,0.12572,0.316448,0.1685,0.289784,4,0.8234,0.00862
B32,-0.17003,-0.01594,-0.11661,0.010413,-0.08913,-0.02474,0.148205,0.302714,0.12572,0.316448,0.1685,0.289784,6,0.9799,0.01039
B32,-0.17003,-0.01594,-0.11661,0.010413,-0.08913,-0.02474,0.148205,0.302714,0.12572,0.316448,0.1685,0.289784,8,1.0864,0.01517
B32,-0.17003,-0.01594,-0.11661,0.010413,-0.08913,-0.02474,0.148205,0.302714,0.12572,0.316448,0.1685,0.289784,10,1.1763,0.02088
B33,-0.16315,-0.01622,-0.12617,0.011993,-0.08804,-0.02144,0.183109,0.374619,0.127768,0.373858,0.155053,0.281045,-2,0.1913,0.00926
B33,-0.16315,-0.01622,-0.12617,0.011993,-0.08804,-0.02144,0.183109,0.374619,0.127768,0.373858,0.155053,0.281045,0,0.3708,0.00713
B33,-0.16315,-0.01622,-0.12617,0.011993,-0.08804,-0.02144,0.183109,0.374619,0.127768,0.373858,0.155053,0.281045,2,0.6915,0.00829
B33,-0.16315,-0.01622,-0.12617,0.011993,-0.08804,-0.02144,0.183109,0.374619,0.127768,0.373858,0.155053,0.281045,4,0.8543,0.00952
B33,-0.16315,-0.01622,-0.12617,0.011993,-0.08804,-0.02144,0.183109,0.374619,0.127768,0.373858,0.155053,0.281045,6,1.0251,0.01098
B33,-0.16315,-0.01622,-0.12617,0.011993,-0.08804,-0.02144,0.183109,0.374619,0.127768,0.373858,0.155053,0.281045,8,1.1929,0.01267
B33,-0.16315,-0.01622,-0.12617,0.011993,-0.08804,-0.02144,0.183109,0.374619,0.127768,0.373858,0.155053,0.281045,10,1.3326,0.01492
B34,-0.14005,-0.01389,-0.13153,0.012346,-0.08072,-0.01971,0.152555,0.29831,0.121271,0.365733,0.15102,0.26559,-2,0.1675,0.00875
B34,-0.14005,-0.01389,-0.13153,0.012346,-0.08072,-0.01971,0.152555,0.29831,0.121271,0.365733,0.15102,0.26559,0,0.3679,0.00656
B34,-0.14005,-0.01389,-0.13153,0.012346,-0.08072,-0.01971,0.152555,0.29831,0.121271,0.365733,0.15102,0.26559,2,0.6818,0.00695
B34,-0.14005,-0.01389,-0.13153,0.012346,-0.08072,-0.01971,0.152555,0.29831,0.121271,0.365733,0.15102,0.26559,4,0.8498,0.00768
B34,-0.14005,-0.01389,-0.13153,0.012346,-0.08072,-0.01971,0.152555,0.29831,0.121271,0.365733,0.15102,0.26559,6,0.9928,0.01009
B34,-0.14005,-0.01389,-0.13153,0.012346,-0.08072,-0.01971,0.152555,0.29831,0.121271,0.365733,0.15102,0.26559,8,1.1112,0.01419
B34,-0.14005,-0.01389,-0.13153,0.012346,-0.08072,-0.01971,0.152555,0.29831,0.121271,0.365733,0.15102,0.26559,10,1.1781,0.02125
B35,-0.14997,-0.01699,-0.12001,0.011939,-0.0723,-0.02489,0.179615,0.337778,0.113647,0.403807,0.186677,0.307837,-2,0.2339,0.00903
B35,-0.14997,-0.01699,-0.12001,0.011939,-0.0723,-0.02489,0.179615,0.337778,0.113647,0.403807,0.186677,0.307837,0,0.4305,0.00671
B35,-0.14997,-0.01699,-0.12001,0.011939,-0.0723,-0.02489,0.179615,0.337778,0.113647,0.403807,0.186677,0.307837,2,0.7539,0.0072
B35,-0.14997,-0.01699,-0.12001,0.011939,-0.0723,-0.02489,0.179615,0.337778,0.113647,0.403807,0.186677,0.307837,4,0.8835,0.00876
B35,-0.14997,-0.01699,-0.12001,0.011939,-0.0723,-0.02489,0.179615,0.337778,0.113647,0.403807,0.186677,0.307837,6,1.0181,0.01095
B35,-0.14997,-0.01699,-0.12001,0.011939,-0.0723,-0.02489,0.179615,0.337778,0.113647,0.403807,0.186677,0.307837,8,1.1516,0.01311
B35,-0.14997,-0.01699,-0.12001,0.011939,-0.0723,-0.02489,0.179615,0.337778,0.113647,0.403807,0.186677,0.307837,10,1.2778,0.01658
B36,-0.16627,-0.01475,-0.12262,0.012115,-0.08282,-0.02253,0.166081,0.362813,0.109919,0.356093,0.153376,0.284208,-2,0.1802,0.00899
B36,-0.16627,-0.01475,-0.12262,0.012115,-0.08282,-0.02253,0.166081,0.362813,0.109919,0.356093,0.153376,0.284208,0,0.3602,0.00702
B36,-0.16627,-0.01475,-0.12262,0.012115,-0.08282,-0.02253,0.166081,0.362813,0.109919,0.356093,0.153376,0.284208,2,0.668,0.00818
B36,-0.16627,-0.01475,-0.12262,0.012115,-0.08282,-0.02253,0.166081,0.362813,0.109919,0.356093,0.153376,0.284208,4,0.8332,0.00945
B36,-0.16627,-0.01475,-0.12262,0.012115,-0.08282,-0.02253,0.166081,0.362813,0.109919,0.356093,0.153376,0.284208,6,1.0072,0.0109
B36,-0.16627,-0.01475,-0.12262,0.012115,-0.08282,-0.02253,0.166081,0.362813,0.109919,0.356093,0.153376,0.284208,8,1.1763,0.01251
B36,-0.16627,-0.01475,-0.12262,0.012115,-0.08282,-0.02253,0.166081,0.362813,0.109919,0.356093,0.153376,0.284208,10,1.2509,0.01851
B37,-0.14391,-0.01614,-0.12321,0.012735,-0.08075,-0.01906,0.191495,0.362756,0.096811,0.336807,0.145193,0.286817,-2,0.175,0.00875
B37,-0.14391,-0.01614,-0.12321,0.012735,-0.08075,-0.01906,0.191495,0.362756,0.096811,0.336807,0.145193,0.286817,0,0.3407,0.00721
B37,-0.14391,-0.01614,-0.12321,0.012735,-0.08075,-0.01906,0.191495,0.362756,0.096811,0.336807,0.145193,0.286817,2,0.6484,0.00882
B37,-0.14391,-0.01614,-0.12321,0.012735,-0.08075,-0.01906,0.191495,0.362756,0.096811,0.336807,0.145193,0.286817,4,0.8207,0.00996
B37,-0.14391,-0.01614,-0.12321,0.012735,-0.08075,-0.01906,0.191495,0.362756,0.096811,0.336807,0.145193,0.286817,6,1.0013,0.01133
B37,-0.14391,-0.01614,-0.12321,0.012735,-0.08075,-0.01906,0.191495,0.362756,0.096811,0.336807,0.145193,0.286817,8,1.18,0.01301
B37,-0.14391,-0.01614,-0.12321,0.012735,-0.08075,-0.01906,0.191495,0.362756,0.096811,0.336807,0.145193,0.286817,10,1.3428,0.01481
B38,-0.17148,-0.01666,-0.12332,0.013224,-0.06888,-0.01943,0.178148,0.289321,0.095759,0.387299,0.14868,0.300882,-2,0.1926,0.00897
B38,-0.17148,-0.01666,-0.12332,0.013224,-0.06888,-0.01943,0.178148,0.289321,0.095759,0.387299,0.14868,0.300882,0,0.3832,0.00693
B38,-0.17148,-0.01666,-0.12332,0.013224,-0.06888,-0.01943,0.178148,0.289321,0.095759,0.387299,0.14868,0.300882,2,0.7019,0.00685
B38,-0.17148,-0.01666,-0.12332,0.013224,-0.06888,-0.01943,0.178148,0.289321,0.095759,0.387299,0.14868,0.300882,4,0.8336,0.00859
B38,-0.17148,-0.01666,-0.12332,0.013224,-0.06888,-0.01943,0.178148,0.289321,0.095759,0.387299,0.14868,0.300882,6,0.9763,0.01107
B38,-0.17148,-0.01666,-0.12332,0.013224,-0.06888,-0.01943,0.178148,0.289321,0.095759,0.387299,0.14868,0.300882,8,1.1228,0.01335
B38,-0.17148,-0.01666,-0.12332,0.013224,-0.06888,-0.01943,0.178148,0.289321,0.095759,0.387299,0.14868,0.300882,10,1.2351,0.01802
B39,-0.14764,-0.01492,-0.11479,0.013505,-0.06839,-0.02413,0.185532,0.295663,0.111825,0.420436,0.156517,0.240981,-2,0.1863,0.00959
B39,-0.14764,-0.01492,-0.11479,0.013505,-0.06839,-0.02413,0.185532,0.295663,0.111825,0.420436,0.156517,0.240981,0,0.3859,0.00692
B39,-0.14764,-0.01492,-0.11479,0.013505,-0.06839,-0.02413,0.185532,0.295663,0.111825,0.420436,0.156517,0.240981,2,0.7011,0.00708
B39,-0.14764,-0.01492,-0.11479,0.013505,-0.06839,-0.02413,0.185532,0.295663,0.111825,0.420436,0.156517,0.240981,4,0.8809,0.00747
B39,-0.14764,-0.01492,-0.11479,0.013505,-0.06839,-0.02413,0.185532,0.295663,0.111825,0.420436,0.156517,0.240981,6,1.0064,0.01065
B39,-0.14764,-0.01492,-0.11479,0.013505,-0.06839,-0.02413,0.185532,0.295663,0.111825,0.420436,0.156517,0.240981,8,1.1428,0.0134
B40,-0.14126,-0.0133,-0.09927,0.011441,-0.07036,-0.01986,0.145817,0.29144,0.118134,0.361191,0.170901,0.244057,-2,0.1747,0.00897
B40,-0.14126,-0.0133,-0.09927,0.011441,-0.07036,-0.01986,0.145817,0.29144,0.118134,0.361191,0.170901,0.244057,0,0.3874,0.00655
B40,-0.14126,-0.0133,-0.09927,0.011441,-0.07036,-0.01986,0.145817,0.29144,0.118134,0.361191,0.170901,0.244057,2,0.6821,0.00679
B40,-0.14126,-0.0133,-0.09927,0.011441,-0.07036,-0.01986,0.145817,0.29144,0.118134,0.361191,0.170901,0.244057,4,0.8594,0.00738
B40,-0.14126,-0.0133,-0.09927,0.011441,-0.07036,-0.01986,0.145817,0.29144,0.118134,0.361191,0.170901,0.244057,6,0.995,0.0102
B40,-0.14126,-0.0133,-0.09927,0.011441,-0.07036,-0.01986,0.145817,0.29144,0.118134,0.361191,0.170901,0.244057,8,1.0848,0.01592
B40,-0.14126,-0.0133,-0.09927,0.011441,-0.07036,-0.01986,0.145817,0.29144,0.118134,0.361191,0.170901,0.244057,10,1.1757,0.02209
B41,-0.13314,-0.01424,-0.10472,0.013989,-0.08483,-0.02043,0.181712,0.368176,0.117296,0.395296,0.144015,0.249051,-2,0.1897,0.00922
B41,-0.13314,-0.01424,-0.10472,0.013989,-0.08483,-0.02043,0.181712,0.368176,0.117296,0.395296,0.144015,0.249051,0,0.3916,0.00681
B41,-0.13314,-0.01424,-0.10472,0.013989,-0.08483,-0.02043,0.181712,0.368176,0.117296,0.395296,0.144015,0.249051,2,0.695,0.00769
B41,-0.13314,-0.01424,-0.10472,0.013989,-0.08483,-0.02043,0.181712,0.368176,0.117296,0.395296,0.144015,0.249051,4,0.8598,0.00912
B41,-0.13314,-0.01424,-0.10472,0.013989,-0.08483,-0.02043,0.181712,0.368176,0.117296,0.395296,0.144015,0.249051,6,1.0311,0.01076
B41,-0.13314,-0.01424,-0.10472,0.013989,-0.08483,-0.02043,0.181712,0.368176,0.117296,0.395296,0.144015,0.249051,8,1.2,0.01262
B41,-0.13314,-0.01424,-0.10472,0.013989,-0.08483,-0.02043,0.181712,0.368176,0.117296,0.395296,0.144015,0.249051,10,1.3369,0.01519
B42,-0.14231,-0.01432,-0.12132,0.014048,-0.08843,-0.0202,0.165061,0.284129,0.126511,0.382029,0.19311,0.235002,-2,0.1777,0.0093
B42,-0.14231,-0.01432,-0.12132,0.014048,-0.08843,-0.0202,0.165061,0.284129,0.126511,0.382029,0.19311,0.235002,0,0.3804,0.00686
B42,-0.14231,-0.01432,-0.12132,0.014048,-0.08843,-0.0202,0.165061,0.284129,0.126511,0.382029,0.19311,0.235002,2,0.7029,0.00707
B42,-0.14231,-0.01432,-0.12132,0.014048,-0.08843,-0.0202,0.165061,0.284129,0.126511,0.382029,0.19311,0.235002,4,0.8798,0.00735
B42,-0.14231,-0.01432,-0.12132,0.014048,-0.08843,-0.0202,0.165061,0.284129,0.126511,0.382029,0.19311,0.235002,6,0.996,0.01028
B42,-0.14231,-0.01432,-0.12132,0.014048,-0.08843,-0.0202,0.165061,0.284129,0.126511,0.382029,0.19311,0.235002,8,1.1143,0.01355
B42,-0.14231,-0.01432,-0.12132,0.014048,-0.08843,-0.0202,0.165061,0.284129,0.126511,0.382029,0.19311,0.235002,10,1.1881,0.02046
B43,-0.14526,-0.01487,-0.10133,0.011091,-0.08184,-0.02339,0.177401,0.28705,0.121753,0.357955,0.166341,0.290771,-2,0.1954,0.00877
B43,-0.14526,-0.01487,-0.10133,0.011091,-0.08184,-0.02339,0.177401,0.28705,0.121753,0.357955,0.166341,0.290771,0,0.3984,0.00646
B43,-0.14526,-0.01487,-0.10133,0.011091,-0.08184,-0.02339,0.177401,0.28705,0.121753,0.357955,0.166341,0.290771,2,0.7156,0.00696
B43,-0.14526,-0.01487,-0.10133,0.011091,-0.08184,-0.02339,0.177401,0.28705,0.121753,0.357955,0.166341,0.290771,4,0.8577,0.00831
B43,-0.14526,-0.01487,-0.10133,0.011091,-0.08184,-0.02339,0.177401,0.28705,0.121753,0.357955,0.166341,0.290771,6,0.9944,0.01075
B43,-0.14526,-0.01487,-0.10133,0.011091,-0.08184,-0.02339,0.177401,0.28705,0.121753,0.357955,0.166341,0.290771,8,1.1375,0.01309
B43,-0.14526,-0.01487,-0.10133,0.011091,-0.08184,-0.02339,0.177401,0.28705,0.121753,0.357955,0.166341,0.290771,10,1.2355,0.01826
B44,-0.13472,-0.01348,-0.1146,0.012708,-0.06975,-0.01933,0.170456,0.356974,0.119411,0.313488,0.172519,0.256544,-2,0.1745,0.00866
B44,-0.13472,-0.01348,-0.1146,0.012708,-0.06975,-0.01933,0.170456,0.356974,0.119411,0.313488,0.172519,0.256544,0,0.3651,0.00689
B44,-0.13472,-0.01348,-0.1146,0.012708,-0.06975,-0.01933,0.170456,0.356974,0.119411,0.313488,0.172519,0.256544,2,0.6463,0.00833
B44,-0.13472,-0.01348,-0.1146,0.012708,-0.06975,-0.01933,0.170456,0.356974,0.119411,0.313488,0.172519,0.256544,4,0.824,0.00953
B44,-0.13472,-0.01348,-0.1146,0.012708,-0.06975,-0.01933,0.170456,0.356974,0.119411,0.313488,0.172519,0.256544,6,1.0072,0.011
B44,-0.13472,-0.01348,-0.1146,0.012708,-0.06975,-0.01933,0.170456,0.356974,0.119411,0.313488,0.172519,0.256544,8,1.1877,0.01248
B44,-0.13472,-0.01348,-0.1146,0.012708,-0.06975,-0.01933,0.170456,0.356974,0.119411,0.313488,0.172519,0.256544,10,1.289,0.01782
B45,-0.14111,-0.0153,-0.13339,0.01129,-0.08508,-0.02231,0.190197,0.321728,0.108704,0.408231,0.165232,0.24502,-2,0.1823,0.00923
B45,-0.14111,-0.0153,-0.13339,0.01129,-0.08508,-0.02231,0.190197,0.321728,0.108704,0.408231,0.165232,0.24502,0,0.3797,0.00679
B45,-0.14111,-0.0153,-0.13339,0.01129,-0.08508,-0.02231,0.190197,0.321728,0.108704,0.408231,0.165232,0.24502,2,0.7051,0.00707
B45,-0.14111,-0.0153,-0.13339,0.01129,-0.08508,-0.02231,0.190197,0.321728,0.108704,0.408231,0.165232,0.24502,4,0.8557,0.00839
B45,-0.14111,-0.0153,-0.13339,0.01129,-0.08508,-0.02231,0.190197,0.321728,0.108704,0.408231,0.165232,0.24502,6,1.0007,0.01084
B45,-0.14111,-0.0153,-0.13339,0.01129,-0.08508,-0.02231,0.190197,0.321728,0.108704,0.408231,0.165232,0.24502,8,1.1493,0.0131
B45,-0.14111,-0.0153,-0.13339,0.01129,-0.08508,-0.02231,0.190197,0.321728,0.108704,0.408231,0.165232,0.24502,10,1.2759,0.01632
B46,-0.16915,-0.01446,-0.11704,0.012941,-0.07126,-0.02028,0.174958,0.288594,0.1037,0.323861,0.17338,0.239705,-2,0.1508,0.00884
B46,-0.16915,-0.01446,-0.11704,0.012941,-0.07126,-0.02028,0.174958,0.288594,0.1037,0.323861,0.17338,0.239705,0,0.347,0.00674
B46,-0.16915,-0.01446,-0.11704,0.012941,-0.07126,-0.02028,0.174958,0.288594,0.1037,0.323861,0.17338,0.239705,2,0.641,0.00678
B46,-0.16915,-0.01446,-0.11704,0.012941,-0.07126,-0.02028,0.174958,0.288594,0.1037,0.323861,0.17338,0.239705,4,0.7913,0.009
B46,-0.16915,-0.01446,-0.11704,0.012941,-0.07126,-0.02028,0.174958,0.288594,0.1037,0.323861,0.17338,0.239705,6,0.9645,0.01084
B46,-0.16915,-0.01446,-0.11704,0.012941,-0.07126,-0.02028,0.174958,0.288594,0.1037,0.323861,0.17338,0.239705,8,1.136,0.01296
B46,-0.16915,-0.01446,-0.11704,0.012941,-0.07126,-0.02028,0.174958,0.288594,0.1037,0.323861,0.17338,0.239705,10,1.2487,0.01804
B47,-0.15813,-0.01641,-0.10885,0.013942,-0.07694,-0.02322,0.190451,0.35274,0.10207,0.352134,0.177463,0.272316,-2,0.1948,0.00886
B47,-0.15813,-0.01641,-0.10885,0.013942,-0.07694,-0.02322,0.190451,0.35274,0.10207,0.352134,0.177463,0.272316,0,0.3747,0.00678
B47,-0.15813,-0.01641,-0.10885,0.013942,-0.07694,-0.02322,0.190451,0.35274,0.10207,0.352134,0.177463,0.272316,2,0.6665,0.00848
B47,-0.15813,-0.01641,-0.10885,0.013942,-0.07694,-0.02322,0.190451,0.35274,0.10207,0.352134,0.177463,0.272316,4,0.8321,0.00986
B47,-0.15813,-0.01641,-0.10885,0.013942,-0.07694,-0.02322,0.190451,0.35274,0.10207,0.352134,0.177463,0.272316,6,1.0056,0.01136
B47,-0.15813,-0.01641,-0.10885,0.013942,-0.07694,-0.02322,0.190451,0.35274,0.10207,0.352134,0.177463,0.272316,8,1.1762,0.01303
B47,-0.15813,-0.01641,-0.10885,0.013942,-0.07694,-0.02322,0.190451,0.35274,0.10207,0.352134,0.177463,0.272316,10,1.3255,0.01513
B48,-0.1759,-0.01516,-0.12104,0.013106,-0.06667,-0.02266,0.187168,0.296896,0.099377,0.405853,0.16178,0.238648,-2,0.1741,0.00959
B48,-0.1759,-0.01516,-0.12104,0.013106,-0.06667,-0.02266,0.187168,0.296896,0.099377,0.405853,0.16178,0.238648,2,0.6824,0.00688
B48,-0.1759,-0.01516,-0.12104,0.013106,-0.06667,-0.02266,0.187168,0.296896,0.099377,0.405853,0.16178,0.238648,4,0.8421,0.0081
B48,-0.1759,-0.01516,-0.12104,0.013106,-0.06667,-0.02266,0.187168,0.296896,0.099377,0.405853,0.16178,0.238648,6,0.9831,0.01108
B48,-0.1759,-0.01516,-0.12104,0.013106,-0.06667,-0.02266,0.187168,0.296896,0.099377,0.405853,0.16178,0.238648,8,1.1348,0.01341
B48,-0.1759,-0.01516,-0.12104,0.013106,-0.06667,-0.02266,0.187168,0.296896,0.099377,0.405853,0.16178,0.238648,10,1.2556,0.01724
B49,-0.16963,-0.01772,-0.10093,0.01172,-0.08693,-0.02124,0.192284,0.347956,0.123834,0.370627,0.164057,0.242321,-2,0.1788,0.00935
B49,-0.16963,-0.01772,-0.10093,0.01172,-0.08693,-0.02124,0.192284,0.347956,0.123834,0.370627,0.164057,0.242321,0,0.3824,0.00793
B49,-0.16963,-0.01772,-0.10093,0.01172,-0.08693,-0.02124,0.192284,0.347956,0.123834,0.370627,0.164057,0.242321,2,0.6805,0.00772
B49,-0.16963,-0.01772,-0.10093,0.01172,-0.08693,-0.02124,0.192284,0.347956,0.123834,0.370627,0.164057,0.242321,4,0.8431,0.00926
B49,-0.16963,-0.01772,-0.10093,0.01172,-0.08693,-0.02124,0.192284,0.347956,0.123834,0.370627,0.164057,0.242321,6,1.0139,0.01091
B49,-0.16963,-0.01772,-0.10093,0.01172,-0.08693,-0.02124,0.192284,0.347956,0.123834,0.370627,0.164057,0.242321,8,1.1825,0.01276
B49,-0.16963,-0.01772,-0.10093,0.01172,-0.08693,-0.02124,0.192284,0.347956,0.123834,0.370627,0.164057,0.242321,10,1.3251,0.01517
B50,-0.15117,-0.01589,-0.09962,0.012575,-0.07523,-0.02289,0.172501,0.360374,0.122237,0.378606,0.147611,0.309564,-2,0.2138,0.00904
B50,-0.15117,-0.01589,-0.09962,0.012575,-0.07523,-0.02289,0.172501,0.360374,0.122237,0.378606,0.147611,0.309564,0,0.3924,0.00674
B50,-0.15117,-0.01589,-0.09962,0.012575,-0.07523,-0.02289,0.172501,0.360374,0.122237,0.378606,0.147611,0.309564,2,0.7115,0.00791
B50,-0.15117,-0.01589,-0.09962,0.012575,-0.07523,-0.02289,0.172501,0.360374,0.122237,0.378606,0.147611,0.309564,4,0.8693,0.0093
B50,-0.15117,-0.01589,-0.09962,0.012575,-0.07523,-0.02289,0.172501,0.360374,0.122237,0.378606,0.147611,0.309564,6,1.0354,0.01087
B50,-0.15117,-0.01589,-0.09962,0.012575,-0.07523,-0.02289,0.172501,0.360374,0.122237,0.378606,0.147611,0.309564,8,1.196,0.01259
B50,-0.15117,-0.01589,-0.09962,0.012575,-0.07523,-0.02289,0.172501,0.360374,0.122237,0.378606,0.147611,0.309564,10,1.3016,0.01648
B51,-0.17559,-0.0151,-0.11264,0.011388,-0.07422,-0.0244,0.15505,0.285961,0.11599,0.312455,0.151651,0.263414,-2,0.1446,0.0087
B51,-0.17559,-0.0151,-0.11264,0.011388,-0.07422,-0.0244,0.15505,0.285961,0.11599,0.312455,0.151651,0.263414,0,0.3419,0.00703
B51,-0.17559,-0.0151,-0.11264,0.011388,-0.07422,-0.0244,0.15505,0.285961,0.11599,0.312455,0.151651,0.263414,2,0.6407,0.00689
B51,-0.17559,-0.0151,-0.11264,0.011388,-0.07422,-0.0244,0.15505,0.285961,0.11599,0.312455,0.151651,0.263414,4,0.7996,0.00848
B51,-0.17559,-0.0151,-0.11264,0.011388,-0.07422,-0.0244,0.15505,0.285961,0.11599,0.312455,0.151651,0.263414,6,0.966,0.01042
B51,-0.17559,-0.0151,-0.11264,0.011388,-0.07422,-0.0244,0.15505,0.285961,0.11599,0.312455,0.151651,0.263414,8,1.1106,0.01409
B51,-0.17559,-0.0151,-0.11264,0.011388,-0.07422,-0.0244,0.15505,0.285961,0.11599,0.312455,0.151651,0.263414,10,1.2011,0.02011
B52,-0.14848,-0.01483,-0.10725,0.01219,-0.0845,-0.02378,0.149344,0.344743,0.125831,0.344133,0.188497,0.276881,-2,0.195,0.00879
B52,-0.14848,-0.01483,-0.10725,0.01219,-0.0845,-0.02378,0.149344,0.344743,0.125831,0.344133,0.188497,0.276881,0,0.3901,0.00648
B52,-0.14848,-0.01483,-0.10725,0.01219,-0.0845,-0.02378,0.149344,0.344743,0.125831,0.344133,0.188497,0.276881,2,0.699,0.0075
B52,-0.14848,-0.01483,-0.10725,0.01219,-0.0845,-0.02378,0.149344,0.344743,0.125831,0.344133,0.188497,0.276881,4,0.8522,0.00893
B52,-0.14848,-0.01483,-0.10725,0.01219,-0.0845,-0.02378,0.149344,0.344743,0.125831,0.344133,0.188497,0.276881,6,1.0127,0.01057
B52,-0.14848,-0.01483,-0.10725,0.01219,-0.0845,-0.02378,0.149344,0.344743,0.125831,0.344133,0.188497,0.276881,8,1.1548,0.01298
B52,-0.14848,-0.01483,-0.10725,0.01219,-0.0845,-0.02378,0.149344,0.344743,0.125831,0.344133,0.188497,0.276881,10,1.1911,0.02147
B53,-0.1576,-0.01411,-0.10776,0.011566,-0.07169,-0.0239,0.147392,0.353618,0.104941,0.41008,0.14975,0.286139,-2,0.2043,0.0092
B53,-0.1576,-0.01411,-0.10776,0.011566,-0.07169,-0.0239,0.147392,0.353618,0.104941,0.41008,0.14975,0.286139,0,0.3898,0.00676
B53,-0.1576,-0.01411,-0.10776,0.011566,-0.07169,-0.0239,0.147392,0.353618,0.104941,0.41008,0.14975,0.286139,2,0.7182,0.0072
B53,-0.1576,-0.01411,-0.10776,0.011566,-0.07169,-0.0239,0.147392,0.353618,0.104941,0.41008,0.14975,0.286139,6,1.0269,0.01037
B53,-0.1576,-0.01411,-0.10776,0.011566,-0.07169,-0.0239,0.147392,0.353618,0.104941,0.41008,0.14975,0.286139,8,1.1538,0.01326
B53,-0.1576,-0.01411,-0.10776,0.011566,-0.07169,-0.0239,0.147392,0.353618,0.104941,0.41008,0.14975,0.286139,10,1.1812,0.02237
B54,-0.16491,-0.01398,-0.11193,0.013833,-0.08324,-0.02087,0.187327,0.334527,0.111404,0.389188,0.179475,0.249465,-2,0.1927,0.00932
B54,-0.16491,-0.01398,-0.11193,0.013833,-0.08324,-0.02087,0.187327,0.334527,0.111404,0.389188,0.179475,0.249465,0,0.3872,0.00713
B54,-0.16491,-0.01398,-0.11193,0.013833,-0.08324,-0.02087,0.187327,0.334527,0.111404,0.389188,0.179475,0.249465,2,0.7054,0.00712
B54,-0.16491,-0.01398,-0.11193,0.013833,-0.08324,-0.02087,0.187327,0.334527,0.111404,0.389188,0.179475,0.249465,4,0.8492,0.009
B54,-0.16491,-0.01398,-0.11193,0.013833,-0.08324,-0.02087,0.187327,0.334527,0.111404,0.389188,0.179475,0.249465,6,1.0076,0.01096
B54,-0.16491,-0.01398,-0.11193,0.013833,-0.08324,-0.02087,0.187327,0.334527,0.111404,0.389188,0.179475,0.249465,8,1.1616,0.01303
B54,-0.16491,-0.01398,-0.11193,0.013833,-0.08324,-0.02087,0.187327,0.334527,0.111404,0.389188,0.179475,0.249465,10,1.2946,0.01591
B55,-0.1462,-0.01453,-0.12667,0.011602,-0.08615,-0.02277,0.171118,0.317165,0.112449,0.382793,0.160654,0.233281,-2,0.1616,0.00915
B55,-0.1462,-0.01453,-0.12667,0.011602,-0.08615,-0.02277,0.171118,0.317165,0.112449,0.382793,0.160654,0.233281,0,0.3591,0.00665
B55,-0.1462,-0.01453,-0.12667,0.011602,-0.08615,-0.02277,0.171118,0.317165,0.112449,0.382793,0.160654,0.233281,2,0.6791,0.00698
B55,-0.1462,-0.01453,-0.12667,0.011602,-0.08615,-0.02277,0.171118,0.317165,0.112449,0.382793,0.160654,0.233281,4,0.8419,0.00808
B55,-0.1462,-0.01453,-0.12667,0.011602,-0.08615,-0.02277,0.171118,0.317165,0.112449,0.382793,0.160654,0.233281,6,0.9964,0.01035
B55,-0.1462,-0.01453,-0.12667,0.011602,-0.08615,-0.02277,0.171118,0.317165,0.112449,0.382793,0.160654,0.233281,8,1.1523,0.01273
B55,-0.1462,-0.01453,-0.12667,0.011602,-0.08615,-0.02277,0.171118,0.317165,0.112449,0.382793,0.160654,0.233281,10,1.229,0.01874
B56,-0.13774,-0.0156,-0.12869,0.012481,-0.07364,-0.02309,0.164067,0.31207,0.127125,0.399657,0.144363,0.253903,-2,0.177,0.00913
B56,-0.13774,-0.0156,-0.12869,0.012481,-0.07364,-0.02309,0.164067,0.31207,0.127125,0.399657,0.144363,0.253903,0,0.3826,0.00682
B56,-0.13774,-0.0156,-0.12869,0.012481,-0.07364,-0.02309,0.164067,0.31207,0.127125,0.399657,0.144363,0.253903,2,0.6932,0.00712
B56,-0.13774,-0.0156,-0.12869,0.012481,-0.07364,-0.02309,0.164067,0.31207,0.127125,0.399657,0.144363,0.253903,4,0.8712,0.00767
B56,-0.13774,-0.0156,-0.12869,0.012481,-0.07364,-0.02309,0.164067,0.31207,0.127125,0.399657,0.144363,0.253903,6,1.0221,0.00979
B56,-0.13774,-0.0156,-0.12869,0.012481,-0.07364,-0.02309,0.164067,0.31207,0.127125,0.399657,0.144363,0.253903,8,1.1591,0.01284
B56,-0.13774,-0.0156,-0.12869,0.012481,-0.07364,-0.02309,0.164067,0.31207,0.127125,0.399657,0.144363,0.253903,10,1.2025,0.02053
B57,-0.15855,-0.01678,-0.10695,0.012644,-0.07489,-0.02174,0.189444,0.315362,0.117925,0.340134,0.174972,0.279451,-2,0.1918,0.00878
B57,-0.15855,-0.01678,-0.10695,0.012644,-0.07489,-0.02174,0.189444,0.315362,0.117925,0.340134,0.174972,0.279451,0,0.3749,0.00652
B57,-0.15855,-0.01678,-0.10695,0.012644,-0.07489,-0.02174,0.189444,0.315362,0.117925,0.340134,0.174972,0.279451,2,0.6779,0.00758
B57,-0.15855,-0.01678,-0.10695,0.012644,-0.07489,-0.02174,0.189444,0.315362,0.117925,0.340134,0.174972,0.279451,4,0.83,0.00938
B57,-0.15855,-0.01678,-0.10695,0.012644,-0.07489,-0.02174,0.189444,0.315362,0.117925,0.340134,0.174972,0.279451,6,0.9974,0.01108
B57,-0.15855,-0.01678,-0.10695,0.012644,-0.07489,-0.02174,0.189444,0.315362,0.117925,0.340134,0.174972,0.279451,8,1.163,0.01291
B57,-0.15855,-0.01678,-0.10695,0.012644,-0.07489,-0.02174,0.189444,0.315362,0.117925,0.340134,0.174972,0.279451,10,1.3004,0.01573
B58,-0.16189,-0.01632,-0.11944,0.01226,-0.0818,-0.02196,0.14502,0.350982,0.109438,0.397125,0.187756,0.267275,-2,0.2017,0.00923
B58,-0.16189,-0.01632,-0.11944,0.01226,-0.0818,-0.02196,0.14502,0.350982,0.109438,0.397125,0.187756,0.267275,0,0.3888,0.00675
B58,-0.16189,-0.01632,-0.11944,0.01226,-0.0818,-0.02196,0.14502,0.350982,0.109438,0.397125,0.187756,0.267275,2,0.7211,0.00712
B58,-0.16189,-0.01632,-0.11944,0.01226,-0.0818,-0.02196,0.14502,0.350982,0.109438,0.397125,0.187756,0.267275,4,0.8761,0.00817
B58,-0.16189,-0.01632,-0.11944,0.01226,-0.0818,-0.02196,0.14502,0.350982,0.109438,0.397125,0.187756,0.267275,6,1.0152,0.01043
B58,-0.16189,-0.01632,-0.11944,0.01226,-0.0818,-0.02196,0.14502,0.350982,0.109438,0.397125,0.187756,0.267275,8,1.1227,0.01389
B58,-0.16189,-0.01632,-0.11944,0.01226,-0.0818,-0.02196,0.14502,0.350982,0.109438,0.397125,0.187756,0.267275,10,1.1643,0.02279
B59,-0.16394,-0.01542,-0.10214,0.010954,-0.0822,-0.02113,0.175849,0.328487,0.097114,0.331889,0.152083,0.264731,-2,0.1623,0.00877
B59,-0.16394,-0.01542,-0.10214,0.010954,-0.0822,-0.02113,0.175849,0.328487,0.097114,0.331889,0.152083,0.264731,0,0.3526,0.00703
B59,-0.16394,-0.01542,-0.10214,0.010954,-0.0822,-0.02113,0.175849,0.328487,0.097114,0.331889,0.152083,0.264731,2,0.6397,0.00806
B59,-0.16394,-0.01542,-0.10214,0.010954,-0.0822,-0.02113,0.175849,0.328487,0.097114,0.331889,0.152083,0.264731,4,0.8073,0.00945
B59,-0.16394,-0.01542,-0.10214,0.010954,-0.0822,-0.02113,0.175849,0.328487,0.097114,0.331889,0.152083,0.264731,6,0.9833,0.01101
B59,-0.16394,-0.01542,-0.10214,0.010954,-0.0822,-0.02113,0.175849,0.328487,0.097114,0.331889,0.152083,0.264731,8,1.1593,0.01261
B59,-0.16394,-0.01542,-0.10214,0.010954,-0.0822,-0.02113,0.175849,0.328487,0.097114,0.331889,0.152083,0.264731,10,1.2885,0.01649
B60,-0.15543,-0.01607,-0.12739,0.012409,-0.0779,-0.01998,0.173415,0.329643,0.098028,0.392208,0.178163,0.273718,-2,0.1984,0.00901
B60,-0.15543,-0.01607,-0.12739,0.012409,-0.0779,-0.01998,0.173415,0.329643,0.098028,0.392208,0.178163,0.273718,0,0.3866,0.00659
B60,-0.15543,-0.01607,-0.12739,0.012409,-0.0779,-0.01998,0.173415,0.329643,0.098028,0.392208,0.178163,0.273718,2,0.7118,0.00698
B60,-0.15543,-0.01607,-0.12739,0.012409,-0.0779,-0.01998,0.173415,0.329643,0.098028,0.392208,0.178163,0.273718,4,0.8452,0.00883
B60,-0.15543,-0.01607,-0.12739,0.012409,-0.0779,-0.01998,0.173415,0.329643,0.098028,0.392208,0.178163,0.273718,6,0.9967,0.01091
B60,-0.15543,-0.01607,-0.12739,0.012409,-0.0779,-0.01998,0.173415,0.329643,0.098028,0.392208,0.178163,0.273718,8,1.1438,0.013
B60,-0.15543,-0.01607,-0.12739,0.012409,-0.0779,-0.01998,0.173415,0.329643,0.098028,0.392208,0.178163,0.273718,10,1.2506,0.01763
B61,-0.17074,-0.01655,-0.10411,0.01187,-0.07,-0.0215,0.188533,0.335964,0.127853,0.325604,0.169934,0.230664,-2,0.1611,0.00911
B61,-0.17074,-0.01655,-0.10411,0.01187,-0.07,-0.0215,0.188533,0.335964,0.127853,0.325604,0.169934,0.230664,0,0.3623,0.00784
B61,-0.17074,-0.01655,-0.10411,0.01187,-0.07,-0.0215,0.188533,0.335964,0.127853,0.325604,0.169934,0.230664,2,0.6404,0.00794
B61,-0.17074,-0.01655,-0.10411,0.01187,-0.07,-0.0215,0.188533,0.335964,0.127853,0.325604,0.169934,0.230664,4,0.8177,0.00932
B61,-0.17074,-0.01655,-0.10411,0.01187,-0.07,-0.0215,0.188533,0.335964,0.127853,0.325604,0.169934,0.230664,6,1.0003,0.01089
B61,-0.17074,-0.01655,-0.10411,0.01187,-0.07,-0.0215,0.188533,0.335964,0.127853,0.325604,0.169934,0.230664,8,1.1794,0.01264
B61,-0.17074,-0.01655,-0.10411,0.01187,-0.07,-0.0215,0.188533,0.335964,0.127853,0.325604,0.169934,0.230664,10,1.3363,0.01508
B62,-0.15967,-0.01555,-0.10955,0.013034,-0.07338,-0.0222,0.151665,0.365219,0.108175,0.358952,0.149475,0.282784,-2,0.1843,0.00894
B62,-0.15967,-0.01555,-0.10955,0.013034,-0.07338,-0.0222,0.151665,0.365219,0.108175,0.358952,0.149475,0.282784,0,0.3651,0.00689
B62,-0.15967,-0.01555,-0.10955,0.013034,-0.07338,-0.0222,0.151665,0.365219,0.108175,0.358952,0.149475,0.282784,2,0.6706,0.00792
B62,-0.15967,-0.01555,-0.10955,0.013034,-0.07338,-0.0222,0.151665,0.365219,0.108175,0.358952,0.149475,0.282784,4,0.8383,0.00926
B62,-0.15967,-0.01555,-0.10955,0.013034,-0.07338,-0.0222,0.151665,0.365219,0.108175,0.358952,0.149475,0.282784,6,1.0126,0.01074
B62,-0.15967,-0.01555,-0.10955,0.013034,-0.07338,-0.0222,0.151665,0.365219,0.108175,0.358952,0.149475,0.282784,8,1.1785,0.01256
B62,-0.15967,-0.01555,-0.10955,0.013034,-0.07338,-0.0222,0.151665,0.365219,0.108175,0.358952,0.149475,0.282784,10,1.2184,0.02067
B63,-0.16672,-0.01783,-0.10065,0.013339,-0.06847,-0.0219,0.153546,0.349931,0.110749,0.401683,0.19142,0.274988,-2,0.2197,0.00927
B63,-0.16672,-0.01783,-0.10065,0.013339,-0.06847,-0.0219,0.153546,0.349931,0.110749,0.401683,0.19142,0.274988,0,0.4159,0.0074
B63,-0.16672,-0.01783,-0.10065,0.013339,-0.06847,-0.0219,0.153546,0.349931,0.110749,0.401683,0.19142,0.274988,2,0.7334,0.0071
B63,-0.16672,-0.01783,-0.10065,0.013339,-0.06847,-0.0219,0.153546,0.349931,0.110749,0.401683,0.19142,0.274988,4,0.8883,0.00824
B63,-0.16672,-0.01783,-0.10065,0.013339,-0.06847,-0.0219,0.153546,0.349931,0.110749,0.401683,0.19142,0.274988,6,1.0275,0.01056
B63,-0.16672,-0.01783,-0.10065,0.013339,-0.06847,-0.0219,0.153546,0.349931,0.110749,0.401683,0.19142,0.274988,8,1.1578,0.01301
B63,-0.16672,-0.01783,-0.10065,0.013339,-0.06847,-0.0219,0.153546,0.349931,0.110749,0.401683,0.19142,0.274988,10,1.199,0.02156
B64,-0.13244,-0.01438,-0.11074,0.013883,-0.07975,-0.01922,0.193961,0.339016,0.115781,0.417358,0.158287,0.301708,-2,0.2316,0.00907
B64,-0.13244,-0.01438,-0.11074,0.013883,-0.07975,-0.01922,0.193961,0.339016,0.115781,0.417358,0.158287,0.301708,0,0.4402,0.00683
B64,-0.13244,-0.01438,-0.11074,0.013883,-0.07975,-0.01922,0.193961,0.339016,0.115781,0.417358,0.158287,0.301708,2,0.7511,0.00732
B64,-0.13244,-0.01438,-0.11074,0.013883,-0.07975,-0.01922,0.193961,0.339016,0.115781,0.417358,0.158287,0.301708,4,0.888,0.00886
B64,-0.13244,-0.01438,-0.11074,0.013883,-0.07975,-0.01922,0.193961,0.339016,0.115781,0.417358,0.158287,0.301708,6,1.0304,0.011
B64,-0.13244,-0.01438,-0.11074,0.013883,-0.07975,-0.01922,0.193961,0.339016,0.115781,0.417358,0.158287,0.301708,8,1.1701,0.01311
B64,-0.13244,-0.01438,-0.11074,0.013883,-0.07975,-0.01922,0.193961,0.339016,0.115781,0.417358,0.158287,0.301708,10,1.3036,0.01602
B65,-0.15408,-0.01792,-0.10984,0.012328,-0.07921,-0.02016,0.172171,0.319904,0.1211,0.368254,0.191806,0.258991,-2,0.1968,0.00906
B65,-0.15408,-0.01792,-0.10984,0.012328,-0.07921,-0.02016,0.172171,0.319904,0.1211,0.368254,0.191806,0.258991,0,0.3872,0.00657
B65,-0.15408,-0.01792,-0.10984,0.012328,-0.07921,-0.02016,0.172171,0.319904,0.1211,0.368254,0.191806,0.258991,2,0.7097,0.00698
B65,-0.15408,-0.01792,-0.10984,0.012328,-0.07921,-0.02016,0.172171,0.319904,0.1211,0.368254,0.191806,0.258991,4,0.8577,0.00845
B65,-0.15408,-0.01792,-0.10984,0.012328,-0.07921,-0.02016,0.172171,0.319904,0.1211,0.368254,0.191806,0.258991,6,1.008,0.01061
B65,-0.15408,-0.01792,-0.10984,0.012328,-0.07921,-0.02016,0.172171,0.319904,0.1211,0.368254,0.191806,0.258991,8,1.155,0.01283
B65,-0.15408,-0.01792,-0.10984,0.012328,-0.07921,-0.02016,0.172171,0.319904,0.1211,0.368254,0.191806,0.258991,10,1.239,0.01862
B66,-0.17416,-0.01391,-0.11591,0.013619,-0.06778,-0.02294,0.147281,0.300409,0.123587,0.41205,0.193457,0.299208,-2,0.2258,0.00947
B66,-0.17416,-0.01391,-0.11591,0.013619,-0.06778,-0.02294,0.147281,0.300409,0.123587,0.41205,0.193457,0.299208,0,0.4185,0.00752
B66,-0.17416,-0.01391,-0.11591,0.013619,-0.06778,-0.02294,0.147281,0.300409,0.123587,0.41205,0.193457,0.299208,2,0.7514,0.00728
B66,-0.17416,-0.01391,-0.11591,0.013619,-0.06778,-0.02294,0.147281,0.300409,0.123587,0.41205,0.193457,0.299208,4,0.9268,0.0076
B66,-0.17416,-0.01391,-0.11591,0.013619,-0.06778,-0.02294,0.147281,0.300409,0.123587,0.41205,0.193457,0.299208,6,1.0178,0.01018
B66,-0.17416,-0.01391,-0.11591,0.013619,-0.06778,-0.02294,0.147281,0.300409,0.123587,0.41205,0.193457,0.299208,8,1.0634,0.01603
B66,-0.17416,-0.01391,-0.11591,0.013619,-0.06778,-0.02294,0.147281,0.300409,0.123587,0.41205,0.193457,0.299208,10,1.1488,0.02314
D2,-0.15077,-0.04748,-0.03413,-0.03871,-0.0035,-0.01121,0.22904,0.253211,0.31738,0.196918,0.288109,0.24802,-2,0.2359,0.00914
D2,-0.15077,-0.04748,-0.03413,-0.03871,-0.0035,-0.01121,0.22904,0.253211,0.31738,0.196918,0.288109,0.24802,0,0.4404,0.00855
D2,-0.15077,-0.04748,-0.03413,-0.03871,-0.0035,-0.01121,0.22904,0.253211,0.31738,0.196918,0.288109,0.24802,2,0.7086,0.008
D2,-0.15077,-0.04748,-0.03413,-0.03871,-0.0035,-0.01121,0.22904,0.253211,0.31738,0.196918,0.288109,0.24802,4,0.8995,0.00902
D2,-0.15077,-0.04748,-0.03413,-0.03871,-0.0035,-0.01121,0.22904,0.253211,0.31738,0.196918,0.288109,0.24802,6,1.0858,0.01018
D2,-0.15077,-0.04748,-0.03413,-0.03871,-0.0035,-0.01121,0.22904,0.253211,0.31738,0.196918,0.288109,0.24802,8,1.2521,0.01224
D2,-0.15077,-0.04748,-0.03413,-0.03871,-0.0035,-0.01121,0.22904,0.253211,0.31738,0.196918,0.288109,0.24802,10,1.3363,0.01757
D3,-0.15385,-0.05354,-0.0314,-0.04884,-0.00284,-0.01044,0.201334,0.281197,0.278328,0.225024,0.279454,0.270435,-2,0.2433,0.00881
D3,-0.15385,-0.05354,-0.0314,-0.04884,-0.00284,-0.01044,0.201334,0.281197,0.278328,0.225024,0.279454,0.270435,0,0.441,0.00829
D3,-0.15385,-0.05354,-0.0314,-0.04884,-0.00284,-0.01044,0.201334,0.281197,0.278328,0.225024,0.279454,0.270435,2,0.7076,0.00796
D3,-0.15385,-0.05354,-0.0314,-0.04884,-0.00284,-0.01044,0.201334,0.281197,0.278328,0.225024,0.279454,0.270435,4,0.8932,0.00906
D3,-0.15385,-0.05354,-0.0314,-0.04884,-0.00284,-0.01044,0.201334,0.281197,0.278328,0.225024,0.279454,0.270435,6,1.076,0.0103
D3,-0.15385,-0.05354,-0.0314,-0.04884,-0.00284,-0.01044,0.201334,0.281197,0.278328,0.225024,0.279454,0.270435,8,1.2413,0.01214
D3,-0.15385,-0.05354,-0.0314,-0.04884,-0.00284,-0.01044,0.201334,0.281197,0.278328,0.225024,0.279454,0.270435,10,1.3234,0.01757
D4,-0.13641,-0.06123,-0.03644,-0.04038,-0.00276,-0.01093,0.211142,0.254626,0.281028,0.241987,0.328216,0.2609,-2,0.2741,0.00853
D4,-0.13641,-0.06123,-0.03644,-0.04038,-0.00276,-0.01093,0.211142,0.254626,0.281028,0.241987,0.328216,0.2609,0,0.468,0.0069
D4,-0.13641,-0.06123,-0.03644,-0.04038,-0.00276,-0.01093,0.211142,0.254626,0.281028,0.241987,0.328216,0.2609,2,0.7522,0.00717
D4,-0.13641,-0.06123,-0.03644,-0.04038,-0.00276,-0.01093,0.211142,0.254626,0.281028,0.241987,0.328216,0.2609,4,0.9231,0.00838
D4,-0.13641,-0.06123,-0.03644,-0.04038,-0.00276,-0.01093,0.211142,0.254626,0.281028,0.241987,0.328216,0.2609,6,1.0807,0.0101
D4,-0.13641,-0.06123,-0.03644,-0.04038,-0.00276,-0.01093,0.211142,0.254626,0.281028,0.241987,0.328216,0.2609,8,1.2019,0.013
D4,-0.13641,-0.06123,-0.03644,-0.04038,-0.00276,-0.01093,0.211142,0.254626,0.281028,0.241987,0.328216,0.2609,10,1.2851,0.01919
D5,-0.13457,-0.04685,-0.03197,-0.03967,-0.00302,-0.00934,0.234651,0.21679,0.288187,0.202868,0.311762,0.29325,-2,0.2656,0.00861
D5,-0.13457,-0.04685,-0.03197,-0.03967,-0.00302,-0.00934,0.234651,0.21679,0.288187,0.202868,0.311762,0.29325,0,0.4602,0.00644
D5,-0.13457,-0.04685,-0.03197,-0.03967,-0.00302,-0.00934,0.234651,0.21679,0.288187,0.202868,0.311762,0.29325,2,0.7386,0.00723
D5,-0.13457,-0.04685,-0.03197,-0.03967,-0.00302,-0.00934,0.234651,0.21679,0.288187,0.202868,0.311762,0.29325,4,0.8971,0.00869
D5,-0.13457,-0.04685,-0.03197,-0.03967,-0.00302,-0.00934,0.234651,0.21679,0.288187,0.202868,0.311762,0.29325,6,1.045,0.01081
D5,-0.13457,-0.04685,-0.03197,-0.03967,-0.00302,-0.00934,0.234651,0.21679,0.288187,0.202868,0.311762,0.29325,8,1.1675,0.01453
D5,-0.13457,-0.04685,-0.03197,-0.03967,-0.00302,-0.00934,0.234651,0.21679,0.288187,0.202868,0.311762,0.29325,10,1.2896,0.01889
D6,-0.11958,-0.06077,-0.03393,-0.0391,-0.00279,-0.00948,0.247026,0.24673,0.301886,0.191676,0.28852,0.255918,-2,0.2425,0.0083
D6,-0.11958,-0.06077,-0.03393,-0.0391,-0.00279,-0.00948,0.247026,0.24673,0.301886,0.191676,0.28852,0.255918,0,0.4256,0.00709
D6,-0.11958,-0.06077,-0.03393,-0.0391,-0.00279,-0.00948,0.247026,0.24673,0.301886,0.191676,0.28852,0.255918,2,0.7063,0.00796
D6,-0.11958,-0.06077,-0.03393,-0.0391,-0.00279,-0.00948,0.247026,0.24673,0.301886,0.191676,0.28852,0.255918,4,0.8924,0.00905
D6,-0.11958,-0.06077,-0.03393,-0.0391,-0.00279,-0.00948,0.247026,0.24673,0.301886,0.191676,0.28852,0.255918,6,1.0749,0.01049
D6,-0.11958,-0.06077,-0.03393,-0.0391,-0.00279,-0.00948,0.247026,0.24673,0.301886,0.191676,0.28852,0.255918,8,1.2346,0.01298
D6,-0.11958,-0.06077,-0.03393,-0.0391,-0.00279,-0.00948,0.247026,0.24673,0.301886,0.191676,0.28852,0.255918,10,1.3446,0.01733
D7,-0.1459,-0.05112,-0.02828,-0.0383,-0.00262,-0.01101,0.224175,0.227027,0.328711,0.204749,0.265951,0.262314,-2,0.2345,0.00911
D7,-0.1459,-0.05112,-0.02828,-0.0383,-0.00262,-0.01101,0.224175,0.227027,0.328711,0.204749,0.265951,0.262314,0,0.4405,0.00836
D7,-0.1459,-0.05112,-0.02828,-0.0383,-0.00262,-0.01101,0.224175,0.227027,0.328711,0.204749,0.265951,0.262314,2,0.7137,0.00789
D7,-0.1459,-0.05112,-0.02828,-0.0383,-0.00262,-0.01101,0.224175,0.227027,0.328711,0.204749,0.265951,0.262314,4,0.9029,0.00871
D7,-0.1459,-0.05112,-0.02828,-0.0383,-0.00262,-0.01101,0.224175,0.227027,0.328711,0.204749,0.265951,0.262314,6,1.0884,0.00984
D7,-0.1459,-0.05112,-0.02828,-0.0383,-0.00262,-0.01101,0.224175,0.227027,0.328711,0.204749,0.265951,0.262314,8,1.2208,0.01332
D7,-0.1459,-0.05112,-0.02828,-0.0383,-0.00262,-0.01101,0.224175,0.227027,0.328711,0.204749,0.265951,0.262314,10,1.2984,0.01908
D8,-0.15464,-0.05451,-0.02951,-0.048,-0.00338,-0.0093,0.195161,0.245486,0.254262,0.188444,0.265069,0.299721,0,0.4206,0.00768
D8,-0.15464,-0.05451,-0.02951,-0.048,-0.00338,-0.0093,0.195161,0.245486,0.254262,0.188444,0.265069,0.299721,2,0.6764,0.00774
D8,-0.15464,-0.05451,-0.02951,-0.048,-0.00338,-0.0093,0.195161,0.245486,0.254262,0.188444,0.265069,0.299721,4,0.8563,0.00891
D8,-0.15464,-0.05451,-0.02951,-0.048,-0.00338,-0.0093,0.195161,0.245486,0.254262,0.188444,0.265069,0.299721,6,1.0338,0.01034
D8,-0.15464,-0.05451,-0.02951,-0.048,-0.00338,-0.0093,0.195161,0.245486,0.254262,0.188444,0.265069,0.299721,8,1.1862,0.0131
D8,-0.15464,-0.05451,-0.02951,-0.048,-0.00338,-0.0093,0.195161,0.245486,0.254262,0.188444,0.265069,0.299721,10,1.2865,0.01857
D9,-0.1168,-0.06004,-0.03379,-0.03893,-0.00334,-0.00864,0.231775,0.241103,0.264285,0.202086,0.304094,0.238603,-2,0.2395,0.00808
D9,-0.1168,-0.06004,-0.03379,-0.03893,-0.00334,-0.00864,0.231775,0.241103,0.264285,0.202086,0.304094,0.238603,0,0.4389,0.0062
D9,-0.1168,-0.06004,-0.03379,-0.03893,-0.00334,-0.00864,0.231775,0.241103,0.264285,0.202086,0.304094,0.238603,2,0.6989,0.00736
D9,-0.1168,-0.06004,-0.03379,-0.03893,-0.00334,-0.00864,0.231775,0.241103,0.264285,0.202086,0.304094,0.238603,4,0.8741,0.00886
D9,-0.1168,-0.06004,-0.03379,-0.03893,-0.00334,-0.00864,0.231775,0.241103,0.264285,0.202086,0.304094,0.238603,6,1.0492,0.01069
D9,-0.1168,-0.06004,-0.03379,-0.03893,-0.00334,-0.00864,0.231775,0.241103,0.264285,0.202086,0.304094,0.238603,8,1.2004,0.01354
D9,-0.1168,-0.06004,-0.03379,-0.03893,-0.00334,-0.00864,0.231775,0.241103,0.264285,0.202086,0.304094,0.238603,10,1.3208,0.01777
D10,-0.12797,-0.05822,-0.02891,-0.04257,-0.00299,-0.01129,0.203603,0.218368,0.340251,0.22726,0.250849,0.233348,-2,0.2179,0.00906
D10,-0.12797,-0.05822,-0.02891,-0.04257,-0.00299,-0.01129,0.203603,0.218368,0.340251,0.22726,0.250849,0.233348,0,0.4158,0.00743
D10,-0.12797,-0.05822,-0.02891,-0.04257,-0.00299,-0.01129,0.203603,0.218368,0.340251,0.22726,0.250849,0.233348,2,0.703,0.00778
D10,-0.12797,-0.05822,-0.02891,-0.04257,-0.00299,-0.01129,0.203603,0.218368,0.340251,0.22726,0.250849,0.233348,4,0.9007,0.00854
D10,-0.12797,-0.05822,-0.02891,-0.04257,-0.00299,-0.01129,0.203603,0.218368,0.340251,0.22726,0.250849,0.233348,6,1.0897,0.00944
D10,-0.12797,-0.05822,-0.02891,-0.04257,-0.00299,-0.01129,0.203603,0.218368,0.340251,0.22726,0.250849,0.233348,8,1.1817,0.0148
D10,-0.12797,-0.05822,-0.02891,-0.04257,-0.00299,-0.01129,0.203603,0.218368,0.340251,0.22726,0.250849,0.233348,10,1.254,0.02121
D11,-0.14052,-0.05975,-0.03477,-0.0469,-0.00347,-0.00909,0.236673,0.273148,0.330227,0.244792,0.302561,0.29607,-2,0.2869,0.00905
D11,-0.14052,-0.05975,-0.03477,-0.0469,-0.00347,-0.00909,0.236673,0.273148,0.330227,0.244792,0.302561,0.29607,0,0.4783,0.00795
D11,-0.14052,-0.05975,-0.03477,-0.0469,-0.00347,-0.00909,0.236673,0.273148,0.330227,0.244792,0.302561,0.29607,2,0.7659,0.00819
D11,-0.14052,-0.05975,-0.03477,-0.0469,-0.00347,-0.00909,0.236673,0.273148,0.330227,0.244792,0.302561,0.29607,4,0.9475,0.00917
D11,-0.14052,-0.05975,-0.03477,-0.0469,-0.00347,-0.00909,0.236673,0.273148,0.330227,0.244792,0.302561,0.29607,6,1.1199,0.01037
D11,-0.14052,-0.05975,-0.03477,-0.0469,-0.00347,-0.00909,0.236673,0.273148,0.330227,0.244792,0.302561,0.29607,8,1.2662,0.01215
D11,-0.14052,-0.05975,-0.03477,-0.0469,-0.00347,-0.00909,0.236673,0.273148,0.330227,0.244792,0.302561,0.29607,10,1.3569,0.01685
D12,-0.12168,-0.05742,-0.03223,-0.04198,-0.00284,-0.00876,0.206364,0.251835,0.284283,0.229774,0.313631,0.258634,-2,0.2647,0.00826
D12,-0.12168,-0.05742,-0.03223,-0.04198,-0.00284,-0.00876,0.206364,0.251835,0.284283,0.229774,0.313631,0.258634,0,0.4629,0.00647
D12,-0.12168,-0.05742,-0.03223,-0.04198,-0.00284,-0.00876,0.206364,0.251835,0.284283,0.229774,0.313631,0.258634,2,0.7376,0.00729
D12,-0.12168,-0.05742,-0.03223,-0.04198,-0.00284,-0.00876,0.206364,0.251835,0.284283,0.229774,0.313631,0.258634,4,0.915,0.00844
D12,-0.12168,-0.05742,-0.03223,-0.04198,-0.00284,-0.00876,0.206364,0.251835,0.284283,0.229774,0.313631,0.258634,6,1.0821,0.01002
D12,-0.12168,-0.05742,-0.03223,-0.04198,-0.00284,-0.00876,0.206364,0.251835,0.284283,0.229774,0.313631,0.258634,8,1.2119,0.01282
D12,-0.12168,-0.05742,-0.03223,-0.04198,-0.00284,-0.00876,0.206364,0.251835,0.284283,0.229774,0.313631,0.258634,10,1.2874,0.01927
D13,-0.12452,-0.05944,-0.031,-0.04943,-0.0035,-0.00914,0.21432,0.236263,0.308183,0.213379,0.270876,0.306203,-2,0.2552,0.0083
D13,-0.12452,-0.05944,-0.031,-0.04943,-0.0035,-0.00914,0.21432,0.236263,0.308183,0.213379,0.270876,0.306203,0,0.4366,0.00694
D13,-0.12452,-0.05944,-0.031,-0.04943,-0.0035,-0.00914,0.21432,0.236263,0.308183,0.213379,0.270876,0.306203,2,0.7282,0.0078
D13,-0.12452,-0.05944,-0.031,-0.04943,-0.0035,-0.00914,0.21432,0.236263,0.308183,0.213379,0.270876,0.306203,4,0.9078,0.00877
D13,-0.12452,-0.05944,-0.031,-0.04943,-0.0035,-0.00914,0.21432,0.236263,0.308183,0.213379,0.270876,0.306203,6,1.0814,0.01001
D13,-0.12452,-0.05944,-0.031,-0.04943,-0.0035,-0.00914,0.21432,0.236263,0.308183,0.213379,0.270876,0.306203,8,1.2098,0.01296
D13,-0.12452,-0.05944,-0.031,-0.04943,-0.0035,-0.00914,0.21432,0.236263,0.308183,0.213379,0.270876,0.306203,10,1.2889,0.01898
D14,-0.13324,-0.05072,-0.02797,-0.04735,-0.00295,-0.00918,0.212439,0.224985,0.314002,0.199067,0.274251,0.305528,-2,0.2541,0.0084
D14,-0.13324,-0.05072,-0.02797,-0.04735,-0.00295,-0.00918,0.212439,0.224985,0.314002,0.199067,0.274251,0.305528,0,0.4334,0.00708
D14,-0.13324,-0.05072,-0.02797,-0.04735,-0.00295,-0.00918,0.212439,0.224985,0.314002,0.199067,0.274251,0.305528,2,0.7243,0.00778
D14,-0.13324,-0.05072,-0.02797,-0.04735,-0.00295,-0.00918,0.212439,0.224985,0.314002,0.199067,0.274251,0.305528,4,0.9027,0.00873
D14,-0.13324,-0.05072,-0.02797,-0.04735,-0.00295,-0.00918,0.212439,0.224985,0.314002,0.199067,0.274251,0.305528,6,1.0771,0.00997
D14,-0.13324,-0.05072,-0.02797,-0.04735,-0.00295,-0.00918,0.212439,0.224985,0.314002,0.199067,0.274251,0.305528,8,1.1918,0.0137
D14,-0.13324,-0.05072,-0.02797,-0.04735,-0.00295,-0.00918,0.212439,0.224985,0.314002,0.199067,0.274251,0.305528,10,1.2798,0.01939
D15,-0.15547,-0.05795,-0.03318,-0.05028,-0.00307,-0.01031,0.221577,0.282519,0.271109,0.199809,0.281393,0.308163,-2,0.2482,0.0086
D15,-0.15547,-0.05795,-0.03318,-0.05028,-0.00307,-0.01031,0.221577,0.282519,0.271109,0.199809,0.281393,0.308163,2,0.6976,0.00848
D15,-0.15547,-0.05795,-0.03318,-0.05028,-0.00307,-0.01031,0.221577,0.282519,0.271109,0.199809,0.281393,0.308163,4,0.8804,0.00952
D15,-0.15547,-0.05795,-0.03318,-0.05028,-0.00307,-0.01031,0.221577,0.282519,0.271109,0.199809,0.281393,0.308163,6,1.0616,0.01083
D15,-0.15547,-0.05795,-0.03318,-0.05028,-0.00307,-0.01031,0.221577,0.282519,0.271109,0.199809,0.281393,0.308163,8,1.2278,0.0125
D15,-0.15547,-0.05795,-0.03318,-0.05028,-0.00307,-0.01031,0.221577,0.282519,0.271109,0.199809,0.281393,0.308163,10,1.3601,0.0158
D16,-0.15239,-0.04943,-0.03232,-0.04561,-0.00312,-0.00977,0.200665,0.228753,0.267606,0.242509,0.29593,0.23055,0,0.4422,0.00754
D16,-0.15239,-0.04943,-0.03232,-0.04561,-0.00312,-0.00977,0.200665,0.228753,0.267606,0.242509,0.29593,0.23055,2,0.7135,0.00693
D16,-0.15239,-0.04943,-0.03232,-0.04561,-0.00312,-0.00977,0.200665,0.228753,0.267606,0.242509,0.29593,0.23055,4,0.8944,0.00792
D16,-0.15239,-0.04943,-0.03232,-0.04561,-0.00312,-0.00977,0.200665,0.228753,0.267606,0.242509,0.29593,0.23055,6,1.0587,0.00983
D16,-0.15239,-0.04943,-0.03232,-0.04561,-0.00312,-0.00977,0.200665,0.228753,0.267606,0.242509,0.29593,0.23055,8,1.1585,0.01444
D16,-0.15239,-0.04943,-0.03232,-0.04561,-0.00312,-0.00977,0.200665,0.228753,0.267606,0.242509,0.29593,0.23055,10,1.2573,0.02003
D17,-0.1329,-0.06044,-0.03081,-0.04844,-0.00297,-0.00997,0.1991,0.262927,0.268661,0.221975,0.283182,0.27219,0,0.4295,0.00682
D17,-0.1329,-0.06044,-0.03081,-0.04844,-0.00297,-0.00997,0.1991,0.262927,0.268661,0.221975,0.283182,0.27219,2,0.708,0.00761
D17,-0.1329,-0.06044,-0.03081,-0.04844,-0.00297,-0.00997,0.1991,0.262927,0.268661,0.221975,0.283182,0.27219,4,0.8889,0.00875
D17,-0.1329,-0.06044,-0.03081,-0.04844,-0.00297,-0.00997,0.1991,0.262927,0.268661,0.221975,0.283182,0.27219,6,1.0651,0.01016
D17,-0.1329,-0.06044,-0.03081,-0.04844,-0.00297,-0.00997,0.1991,0.262927,0.268661,0.221975,0.283182,0.27219,8,1.2174,0.01246
D17,-0.1329,-0.06044,-0.03081,-0.04844,-0.00297,-0.00997,0.1991,0.262927,0.268661,0.221975,0.283182,0.27219,10,1.2944,0.01864
D18,-0.11864,-0.04735,-0.03608,-0.04293,-0.0027,-0.01079,0.183958,0.225481,0.325175,0.237905,0.32628,0.263164,-2,0.275,0.00845
D18,-0.11864,-0.04735,-0.03608,-0.04293,-0.0027,-0.01079,0.183958,0.225481,0.325175,0.237905,0.32628,0.263164,0,0.5016,0.00675
D18,-0.11864,-0.04735,-0.03608,-0.04293,-0.0027,-0.01079,0.183958,0.225481,0.325175,0.237905,0.32628,0.263164,2,0.7609,0.00738
D18,-0.11864,-0.04735,-0.03608,-0.04293,-0.0027,-0.01079,0.183958,0.225481,0.325175,0.237905,0.32628,0.263164,4,0.9437,0.00826
D18,-0.11864,-0.04735,-0.03608,-0.04293,-0.0027,-0.01079,0.183958,0.225481,0.325175,0.237905,0.32628,0.263164,6,1.1042,0.00955
D18,-0.11864,-0.04735,-0.03608,-0.04293,-0.0027,-0.01079,0.183958,0.225481,0.325175,0.237905,0.32628,0.263164,8,1.1358,0.01598
D18,-0.11864,-0.04735,-0.03608,-0.04293,-0.0027,-0.01079,0.183958,0.225481,0.325175,0.237905,0.32628,0.263164,10,1.2136,0.0232
D19,-0.11896,-0.06158,-0.03426,-0.04338,-0.00336,-0.01086,0.204943,0.239807,0.276021,0.185091,0.318882,0.253613,-2,0.2383,0.00806
D19,-0.11896,-0.06158,-0.03426,-0.04338,-0.00336,-0.01086,0.204943,0.239807,0.276021,0.185091,0.318882,0.253613,0,0.4446,0.00612
D19,-0.11896,-0.06158,-0.03426,-0.04338,-0.00336,-0.01086,0.204943,0.239807,0.276021,0.185091,0.318882,0.253613,2,0.702,0.00735
D19,-0.11896,-0.06158,-0.03426,-0.04338,-0.00336,-0.01086,0.204943,0.239807,0.276021,0.185091,0.318882,0.253613,4,0.877,0.00868
D19,-0.11896,-0.06158,-0.03426,-0.04338,-0.00336,-0.01086,0.204943,0.239807,0.276021,0.185091,0.318882,0.253613,6,1.0498,0.01027
D19,-0.11896,-0.06158,-0.03426,-0.04338,-0.00336,-0.01086,0.204943,0.239807,0.276021,0.185091,0.318882,0.253613,8,1.1906,0.01321
D19,-0.11896,-0.06158,-0.03426,-0.04338,-0.00336,-0.01086,0.204943,0.239807,0.276021,0.185091,0.318882,0.253613,10,1.2875,0.01885
D20,-0.13959,-0.05296,-0.02883,-0.04996,-0.00328,-0.0105,0.215762,0.27176,0.257173,0.186354,0.314624,0.271155,-2,0.2441,0.00843
D20,-0.13959,-0.05296,-0.02883,-0.04996,-0.00328,-0.0105,0.215762,0.27176,0.257173,0.186354,0.314624,0.271155,0,0.4286,0.00716
D20,-0.13959,-0.05296,-0.02883,-0.04996,-0.00328,-0.0105,0.215762,0.27176,0.257173,0.186354,0.314624,0.271155,2,0.6892,0.00817
D20,-0.13959,-0.05296,-0.02883,-0.04996,-0.00328,-0.0105,0.215762,0.27176,0.257173,0.186354,0.314624,0.271155,4,0.8683,0.00939
D20,-0.13959,-0.05296,-0.02883,-0.04996,-0.00328,-0.0105,0.215762,0.27176,0.257173,0.186354,0.314624,0.271155,6,1.0474,0.01083
D20,-0.13959,-0.05296,-0.02883,-0.04996,-0.00328,-0.0105,0.215762,0.27176,0.257173,0.186354,0.314624,0.271155,8,1.212,0.0127
D20,-0.13959,-0.05296,-0.02883,-0.04996,-0.00328,-0.0105,0.215762,0.27176,0.257173,0.186354,0.314624,0.271155,10,1.3393,0.01659
D21,-0.12068,-0.06102,-0.03495,-0.04132,-0.00342,-0.00844,0.197367,0.276327,0.29377,0.232732,0.269526,0.298552,-2,0.2567,0.00847
D21,-0.12068,-0.06102,-0.03495,-0.04132,-0.00342,-0.00844,0.197367,0.276327,0.29377,0.232732,0.269526,0.298552,0,0.4429,0.00713
D21,-0.12068,-0.06102,-0.03495,-0.04132,-0.00342,-0.00844,0.197367,0.276327,0.29377,0.232732,0.269526,0.298552,2,0.7291,0.00802
D21,-0.12068,-0.06102,-0.03495,-0.04132,-0.00342,-0.00844,0.197367,0.276327,0.29377,0.232732,0.269526,0.298552,4,0.9149,0.00904
D21,-0.12068,-0.06102,-0.03495,-0.04132,-0.00342,-0.00844,0.197367,0.276327,0.29377,0.232732,0.269526,0.298552,6,1.0941,0.01018
D21,-0.12068,-0.06102,-0.03495,-0.04132,-0.00342,-0.00844,0.197367,0.276327,0.29377,0.232732,0.269526,0.298552,8,1.2522,0.01198
D21,-0.12068,-0.06102,-0.03495,-0.04132,-0.00342,-0.00844,0.197367,0.276327,0.29377,0.232732,0.269526,0.298552,10,1.3043,0.01881
D22,-0.13026,-0.05485,-0.03541,-0.04098,-0.00303,-0.01112,0.202144,0.277816,0.273151,0.195108,0.315554,0.284446,-2,0.2587,0.00817
D22,-0.13026,-0.05485,-0.03541,-0.04098,-0.00303,-0.01112,0.202144,0.277816,0.273151,0.195108,0.315554,0.284446,0,0.4328,0.0069
D22,-0.13026,-0.05485,-0.03541,-0.04098,-0.00303,-0.01112,0.202144,0.277816,0.273151,0.195108,0.315554,0.284446,2,0.7084,0.00812
D22,-0.13026,-0.05485,-0.03541,-0.04098,-0.00303,-0.01112,0.202144,0.277816,0.273151,0.195108,0.315554,0.284446,4,0.8879,0.00928
D22,-0.13026,-0.05485,-0.03541,-0.04098,-0.00303,-0.01112,0.202144,0.277816,0.273151,0.195108,0.315554,0.284446,6,1.065,0.0106
D22,-0.13026,-0.05485,-0.03541,-0.04098,-0.00303,-0.01112,0.202144,0.277816,0.273151,0.195108,0.315554,0.284446,8,1.2233,0.0124
D22,-0.13026,-0.05485,-0.03541,-0.04098,-0.00303,-0.01112,0.202144,0.277816,0.273151,0.195108,0.315554,0.284446,10,1.3249,0.01745
D23,-0.13247,-0.05581,-0.03266,-0.04895,-0.00317,-0.01066,0.245265,0.279577,0.260849,0.20378,0.309914,0.277892,-2,0.2611,0.0083
D23,-0.13247,-0.05581,-0.03266,-0.04895,-0.00317,-0.01066,0.245265,0.279577,0.260849,0.20378,0.309914,0.277892,0,0.4335,0.00732
D23,-0.13247,-0.05581,-0.03266,-0.04895,-0.00317,-0.01066,0.245265,0.279577,0.260849,0.20378,0.309914,0.277892,2,0.7032,0.00842
D23,-0.13247,-0.05581,-0.03266,-0.04895,-0.00317,-0.01066,0.245265,0.279577,0.260849,0.20378,0.309914,0.277892,4,0.8802,0.00969
D23,-0.13247,-0.05581,-0.03266,-0.04895,-0.00317,-0.01066,0.245265,0.279577,0.260849,0.20378,0.309914,0.277892,6,1.0585,0.01117
D23,-0.13247,-0.05581,-0.03266,-0.04895,-0.00317,-0.01066,0.245265,0.279577,0.260849,0.20378,0.309914,0.277892,8,1.2194,0.01313
D23,-0.13247,-0.05581,-0.03266,-0.04895,-0.00317,-0.01066,0.245265,0.279577,0.260849,0.20378,0.309914,0.277892,10,1.361,0.01619
D24,-0.13622,-0.04789,-0.03575,-0.04013,-0.00325,-0.00988,0.226906,0.231922,0.266249,0.217199,0.32023,0.29802,-2,0.2695,0.00886
D24,-0.13622,-0.04789,-0.03575,-0.04013,-0.00325,-0.00988,0.226906,0.231922,0.266249,0.217199,0.32023,0.29802,0,0.4631,0.0065
D24,-0.13622,-0.04789,-0.03575,-0.04013,-0.00325,-0.00988,0.226906,0.231922,0.266249,0.217199,0.32023,0.29802,2,0.7498,0.00699
D24,-0.13622,-0.04789,-0.03575,-0.04013,-0.00325,-0.00988,0.226906,0.231922,0.266249,0.217199,0.32023,0.29802,4,0.8933,0.00874
D24,-0.13622,-0.04789,-0.03575,-0.04013,-0.00325,-0.00988,0.226906,0.231922,0.266249,0.217199,0.32023,0.29802,6,1.0344,0.01086
D24,-0.13622,-0.04789,-0.03575,-0.04013,-0.00325,-0.00988,0.226906,0.231922,0.266249,0.217199,0.32023,0.29802,8,1.1665,0.01418
D24,-0.13622,-0.04789,-0.03575,-0.04013,-0.00325,-0.00988,0.226906,0.231922,0.266249,0.217199,0.32023,0.29802,10,1.289,0.01866
D25,-0.12924,-0.05514,-0.03025,-0.03851,-0.00306,-0.0087,0.190723,0.274737,0.26271,0.219472,0.300233,0.237751,-2,0.2415,0.00829
D25,-0.12924,-0.05514,-0.03025,-0.03851,-0.00306,-0.0087,0.190723,0.274737,0.26271,0.219472,0.300233,0.237751,0,0.4292,0.0067
D25,-0.12924,-0.05514,-0.03025,-0.03851,-0.00306,-0.0087,0.190723,0.274737,0.26271,0.219472,0.300233,0.237751,2,0.702,0.00752
D25,-0.12924,-0.05514,-0.03025,-0.03851,-0.00306,-0.0087,0.190723,0.274737,0.26271,0.219472,0.300233,0.237751,4,0.887,0.00873
D25,-0.12924,-0.05514,-0.03025,-0.03851,-0.00306,-0.0087,0.190723,0.274737,0.26271,0.219472,0.300233,0.237751,6,1.0677,0.01021
D25,-0.12924,-0.05514,-0.03025,-0.03851,-0.00306,-0.0087,0.190723,0.274737,0.26271,0.219472,0.300233,0.237751,8,1.2305,0.01234
D25,-0.12924,-0.05514,-0.03025,-0.03851,-0.00306,-0.0087,0.190723,0.274737,0.26271,0.219472,0.300233,0.237751,10,1.2964,0.01906
D26,-0.14634,-0.05222,-0.03049,-0.03946,-0.00328,-0.01041,0.207418,0.257005,0.281893,0.212363,0.27494,0.247866,-2,0.2297,0.00865
D26,-0.14634,-0.05222,-0.03049,-0.03946,-0.00328,-0.01041,0.207418,0.257005,0.281893,0.212363,0.27494,0.247866,0,0.4302,0.00794
D26,-0.14634,-0.05222,-0.03049,-0.03946,-0.00328,-0.01041,0.207418,0.257005,0.281893,0.212363,0.27494,0.247866,2,0.6956,0.0077
D26,-0.14634,-0.05222,-0.03049,-0.03946,-0.00328,-0.01041,0.207418,0.257005,0.281893,0.212363,0.27494,0.247866,4,0.8851,0.00874
D26,-0.14634,-0.05222,-0.03049,-0.03946,-0.00328,-0.01041,0.207418,0.257005,0.281893,0.212363,0.27494,0.247866,6,1.0691,0.01007
D26,-0.14634,-0.05222,-0.03049,-0.03946,-0.00328,-0.01041,0.207418,0.257005,0.281893,0.212363,0.27494,0.247866,8,1.2316,0.0124
D26,-0.14634,-0.05222,-0.03049,-0.03946,-0.00328,-0.01041,0.207418,0.257005,0.281893,0.212363,0.27494,0.247866,10,1.3112,0.01824
D27,-0.12602,-0.0588,-0.03528,-0.04084,-0.00289,-0.0096,0.198217,0.266063,0.302793,0.218817,0.252257,0.279947,-2,0.2326,0.00884
D27,-0.12602,-0.0588,-0.03528,-0.04084,-0.00289,-0.0096,0.198217,0.266063,0.302793,0.218817,0.252257,0.279947,0,0.4211,0.00737
D27,-0.12602,-0.0588,-0.03528,-0.04084,-0.00289,-0.0096,0.198217,0.266063,0.302793,0.218817,0.252257,0.279947,2,0.7096,0.00806
D27,-0.12602,-0.0588,-0.03528,-0.04084,-0.00289,-0.0096,0.198217,0.266063,0.302793,0.218817,0.252257,0.279947,4,0.9018,0.009
D27,-0.12602,-0.0588,-0.03528,-0.04084,-0.00289,-0.0096,0.198217,0.266063,0.302793,0.218817,0.252257,0.279947,6,1.0871,0.01005
D27,-0.12602,-0.0588,-0.03528,-0.04084,-0.00289,-0.0096,0.198217,0.266063,0.302793,0.218817,0.252257,0.279947,8,1.2546,0.01188
D27,-0.12602,-0.0588,-0.03528,-0.04084,-0.00289,-0.0096,0.198217,0.266063,0.302793,0.218817,0.252257,0.279947,10,1.3007,0.01901
D28,-0.15043,-0.06048,-0.03547,-0.04407,-0.00296,-0.01109,0.233555,0.280577,0.279799,0.193334,0.30782,0.28968,-2,0.2578,0.00843
D28,-0.15043,-0.06048,-0.03547,-0.04407,-0.00296,-0.01109,0.233555,0.280577,0.279799,0.193334,0.30782,0.28968,0,0.4391,0.00845
D28,-0.15043,-0.06048,-0.03547,-0.04407,-0.00296,-0.01109,0.233555,0.280577,0.279799,0.193334,0.30782,0.28968,2,0.7042,0.00848
D28,-0.15043,-0.06048,-0.03547,-0.04407,-0.00296,-0.01109,0.233555,0.280577,0.279799,0.193334,0.30782,0.28968,4,0.8857,0.00959
D28,-0.15043,-0.06048,-0.03547,-0.04407,-0.00296,-0.01109,0.233555,0.280577,0.279799,0.193334,0.30782,0.28968,6,1.0657,0.01093
D28,-0.15043,-0.06048,-0.03547,-0.04407,-0.00296,-0.01109,0.233555,0.280577,0.279799,0.193334,0.30782,0.28968,8,1.2287,0.0127
D28,-0.15043,-0.06048,-0.03547,-0.04407,-0.00296,-0.01109,0.233555,0.280577,0.279799,0.193334,0.30782,0.28968,10,1.3646,0.01589
D29,-0.14329,-0.04663,-0.02862,-0.03925,-0.00343,-0.00837,0.21306,0.232505,0.316088,0.187208,0.291406,0.252635,-2,0.2375,0.00871
D29,-0.14329,-0.04663,-0.02862,-0.03925,-0.00343,-0.00837,0.21306,0.232505,0.316088,0.187208,0.291406,0.252635,0,0.4362,0.00789
D29,-0.14329,-0.04663,-0.02862,-0.03925,-0.00343,-0.00837,0.21306,0.232505,0.316088,0.187208,0.291406,0.252635,2,0.7053,0.00772
D29,-0.14329,-0.04663,-0.02862,-0.03925,-0.00343,-0.00837,0.21306,0.232505,0.316088,0.187208,0.291406,0.252635,4,0.8941,0.0087
D29,-0.14329,-0.04663,-0.02862,-0.03925,-0.00343,-0.00837,0.21306,0.232505,0.316088,0.187208,0.291406,0.252635,6,1.0772,0.00994
D29,-0.14329,-0.04663,-0.02862,-0.03925,-0.00343,-0.00837,0.21306,0.232505,0.316088,0.187208,0.291406,0.252635,8,1.2185,0.01308
D29,-0.14329,-0.04663,-0.02862,-0.03925,-0.00343,-0.00837,0.21306,0.232505,0.316088,0.187208,0.291406,0.252635,10,1.2952,0.01913
D30,-0.11764,-0.04803,-0.03593,-0.04668,-0.00263,-0.0112,0.191938,0.227874,0.299311,0.191746,0.317522,0.306858,-2,0.261,0.00818
D30,-0.11764,-0.04803,-0.03593,-0.04668,-0.00263,-0.0112,0.191938,0.227874,0.299311,0.191746,0.317522,0.306858,0,0.4939,0.00622
D30,-0.11764,-0.04803,-0.03593,-0.04668,-0.00263,-0.0112,0.191938,0.227874,0.299311,0.191746,0.317522,0.306858,2,0.7374,0.00734
D30,-0.11764,-0.04803,-0.03593,-0.04668,-0.00263,-0.0112,0.191938,0.227874,0.299311,0.191746,0.317522,0.306858,4,0.904,0.00856
D30,-0.11764,-0.04803,-0.03593,-0.04668,-0.00263,-0.0112,0.191938,0.227874,0.299311,0.191746,0.317522,0.306858,6,1.0614,0.01004
D30,-0.11764,-0.04803,-0.03593,-0.04668,-0.00263,-0.0112,0.191938,0.227874,0.299311,0.191746,0.317522,0.306858,8,1.1601,0.01435
D30,-0.11764,-0.04803,-0.03593,-0.04668,-0.00263,-0.0112,0.191938,0.227874,0.299311,0.191746,0.317522,0.306858,10,1.2521,0.02034
D31,-0.14158,-0.05959,-0.02803,-0.04978,-0.0031,-0.01073,0.205364,0.242234,0.30405,0.207309,0.322307,0.294827,-2,0.2721,0.00841
D31,-0.14158,-0.05959,-0.02803,-0.04978,-0.0031,-0.01073,0.205364,0.242234,0.30405,0.207309,0.322307,0.294827,0,0.4606,0.00698
D31,-0.14158,-0.05959,-0.02803,-0.04978,-0.0031,-0.01073,0.205364,0.242234,0.30405,0.207309,0.322307,0.294827,2,0.7408,0.00754
D31,-0.14158,-0.05959,-0.02803,-0.04978,-0.0031,-0.01073,0.205364,0.242234,0.30405,0.207309,0.322307,0.294827,4,0.9128,0.00869
D31,-0.14158,-0.05959,-0.02803,-0.04978,-0.0031,-0.01073,0.205364,0.242234,0.30405,0.207309,0.322307,0.294827,6,1.0736,0.01012
D31,-0.14158,-0.05959,-0.02803,-0.04978,-0.0031,-0.01073,0.205364,0.242234,0.30405,0.207309,0.322307,0.294827,8,1.1966,0.01296
D31,-0.14158,-0.05959,-0.02803,-0.04978,-0.0031,-0.01073,0.205364,0.242234,0.30405,0.207309,0.322307,0.294827,10,1.2719,0.01958
D32,-0.14826,-0.05554,-0.03175,-0.038,-0.00348,-0.01097,0.188125,0.224016,0.332055,0.184686,0.290033,0.291265,-2,0.243,0.00864
D32,-0.14826,-0.05554,-0.03175,-0.038,-0.00348,-0.01097,0.188125,0.224016,0.332055,0.184686,0.290033,0.291265,0,0.4384,0.00799
D32,-0.14826,-0.05554,-0.03175,-0.038,-0.00348,-0.01097,0.188125,0.224016,0.332055,0.184686,0.290033,0.291265,2,0.7157,0.00783
D32,-0.14826,-0.05554,-0.03175,-0.038,-0.00348,-0.01097,0.188125,0.224016,0.332055,0.184686,0.290033,0.291265,4,0.9031,0.00876
D32,-0.14826,-0.05554,-0.03175,-0.038,-0.00348,-0.01097,0.188125,0.224016,0.332055,0.184686,0.290033,0.291265,6,1.0766,0.00986
D32,-0.14826,-0.05554,-0.03175,-0.038,-0.00348,-0.01097,0.188125,0.224016,0.332055,0.184686,0.290033,0.291265,8,1.1576,0.01508
D32,-0.14826,-0.05554,-0.03175,-0.038,-0.00348,-0.01097,0.188125,0.224016,0.332055,0.184686,0.290033,0.291265,10,1.2408,0.02116
D33,-0.14226,-0.05652,-0.03436,-0.04377,-0.00343,-0.00951,0.23243,0.277227,0.337465,0.218192,0.266887,0.282481,0,0.4531,0.00857
D33,-0.14226,-0.05652,-0.03436,-0.04377,-0.00343,-0.00951,0.23243,0.277227,0.337465,0.218192,0.266887,0.282481,2,0.7343,0.00847
D33,-0.14226,-0.05652,-0.03436,-0.04377,-0.00343,-0.00951,0.23243,0.277227,0.337465,0.218192,0.266887,0.282481,4,0.9265,0.00938
D33,-0.14226,-0.05652,-0.03436,-0.04377,-0.00343,-0.00951,0.23243,0.277227,0.337465,0.218192,0.266887,0.282481,6,1.1137,0.0104
D33,-0.14226,-0.05652,-0.03436,-0.04377,-0.00343,-0.00951,0.23243,0.277227,0.337465,0.218192,0.266887,0.282481,8,1.2876,0.01188
D33,-0.14226,-0.05652,-0.03436,-0.04377,-0.00343,-0.00951,0.23243,0.277227,0.337465,0.218192,0.266887,0.282481,10,1.392,0.01564
D34,-0.12212,-0.0484,-0.03582,-0.04506,-0.00315,-0.00874,0.193647,0.220757,0.320305,0.21345,0.259945,0.266948,-2,0.2304,0.00862
D34,-0.12212,-0.0484,-0.03582,-0.04506,-0.00315,-0.00874,0.193647,0.220757,0.320305,0.21345,0.259945,0.266948,0,0.4356,0.00692
D34,-0.12212,-0.0484,-0.03582,-0.04506,-0.00315,-0.00874,0.193647,0.220757,0.320305,0.21345,0.259945,0.266948,2,0.7098,0.00767
D34,-0.12212,-0.0484,-0.03582,-0.04506,-0.00315,-0.00874,0.193647,0.220757,0.320305,0.21345,0.259945,0.266948,4,0.9005,0.00849
D34,-0.12212,-0.0484,-0.03582,-0.04506,-0.00315,-0.00874,0.193647,0.220757,0.320305,0.21345,0.259945,0.266948,6,1.0807,0.00957
D34,-0.12212,-0.0484,-0.03582,-0.04506,-0.00315,-0.00874,0.193647,0.220757,0.320305,0.21345,0.259945,0.266948,8,1.1684,0.01489
D34,-0.12212,-0.0484,-0.03582,-0.04506,-0.00315,-0.00874,0.193647,0.220757,0.320305,0.21345,0.259945,0.266948,10,1.2522,0.02078
D35,-0.13077,-0.05919,-0.03268,-0.04357,-0.00282,-0.01103,0.227995,0.249964,0.300166,0.235671,0.32132,0.309411,-2,0.2952,0.00839
D35,-0.13077,-0.05919,-0.03268,-0.04357,-0.00282,-0.01103,0.227995,0.249964,0.300166,0.235671,0.32132,0.309411,0,0.4787,0.00674
D35,-0.13077,-0.05919,-0.03268,-0.04357,-0.00282,-0.01103,0.227995,0.249964,0.300166,0.235671,0.32132,0.309411,2,0.7701,0.00755
D35,-0.13077,-0.05919,-0.03268,-0.04357,-0.00282,-0.01103,0.227995,0.249964,0.300166,0.235671,0.32132,0.309411,4,0.9319,0.00876
D35,-0.13077,-0.05919,-0.03268,-0.04357,-0.00282,-0.01103,0.227995,0.249964,0.300166,0.235671,0.32132,0.309411,6,1.0828,0.01032
D35,-0.13077,-0.05919,-0.03268,-0.04357,-0.00282,-0.01103,0.227995,0.249964,0.300166,0.235671,0.32132,0.309411,8,1.2067,0.01312
D35,-0.13077,-0.05919,-0.03268,-0.04357,-0.00282,-0.01103,0.227995,0.249964,0.300166,0.235671,0.32132,0.309411,10,1.2995,0.01877
D36,-0.14498,-0.05138,-0.03339,-0.04421,-0.00323,-0.00999,0.210815,0.268491,0.29032,0.207824,0.264001,0.285661,-2,0.2366,0.00891
D36,-0.14498,-0.05138,-0.03339,-0.04421,-0.00323,-0.00999,0.210815,0.268491,0.29032,0.207824,0.264001,0.285661,0,0.4303,0.00811
D36,-0.14498,-0.05138,-0.03339,-0.04421,-0.00323,-0.00999,0.210815,0.268491,0.29032,0.207824,0.264001,0.285661,2,0.7047,0.00812
D36,-0.14498,-0.05138,-0.03339,-0.04421,-0.00323,-0.00999,0.210815,0.268491,0.29032,0.207824,0.264001,0.285661,4,0.8931,0.0091
D36,-0.14498,-0.05138,-0.03339,-0.04421,-0.00323,-0.00999,0.210815,0.268491,0.29032,0.207824,0.264001,0.285661,6,1.0765,0.0103
D36,-0.14498,-0.05138,-0.03339,-0.04421,-0.00323,-0.00999,0.210815,0.268491,0.29032,0.207824,0.264001,0.285661,8,1.2457,0.01211
D36,-0.14498,-0.05138,-0.03339,-0.04421,-0.00323,-0.00999,0.210815,0.268491,0.29032,0.207824,0.264001,0.285661,10,1.3334,0.01732
D37,-0.12549,-0.05624,-0.03355,-0.04648,-0.00315,-0.00845,0.243075,0.268449,0.255701,0.196568,0.249915,0.288283,-2,0.2285,0.00841
D37,-0.12549,-0.05624,-0.03355,-0.04648,-0.00315,-0.00845,0.243075,0.268449,0.255701,0.196568,0.249915,0.288283,0,0.402,0.00748
D37,-0.12549,-0.05624,-0.03355,-0.04648,-0.00315,-0.00845,0.243075,0.268449,0.255701,0.196568,0.249915,0.288283,2,0.6817,0.00836
D37,-0.12549,-0.05624,-0.03355,-0.04648,-0.00315,-0.00845,0.243075,0.268449,0.255701,0.196568,0.249915,0.288283,4,0.8675,0.0095
D37,-0.12549,-0.05624,-0.03355,-0.04648,-0.00315,-0.00845,0.243075,0.268449,0.255701,0.196568,0.249915,0.288283,6,1.0539,0.01092
D37,-0.12549,-0.05624,-0.03355,-0.04648,-0.00315,-0.00845,0.243075,0.268449,0.255701,0.196568,0.249915,0.288283,8,1.2294,0.01291
D37,-0.12549,-0.05624,-0.03355,-0.04648,-0.00315,-0.00845,0.243075,0.268449,0.255701,0.196568,0.249915,0.288283,10,1.3682,0.01612
D38,-0.14953,-0.05805,-0.03358,-0.04826,-0.00269,-0.00862,0.226133,0.214104,0.252921,0.226036,0.255917,0.302421,-2,0.2313,0.00844
D38,-0.14953,-0.05805,-0.03358,-0.04826,-0.00269,-0.00862,0.226133,0.214104,0.252921,0.226036,0.255917,0.302421,0,0.4396,0.00695
D38,-0.14953,-0.05805,-0.03358,-0.04826,-0.00269,-0.00862,0.226133,0.214104,0.252921,0.226036,0.255917,0.302421,2,0.7065,0.0071
D38,-0.14953,-0.05805,-0.03358,-0.04826,-0.00269,-0.00862,0.226133,0.214104,0.252921,0.226036,0.255917,0.302421,4,0.8673,0.00859
D38,-0.14953,-0.05805,-0.03358,-0.04826,-0.00269,-0.00862,0.226133,0.214104,0.252921,0.226036,0.255917,0.302421,6,1.0179,0.01114
D38,-0.14953,-0.05805,-0.03358,-0.04826,-0.00269,-0.00862,0.226133,0.214104,0.252921,0.226036,0.255917,0.302421,8,1.1531,0.01454
D38,-0.14953,-0.05805,-0.03358,-0.04826,-0.00269,-0.00862,0.226133,0.214104,0.252921,0.226036,0.255917,0.302421,10,1.2808,0.01853
D39,-0.12873,-0.05197,-0.03126,-0.04929,-0.00267,-0.0107,0.235505,0.218797,0.295355,0.245376,0.269408,0.242213,-2,0.2401,0.00871
D39,-0.12873,-0.05197,-0.03126,-0.04929,-0.00267,-0.0107,0.235505,0.218797,0.295355,0.245376,0.269408,0.242213,0,0.4325,0.00685
D39,-0.12873,-0.05197,-0.03126,-0.04929,-0.00267,-0.0107,0.235505,0.218797,0.295355,0.245376,0.269408,0.242213,2,0.7202,0.0073
D39,-0.12873,-0.05197,-0.03126,-0.04929,-0.00267,-0.0107,0.235505,0.218797,0.295355,0.245376,0.269408,0.242213,4,0.9046,0.00821
D39,-0.12873,-0.05197,-0.03126,-0.04929,-0.00267,-0.0107,0.235505,0.218797,0.295355,0.245376,0.269408,0.242213,6,1.0727,0.01002
D39,-0.12873,-0.05197,-0.03126,-0.04929,-0.00267,-0.0107,0.235505,0.218797,0.295355,0.245376,0.269408,0.242213,8,1.1783,0.01451
D39,-0.12873,-0.05197,-0.03126,-0.04929,-0.00267,-0.0107,0.235505,0.218797,0.295355,0.245376,0.269408,0.242213,10,1.2838,0.01939
D40,-0.12317,-0.04635,-0.02703,-0.04175,-0.00274,-0.00881,0.185094,0.215673,0.312017,0.210799,0.294166,0.245305,-2,0.2402,0.00842
D40,-0.12317,-0.04635,-0.02703,-0.04175,-0.00274,-0.00881,0.185094,0.215673,0.312017,0.210799,0.294166,0.245305,0,0.452,0.00658
D40,-0.12317,-0.04635,-0.02703,-0.04175,-0.00274,-0.00881,0.185094,0.215673,0.312017,0.210799,0.294166,0.245305,2,0.7161,0.0073
D40,-0.12317,-0.04635,-0.02703,-0.04175,-0.00274,-0.00881,0.185094,0.215673,0.312017,0.210799,0.294166,0.245305,4,0.9035,0.00821
D40,-0.12317,-0.04635,-0.02703,-0.04175,-0.00274,-0.00881,0.185094,0.215673,0.312017,0.210799,0.294166,0.245305,6,1.0774,0.00955
D40,-0.12317,-0.04635,-0.02703,-0.04175,-0.00274,-0.00881,0.185094,0.215673,0.312017,0.210799,0.294166,0.245305,8,1.1454,0.01564
D40,-0.12317,-0.04635,-0.02703,-0.04175,-0.00274,-0.00881,0.185094,0.215673,0.312017,0.210799,0.294166,0.245305,10,1.2372,0.02158
D41,-0.1161,-0.04961,-0.02852,-0.05105,-0.00331,-0.00906,0.230656,0.272459,0.309804,0.230703,0.247888,0.250325,-2,0.2355,0.00921
D41,-0.1161,-0.04961,-0.02852,-0.05105,-0.00331,-0.00906,0.230656,0.272459,0.309804,0.230703,0.247888,0.250325,0,0.4341,0.00735
D41,-0.1161,-0.04961,-0.02852,-0.05105,-0.00331,-0.00906,0.230656,0.272459,0.309804,0.230703,0.247888,0.250325,2,0.7149,0.00812
D41,-0.1161,-0.04961,-0.02852,-0.05105,-0.00331,-0.00906,0.230656,0.272459,0.309804,0.230703,0.247888,0.250325,4,0.9083,0.00905
D42,-0.1161,-0.04961,-0.02852,-0.05105,-0.00331,-0.00906,0.230656,0.272459,0.309804,0.230703,0.247888,0.250325,6,1.0981,0.01018
D41,-0.1161,-0.04961,-0.02852,-0.05105,-0.00331,-0.00906,0.230656,0.272459,0.309804,0.230703,0.247888,0.250325,8,1.2753,0.01188
D41,-0.1161,-0.04961,-0.02852,-0.05105,-0.00331,-0.00906,0.230656,0.272459,0.309804,0.230703,0.247888,0.250325,10,1.3753,0.01632
D42,-0.12409,-0.04988,-0.03304,-0.05127,-0.00345,-0.00896,0.209521,0.210262,0.334144,0.222961,0.332393,0.236203,-2,0.261,0.00859
D42,-0.12409,-0.04988,-0.03304,-0.05127,-0.00345,-0.00896,0.209521,0.210262,0.334144,0.222961,0.332393,0.236203,0,0.4603,0.00672
D42,-0.12409,-0.04988,-0.03304,-0.05127,-0.00345,-0.00896,0.209521,0.210262,0.334144,0.222961,0.332393,0.236203,2,0.746,0.00733
D42,-0.12409,-0.04988,-0.03304,-0.05127,-0.00345,-0.00896,0.209521,0.210262,0.334144,0.222961,0.332393,0.236203,4,0.9275,0.00818
D42,-0.12409,-0.04988,-0.03304,-0.05127,-0.00345,-0.00896,0.209521,0.210262,0.334144,0.222961,0.332393,0.236203,6,1.0965,0.00956
D42,-0.12409,-0.04988,-0.03304,-0.05127,-0.00345,-0.00896,0.209521,0.210262,0.334144,0.222961,0.332393,0.236203,8,1.1484,0.01546
D42,-0.12409,-0.04988,-0.03304,-0.05127,-0.00345,-0.00896,0.209521,0.210262,0.334144,0.222961,0.332393,0.236203,10,1.2399,0.02169
D43,-0.12666,-0.05182,-0.02759,-0.04048,-0.00319,-0.01037,0.225185,0.212424,0.321576,0.208911,0.286317,0.292257,-2,0.2642,0.00836
D43,-0.12666,-0.05182,-0.02759,-0.04048,-0.00319,-0.01037,0.225185,0.212424,0.321576,0.208911,0.286317,0.292257,0,0.4476,0.0068
D43,-0.12666,-0.05182,-0.02759,-0.04048,-0.00319,-0.01037,0.225185,0.212424,0.321576,0.208911,0.286317,0.292257,2,0.7411,0.00758
D43,-0.12666,-0.05182,-0.02759,-0.04048,-0.00319,-0.01037,0.225185,0.212424,0.321576,0.208911,0.286317,0.292257,4,0.9165,0.00854
D43,-0.12666,-0.05182,-0.02759,-0.04048,-0.00319,-0.01037,0.225185,0.212424,0.321576,0.208911,0.286317,0.292257,6,1.0839,0.00997
D43,-0.12666,-0.05182,-0.02759,-0.04048,-0.00319,-0.01037,0.225185,0.212424,0.321576,0.208911,0.286317,0.292257,8,1.1768,0.01455
D43,-0.12666,-0.05182,-0.02759,-0.04048,-0.00319,-0.01037,0.225185,0.212424,0.321576,0.208911,0.286317,0.292257,10,1.2774,0.01971
D44,-0.11747,-0.04697,-0.03121,-0.04638,-0.00272,-0.00857,0.216369,0.26417,0.315391,0.182959,0.29695,0.257856,-2,0.2417,0.00878
D44,-0.11747,-0.04697,-0.03121,-0.04638,-0.00272,-0.00857,0.216369,0.26417,0.315391,0.182959,0.29695,0.257856,0,0.4409,0.00727
D44,-0.11747,-0.04697,-0.03121,-0.04638,-0.00272,-0.00857,0.216369,0.26417,0.315391,0.182959,0.29695,0.257856,2,0.7105,0.0082
D44,-0.11747,-0.04697,-0.03121,-0.04638,-0.00272,-0.00857,0.216369,0.26417,0.315391,0.182959,0.29695,0.257856,4,0.9011,0.00918
D44,-0.11747,-0.04697,-0.03121,-0.04638,-0.00272,-0.00857,0.216369,0.26417,0.315391,0.182959,0.29695,0.257856,6,1.0875,0.01032
D44,-0.11747,-0.04697,-0.03121,-0.04638,-0.00272,-0.00857,0.216369,0.26417,0.315391,0.182959,0.29695,0.257856,8,1.2605,0.012
D44,-0.11747,-0.04697,-0.03121,-0.04638,-0.00272,-0.00857,0.216369,0.26417,0.315391,0.182959,0.29695,0.257856,10,1.3455,0.01731
D45,-0.12304,-0.0533,-0.03632,-0.0412,-0.00332,-0.00989,0.241427,0.238087,0.287111,0.238252,0.284408,0.246272,-2,0.2519,0.00846
D45,-0.12304,-0.0533,-0.03632,-0.0412,-0.00332,-0.00989,0.241427,0.238087,0.287111,0.238252,0.284408,0.246272,0,0.4429,0.00668
D45,-0.12304,-0.0533,-0.03632,-0.0412,-0.00332,-0.00989,0.241427,0.238087,0.287111,0.238252,0.284408,0.246272,2,0.726,0.00737
D45,-0.12304,-0.0533,-0.03632,-0.0412,-0.00332,-0.00989,0.241427,0.238087,0.287111,0.238252,0.284408,0.246272,4,0.9063,0.0085
D45,-0.12304,-0.0533,-0.03632,-0.0412,-0.00332,-0.00989,0.241427,0.238087,0.287111,0.238252,0.284408,0.246272,6,1.0758,0.01031
D45,-0.12304,-0.0533,-0.03632,-0.0412,-0.00332,-0.00989,0.241427,0.238087,0.287111,0.238252,0.284408,0.246272,10,1.3114,0.01845
D46,-0.14749,-0.05039,-0.03187,-0.04723,-0.00278,-0.00899,0.222083,0.213567,0.273895,0.189012,0.298432,0.240931,-2,0.2248,0.00854
D46,-0.14749,-0.05039,-0.03187,-0.04723,-0.00278,-0.00899,0.222083,0.213567,0.273895,0.189012,0.298432,0.240931,0,0.4283,0.00698
D46,-0.14749,-0.05039,-0.03187,-0.04723,-0.00278,-0.00899,0.222083,0.213567,0.273895,0.189012,0.298432,0.240931,2,0.6887,0.00705
D46,-0.14749,-0.05039,-0.03187,-0.04723,-0.00278,-0.00899,0.222083,0.213567,0.273895,0.189012,0.298432,0.240931,4,0.8628,0.00848
D46,-0.14749,-0.05039,-0.03187,-0.04723,-0.00278,-0.00899,0.222083,0.213567,0.273895,0.189012,0.298432,0.240931,6,1.0301,0.01062
D46,-0.14749,-0.05039,-0.03187,-0.04723,-0.00278,-0.00899,0.222083,0.213567,0.273895,0.189012,0.298432,0.240931,8,1.1659,0.01439
D46,-0.14749,-0.05039,-0.03187,-0.04723,-0.00278,-0.00899,0.222083,0.213567,0.273895,0.189012,0.298432,0.240931,10,1.2852,0.01877
D47,-0.13788,-0.05719,-0.02964,-0.05088,-0.003,-0.01029,0.24175,0.261036,0.26959,0.205513,0.30546,0.273708,-2,0.2565,0.00838
D47,-0.13788,-0.05719,-0.02964,-0.05088,-0.003,-0.01029,0.24175,0.261036,0.26959,0.205513,0.30546,0.273708,0,0.4428,0.0071
D47,-0.13788,-0.05719,-0.02964,-0.05088,-0.003,-0.01029,0.24175,0.261036,0.26959,0.205513,0.30546,0.273708,4,0.8816,0.00932
D47,-0.13788,-0.05719,-0.02964,-0.05088,-0.003,-0.01029,0.24175,0.261036,0.26959,0.205513,0.30546,0.273708,6,1.0554,0.01093
D47,-0.13788,-0.05719,-0.02964,-0.05088,-0.003,-0.01029,0.24175,0.261036,0.26959,0.205513,0.30546,0.273708,8,1.21,0.01317
D47,-0.13788,-0.05719,-0.02964,-0.05088,-0.003,-0.01029,0.24175,0.261036,0.26959,0.205513,0.30546,0.273708,10,1.3394,0.0169
D48,-0.15338,-0.05282,-0.03296,-0.04783,-0.0026,-0.01005,0.237583,0.21971,0.262478,0.236865,0.278467,0.239868,-2,0.2325,0.00875
D48,-0.15338,-0.05282,-0.03296,-0.04783,-0.0026,-0.01005,0.237583,0.21971,0.262478,0.236865,0.278467,0.239868,0,0.44,0.00759
D48,-0.15338,-0.05282,-0.03296,-0.04783,-0.0026,-0.01005,0.237583,0.21971,0.262478,0.236865,0.278467,0.239868,2,0.704,0.00698
D48,-0.15338,-0.05282,-0.03296,-0.04783,-0.0026,-0.01005,0.237583,0.21971,0.262478,0.236865,0.278467,0.239868,4,0.8773,0.00836
D48,-0.15338,-0.05282,-0.03296,-0.04783,-0.0026,-0.01005,0.237583,0.21971,0.262478,0.236865,0.278467,0.239868,6,1.0314,0.01107
D48,-0.15338,-0.05282,-0.03296,-0.04783,-0.0026,-0.01005,0.237583,0.21971,0.262478,0.236865,0.278467,0.239868,8,1.1652,0.01454
D48,-0.15338,-0.05282,-0.03296,-0.04783,-0.0026,-0.01005,0.237583,0.21971,0.262478,0.236865,0.278467,0.239868,10,1.2881,0.0187
D49,-0.14791,-0.06176,-0.02748,-0.04277,-0.00339,-0.00942,0.244076,0.257496,0.327075,0.216306,0.282385,0.24356,-2,0.2418,0.00925
D49,-0.14791,-0.06176,-0.02748,-0.04277,-0.00339,-0.00942,0.244076,0.257496,0.327075,0.216306,0.282385,0.24356,0,0.4507,0.00866
D49,-0.14791,-0.06176,-0.02748,-0.04277,-0.00339,-0.00942,0.244076,0.257496,0.327075,0.216306,0.282385,0.24356,2,0.7192,0.00809
D49,-0.14791,-0.06176,-0.02748,-0.04277,-0.00339,-0.00942,0.244076,0.257496,0.327075,0.216306,0.282385,0.24356,4,0.9116,0.00901
D49,-0.14791,-0.06176,-0.02748,-0.04277,-0.00339,-0.00942,0.244076,0.257496,0.327075,0.216306,0.282385,0.24356,6,1.099,0.01019
D49,-0.14791,-0.06176,-0.02748,-0.04277,-0.00339,-0.00942,0.244076,0.257496,0.327075,0.216306,0.282385,0.24356,8,1.2644,0.01226
D49,-0.14791,-0.06176,-0.02748,-0.04277,-0.00339,-0.00942,0.244076,0.257496,0.327075,0.216306,0.282385,0.24356,10,1.351,0.01726
D50,-0.13182,-0.05535,-0.02713,-0.04589,-0.00293,-0.01015,0.218964,0.266685,0.322857,0.220963,0.254077,0.311147,-2,0.2535,0.00926
D50,-0.13182,-0.05535,-0.02713,-0.04589,-0.00293,-0.01015,0.218964,0.266685,0.322857,0.220963,0.254077,0.311147,0,0.4429,0.00788
D50,-0.13182,-0.05535,-0.02713,-0.04589,-0.00293,-0.01015,0.218964,0.266685,0.322857,0.220963,0.254077,0.311147,2,0.7366,0.00835
D50,-0.13182,-0.05535,-0.02713,-0.04589,-0.00293,-0.01015,0.218964,0.266685,0.322857,0.220963,0.254077,0.311147,4,0.9252,0.00923
D50,-0.13182,-0.05535,-0.02713,-0.04589,-0.00293,-0.01015,0.218964,0.266685,0.322857,0.220963,0.254077,0.311147,6,1.1064,0.01026
D50,-0.13182,-0.05535,-0.02713,-0.04589,-0.00293,-0.01015,0.218964,0.266685,0.322857,0.220963,0.254077,0.311147,8,1.2724,0.01186
D50,-0.13182,-0.05535,-0.02713,-0.04589,-0.00293,-0.01015,0.218964,0.266685,0.322857,0.220963,0.254077,0.311147,10,1.3435,0.01732
D51,-0.15311,-0.05263,-0.03067,-0.04156,-0.00289,-0.01082,0.196813,0.211618,0.306357,0.182356,0.261031,0.264761,-2,0.2127,0.00859
D51,-0.15311,-0.05263,-0.03067,-0.04156,-0.00289,-0.01082,0.196813,0.211618,0.306357,0.182356,0.261031,0.264761,0,0.4145,0.00805
D51,-0.15311,-0.05263,-0.03067,-0.04156,-0.00289,-0.01082,0.196813,0.211618,0.306357,0.182356,0.261031,0.264761,2,0.682,0.00755
D51,-0.15311,-0.05263,-0.03067,-0.04156,-0.00289,-0.01082,0.196813,0.211618,0.306357,0.182356,0.261031,0.264761,4,0.8692,0.00846
D51,-0.15311,-0.05263,-0.03067,-0.04156,-0.00289,-0.01082,0.196813,0.211618,0.306357,0.182356,0.261031,0.264761,6,1.0512,0.00977
D51,-0.15311,-0.05263,-0.03067,-0.04156,-0.00289,-0.01082,0.196813,0.211618,0.306357,0.182356,0.261031,0.264761,8,1.16,0.01493
D51,-0.15311,-0.05263,-0.03067,-0.04156,-0.00289,-0.01082,0.196813,0.211618,0.306357,0.182356,0.261031,0.264761,10,1.2621,0.01982
D52,-0.12947,-0.05166,-0.0292,-0.04449,-0.0033,-0.01054,0.18957,0.255119,0.332348,0.200844,0.324453,0.278296,-2,0.2698,0.00855
D52,-0.12947,-0.05166,-0.0292,-0.04449,-0.0033,-0.01054,0.18957,0.255119,0.332348,0.200844,0.324453,0.278296,0,0.4493,0.0071
D52,-0.12947,-0.05166,-0.0292,-0.04449,-0.0033,-0.01054,0.18957,0.255119,0.332348,0.200844,0.324453,0.278296,2,0.741,0.00795
D52,-0.12947,-0.05166,-0.0292,-0.04449,-0.0033,-0.01054,0.18957,0.255119,0.332348,0.200844,0.324453,0.278296,4,0.9266,0.00894
D52,-0.12947,-0.05166,-0.0292,-0.04449,-0.0033,-0.01054,0.18957,0.255119,0.332348,0.200844,0.324453,0.278296,6,1.0992,0.01011
D52,-0.12947,-0.05166,-0.0292,-0.04449,-0.0033,-0.01054,0.18957,0.255119,0.332348,0.200844,0.324453,0.278296,8,1.2341,0.01227
D52,-0.12947,-0.05166,-0.0292,-0.04449,-0.0033,-0.01054,0.18957,0.255119,0.332348,0.200844,0.324453,0.278296,10,1.259,0.02107
D53,-0.13743,-0.04918,-0.02934,-0.04221,-0.0028,-0.0106,0.187092,0.261686,0.277174,0.239332,0.257759,0.287601,-2,0.2479,0.00859
D53,-0.13743,-0.04918,-0.02934,-0.04221,-0.0028,-0.0106,0.187092,0.261686,0.277174,0.239332,0.257759,0.287601,0,0.4356,0.00725
D53,-0.13743,-0.04918,-0.02934,-0.04221,-0.0028,-0.0106,0.187092,0.261686,0.277174,0.239332,0.257759,0.287601,2,0.7196,0.00765
D53,-0.13743,-0.04918,-0.02934,-0.04221,-0.0028,-0.0106,0.187092,0.261686,0.277174,0.239332,0.257759,0.287601,4,0.9054,0.00864
D53,-0.13743,-0.04918,-0.02934,-0.04221,-0.0028,-0.0106,0.187092,0.261686,0.277174,0.239332,0.257759,0.287601,6,1.0805,0.00992
D53,-0.13743,-0.04918,-0.02934,-0.04221,-0.0028,-0.0106,0.187092,0.261686,0.277174,0.239332,0.257759,0.287601,8,1.2228,0.01249
D53,-0.13743,-0.04918,-0.02934,-0.04221,-0.0028,-0.0106,0.187092,0.261686,0.277174,0.239332,0.257759,0.287601,10,1.2705,0.02
D54,-0.1438,-0.04873,-0.03048,-0.05048,-0.00325,-0.00925,0.237785,0.247558,0.294244,0.227139,0.308924,0.25074,-2,0.2622,0.00871
D54,-0.1438,-0.04873,-0.03048,-0.05048,-0.00325,-0.00925,0.237785,0.247558,0.294244,0.227139,0.308924,0.25074,0,0.4591,0.00736
D54,-0.1438,-0.04873,-0.03048,-0.05048,-0.00325,-0.00925,0.237785,0.247558,0.294244,0.227139,0.308924,0.25074,2,0.732,0.0075
D54,-0.1438,-0.04873,-0.03048,-0.05048,-0.00325,-0.00925,0.237785,0.247558,0.294244,0.227139,0.308924,0.25074,4,0.9082,0.0087
D54,-0.1438,-0.04873,-0.03048,-0.05048,-0.00325,-0.00925,0.237785,0.247558,0.294244,0.227139,0.308924,0.25074,6,1.0789,0.01032
D54,-0.1438,-0.04873,-0.03048,-0.05048,-0.00325,-0.00925,0.237785,0.247558,0.294244,0.227139,0.308924,0.25074,8,1.2125,0.0132
D54,-0.1438,-0.04873,-0.03048,-0.05048,-0.00325,-0.00925,0.237785,0.247558,0.294244,0.227139,0.308924,0.25074,10,1.3144,0.01819
D55,-0.12748,-0.05063,-0.03449,-0.04234,-0.00336,-0.0101,0.217209,0.23471,0.297003,0.223406,0.276528,0.234473,-2,0.2313,0.00859
D55,-0.12748,-0.05063,-0.03449,-0.04234,-0.00336,-0.0101,0.217209,0.23471,0.297003,0.223406,0.276528,0.234473,0,0.4225,0.00682
D55,-0.12748,-0.05063,-0.03449,-0.04234,-0.00336,-0.0101,0.217209,0.23471,0.297003,0.223406,0.276528,0.234473,2,0.7063,0.00744
D55,-0.12748,-0.05063,-0.03449,-0.04234,-0.00336,-0.0101,0.217209,0.23471,0.297003,0.223406,0.276528,0.234473,4,0.8946,0.0084
D55,-0.12748,-0.05063,-0.03449,-0.04234,-0.00336,-0.0101,0.217209,0.23471,0.297003,0.223406,0.276528,0.234473,6,1.0767,0.00979
D55,-0.12748,-0.05063,-0.03449,-0.04234,-0.00336,-0.0101,0.217209,0.23471,0.297003,0.223406,0.276528,0.234473,8,1.2116,0.01331
D55,-0.12748,-0.05063,-0.03449,-0.04234,-0.00336,-0.0101,0.217209,0.23471,0.297003,0.223406,0.276528,0.234473,10,1.2938,0.01906
D56,-0.12011,-0.05436,-0.03504,-0.04555,-0.00287,-0.01024,0.20826,0.230939,0.335766,0.233249,0.248487,0.255201,-2,0.2314,0.00899
D56,-0.12011,-0.05436,-0.03504,-0.04555,-0.00287,-0.01024,0.20826,0.230939,0.335766,0.233249,0.248487,0.255201,0,0.4347,0.00723
D56,-0.12011,-0.05436,-0.03504,-0.04555,-0.00287,-0.01024,0.20826,0.230939,0.335766,0.233249,0.248487,0.255201,2,0.7175,0.00789
D56,-0.12011,-0.05436,-0.03504,-0.04555,-0.00287,-0.01024,0.20826,0.230939,0.335766,0.233249,0.248487,0.255201,4,0.9139,0.00873
D56,-0.12011,-0.05436,-0.03504,-0.04555,-0.00287,-0.01024,0.20826,0.230939,0.335766,0.233249,0.248487,0.255201,6,1.099,0.0096
D56,-0.12011,-0.05436,-0.03504,-0.04555,-0.00287,-0.01024,0.20826,0.230939,0.335766,0.233249,0.248487,0.255201,8,1.2237,0.01326
D56,-0.12011,-0.05436,-0.03504,-0.04555,-0.00287,-0.01024,0.20826,0.230939,0.335766,0.233249,0.248487,0.255201,10,1.2682,0.02061
D57,-0.13825,-0.05846,-0.02912,-0.04614,-0.00292,-0.00964,0.240472,0.233376,0.311466,0.19851,0.301173,0.28088,-2,0.2616,0.0084
D57,-0.13825,-0.05846,-0.02912,-0.04614,-0.00292,-0.00964,0.240472,0.233376,0.311466,0.19851,0.301173,0.28088,0,0.45,0.00737
D57,-0.13825,-0.05846,-0.02912,-0.04614,-0.00292,-0.00964,0.240472,0.233376,0.311466,0.19851,0.301173,0.28088,2,0.7261,0.00779
D57,-0.13825,-0.05846,-0.02912,-0.04614,-0.00292,-0.00964,0.240472,0.233376,0.311466,0.19851,0.301173,0.28088,4,0.9029,0.00889
D57,-0.13825,-0.05846,-0.02912,-0.04614,-0.00292,-0.00964,0.240472,0.233376,0.311466,0.19851,0.301173,0.28088,6,1.0747,0.01037
D57,-0.13825,-0.05846,-0.02912,-0.04614,-0.00292,-0.00964,0.240472,0.233376,0.311466,0.19851,0.301173,0.28088,8,1.2062,0.01343
D57,-0.13825,-0.05846,-0.02912,-0.04614,-0.00292,-0.00964,0.240472,0.233376,0.311466,0.19851,0.301173,0.28088,10,1.3112,0.0183
D58,-0.14117,-0.05687,-0.03252,-0.04474,-0.00319,-0.00974,0.184082,0.259735,0.28905,0.231771,0.323178,0.268642,-2,0.2687,0.0085
D58,-0.14117,-0.05687,-0.03252,-0.04474,-0.00319,-0.00974,0.184082,0.259735,0.28905,0.231771,0.323178,0.268642,0,0.4597,0.00695
D58,-0.14117,-0.05687,-0.03252,-0.04474,-0.00319,-0.00974,0.184082,0.259735,0.28905,0.231771,0.323178,0.268642,2,0.7415,0.00735
D58,-0.14117,-0.05687,-0.03252,-0.04474,-0.00319,-0.00974,0.184082,0.259735,0.28905,0.231771,0.323178,0.268642,4,0.9193,0.00846
D58,-0.14117,-0.05687,-0.03252,-0.04474,-0.00319,-0.00974,0.184082,0.259735,0.28905,0.231771,0.323178,0.268642,6,1.0818,0.00995
D58,-0.14117,-0.05687,-0.03252,-0.04474,-0.00319,-0.00974,0.184082,0.259735,0.28905,0.231771,0.323178,0.268642,8,1.201,0.01285
D58,-0.14117,-0.05687,-0.03252,-0.04474,-0.00319,-0.00974,0.184082,0.259735,0.28905,0.231771,0.323178,0.268642,10,1.2465,0.02111
D59,-0.14295,-0.05372,-0.02781,-0.03997,-0.00321,-0.00937,0.223214,0.243088,0.2565,0.193698,0.261775,0.266084,-2,0.2227,0.00823
D59,-0.14295,-0.05372,-0.02781,-0.03997,-0.00321,-0.00937,0.223214,0.243088,0.2565,0.193698,0.261775,0.266084,0,0.4184,0.00762
D59,-0.14295,-0.05372,-0.02781,-0.03997,-0.00321,-0.00937,0.223214,0.243088,0.2565,0.193698,0.261775,0.266084,2,0.676,0.00775
D59,-0.14295,-0.05372,-0.02781,-0.03997,-0.00321,-0.00937,0.223214,0.243088,0.2565,0.193698,0.261775,0.266084,4,0.8597,0.00896
D59,-0.14295,-0.05372,-0.02781,-0.03997,-0.00321,-0.00937,0.223214,0.243088,0.2565,0.193698,0.261775,0.266084,6,1.042,0.01055
D59,-0.14295,-0.05372,-0.02781,-0.03997,-0.00321,-0.00937,0.223214,0.243088,0.2565,0.193698,0.261775,0.266084,8,1.2061,0.0132
D59,-0.14295,-0.05372,-0.02781,-0.03997,-0.00321,-0.00937,0.223214,0.243088,0.2565,0.193698,0.261775,0.266084,10,1.3272,0.01739
D60,-0.13553,-0.05599,-0.03469,-0.04529,-0.00304,-0.00886,0.220125,0.243944,0.258914,0.228901,0.306666,0.275117,-2,0.26,0.00849
D60,-0.13553,-0.05599,-0.03469,-0.04529,-0.00304,-0.00886,0.220125,0.243944,0.258914,0.228901,0.306666,0.275117,0,0.4527,0.00652
D60,-0.13553,-0.05599,-0.03469,-0.04529,-0.00304,-0.00886,0.220125,0.243944,0.258914,0.228901,0.306666,0.275117,2,0.7325,0.00706
D60,-0.13553,-0.05599,-0.03469,-0.04529,-0.00304,-0.00886,0.220125,0.243944,0.258914,0.228901,0.306666,0.275117,4,0.8918,0.00861
D60,-0.13553,-0.05599,-0.03469,-0.04529,-0.00304,-0.00886,0.220125,0.243944,0.258914,0.228901,0.306666,0.275117,6,1.0489,0.01058
D60,-0.13553,-0.05599,-0.03469,-0.04529,-0.00304,-0.00886,0.220125,0.243944,0.258914,0.228901,0.306666,0.275117,8,1.1808,0.01362
D60,-0.13553,-0.05599,-0.03469,-0.04529,-0.00304,-0.00886,0.220125,0.243944,0.258914,0.228901,0.306666,0.275117,10,1.2951,0.01837
D61,-0.14888,-0.05766,-0.02835,-0.04332,-0.00273,-0.00953,0.239315,0.248622,0.337688,0.19003,0.292502,0.231843,-2,0.2306,0.00931
D61,-0.14888,-0.05766,-0.02835,-0.04332,-0.00273,-0.00953,0.239315,0.248622,0.337688,0.19003,0.292502,0.231843,0,0.4398,0.00871
D61,-0.14888,-0.05766,-0.02835,-0.04332,-0.00273,-0.00953,0.239315,0.248622,0.337688,0.19003,0.292502,0.231843,2,0.7067,0.00807
D61,-0.14888,-0.05766,-0.02835,-0.04332,-0.00273,-0.00953,0.239315,0.248622,0.337688,0.19003,0.292502,0.231843,4,0.9015,0.00901
D61,-0.14888,-0.05766,-0.02835,-0.04332,-0.00273,-0.00953,0.239315,0.248622,0.337688,0.19003,0.292502,0.231843,6,1.0914,0.01014
D61,-0.14888,-0.05766,-0.02835,-0.04332,-0.00273,-0.00953,0.239315,0.248622,0.337688,0.19003,0.292502,0.231843,8,1.2614,0.01215
D61,-0.14888,-0.05766,-0.02835,-0.04332,-0.00273,-0.00953,0.239315,0.248622,0.337688,0.19003,0.292502,0.231843,10,1.3416,0.01764
D62,-0.13922,-0.05418,-0.02983,-0.04757,-0.00286,-0.00985,0.192517,0.270271,0.285716,0.209492,0.257286,0.284229,0,0.419,0.00769
D62,-0.13922,-0.05418,-0.02983,-0.04757,-0.00286,-0.00985,0.192517,0.270271,0.285716,0.209492,0.257286,0.284229,2,0.6989,0.00802
D62,-0.13922,-0.05418,-0.02983,-0.04757,-0.00286,-0.00985,0.192517,0.270271,0.285716,0.209492,0.257286,0.284229,4,0.8883,0.009
D62,-0.13922,-0.05418,-0.02983,-0.04757,-0.00286,-0.00985,0.192517,0.270271,0.285716,0.209492,0.257286,0.284229,6,1.072,0.01018
D62,-0.13922,-0.05418,-0.02983,-0.04757,-0.00286,-0.00985,0.192517,0.270271,0.285716,0.209492,0.257286,0.284229,8,1.2402,0.01203
D62,-0.13922,-0.05418,-0.02983,-0.04757,-0.00286,-0.00985,0.192517,0.270271,0.285716,0.209492,0.257286,0.284229,10,1.2968,0.0189
D63,-0.14538,-0.06212,-0.02741,-0.04868,-0.00267,-0.00971,0.194904,0.258958,0.292513,0.234431,0.329485,0.276394,-2,0.2773,0.00858
D63,-0.14538,-0.06212,-0.02741,-0.04868,-0.00267,-0.00971,0.194904,0.258958,0.292513,0.234431,0.329485,0.276394,0,0.4735,0.00726
D63,-0.14538,-0.06212,-0.02741,-0.04868,-0.00267,-0.00971,0.194904,0.258958,0.292513,0.234431,0.329485,0.276394,2,0.7515,0.00738
D63,-0.14538,-0.06212,-0.02741,-0.04868,-0.00267,-0.00971,0.194904,0.258958,0.292513,0.234431,0.329485,0.276394,4,0.9252,0.00852
D63,-0.14538,-0.06212,-0.02741,-0.04868,-0.00267,-0.00971,0.194904,0.258958,0.292513,0.234431,0.329485,0.276394,6,1.0842,0.01001
D63,-0.14538,-0.06212,-0.02741,-0.04868,-0.00267,-0.00971,0.194904,0.258958,0.292513,0.234431,0.329485,0.276394,8,1.2072,0.01266
D63,-0.14538,-0.06212,-0.02741,-0.04868,-0.00267,-0.00971,0.194904,0.258958,0.292513,0.234431,0.329485,0.276394,10,1.2623,0.02028
D64,-0.11548,-0.05011,-0.03016,-0.05067,-0.00311,-0.00852,0.246205,0.25088,0.305803,0.243579,0.272454,0.303251,-2,0.2798,0.00859
D64,-0.11548,-0.05011,-0.03016,-0.05067,-0.00311,-0.00852,0.246205,0.25088,0.305803,0.243579,0.272454,0.303251,0,0.4802,0.00701
D64,-0.11548,-0.05011,-0.03016,-0.05067,-0.00311,-0.00852,0.246205,0.25088,0.305803,0.243579,0.272454,0.303251,2,0.7557,0.00788
D64,-0.11548,-0.05011,-0.03016,-0.05067,-0.00311,-0.00852,0.246205,0.25088,0.305803,0.243579,0.272454,0.303251,4,0.9306,0.00891
D64,-0.11548,-0.05011,-0.03016,-0.05067,-0.00311,-0.00852,0.246205,0.25088,0.305803,0.243579,0.272454,0.303251,6,1.1007,0.01028
D64,-0.11548,-0.05011,-0.03016,-0.05067,-0.00311,-0.00852,0.246205,0.25088,0.305803,0.243579,0.272454,0.303251,8,1.2331,0.01293
D64,-0.11548,-0.05011,-0.03016,-0.05067,-0.00311,-0.00852,0.246205,0.25088,0.305803,0.243579,0.272454,0.303251,10,1.3293,0.01792
D65,-0.13435,-0.06244,-0.02991,-0.04499,-0.00309,-0.00894,0.218546,0.236737,0.319853,0.214921,0.330149,0.260316,-2,0.2708,0.00846
D65,-0.13435,-0.06244,-0.02991,-0.04499,-0.00309,-0.00894,0.218546,0.236737,0.319853,0.214921,0.330149,0.260316,0,0.4617,0.00703
D65,-0.13435,-0.06244,-0.02991,-0.04499,-0.00309,-0.00894,0.218546,0.236737,0.319853,0.214921,0.330149,0.260316,2,0.7455,0.00749
D65,-0.13435,-0.06244,-0.02991,-0.04499,-0.00309,-0.00894,0.218546,0.236737,0.319853,0.214921,0.330149,0.260316,4,0.9227,0.00856
D65,-0.13435,-0.06244,-0.02991,-0.04499,-0.00309,-0.00894,0.218546,0.236737,0.319853,0.214921,0.330149,0.260316,6,1.0922,0.00996
D65,-0.13435,-0.06244,-0.02991,-0.04499,-0.00309,-0.00894,0.218546,0.236737,0.319853,0.214921,0.330149,0.260316,8,1.2078,0.01309
D65,-0.13435,-0.06244,-0.02991,-0.04499,-0.00309,-0.00894,0.218546,0.236737,0.319853,0.214921,0.330149,0.260316,10,1.2805,0.01971
D66,-0.15186,-0.04847,-0.03156,-0.0497,-0.00264,-0.01017,0.186952,0.22231,0.326421,0.240481,0.33299,0.300738,-2,0.2924,0.0088
D66,-0.15186,-0.04847,-0.03156,-0.0497,-0.00264,-0.01017,0.186952,0.22231,0.326421,0.240481,0.33299,0.300738,0,0.4862,0.0074
D66,-0.15186,-0.04847,-0.03156,-0.0497,-0.00264,-0.01017,0.186952,0.22231,0.326421,0.240481,0.33299,0.300738,2,0.7794,0.00743
D66,-0.15186,-0.04847,-0.03156,-0.0497,-0.00264,-0.01017,0.186952,0.22231,0.326421,0.240481,0.33299,0.300738,4,0.9496,0.00831
D66,-0.15186,-0.04847,-0.03156,-0.0497,-0.00264,-0.01017,0.186952,0.22231,0.326421,0.240481,0.33299,0.300738,6,1.0946,0.00969
D66,-0.15186,-0.04847,-0.03156,-0.0497,-0.00264,-0.01017,0.186952,0.22231,0.326421,0.240481,0.33299,0.300738,8,1.121,0.01619
D66,-0.15186,-0.04847,-0.03156,-0.0497,-0.00264,-0.01017,0.186952,0.22231,0.326421,0.240481,0.33299,0.300738,10,1.2036,0.02319
E2,-0.17008,-0.0896,-0.10694,-0.07326,-0.08622,-0.08243,0.20417,0.207184,0.241281,0.163414,0.212943,0.188276,-2,0.0195,0.00809
E2,-0.17008,-0.0896,-0.10694,-0.07326,-0.08622,-0.08243,0.20417,0.207184,0.241281,0.163414,0.212943,0.188276,0,0.2,0.00668
E2,-0.17008,-0.0896,-0.10694,-0.07326,-0.08622,-0.08243,0.20417,0.207184,0.241281,0.163414,0.212943,0.188276,2,0.4981,0.00778
E2,-0.17008,-0.0896,-0.10694,-0.07326,-0.08622,-0.08243,0.20417,0.207184,0.241281,0.163414,0.212943,0.188276,4,0.751,0.00864
E2,-0.17008,-0.0896,-0.10694,-0.07326,-0.08622,-0.08243,0.20417,0.207184,0.241281,0.163414,0.212943,0.188276,6,0.9148,0.01029
E2,-0.17008,-0.0896,-0.10694,-0.07326,-0.08622,-0.08243,0.20417,0.207184,0.241281,0.163414,0.212943,0.188276,8,1.0555,0.01378
E2,-0.17008,-0.0896,-0.10694,-0.07326,-0.08622,-0.08243,0.20417,0.207184,0.241281,0.163414,0.212943,0.188276,10,1.1749,0.0177
E3,-0.17356,-0.10103,-0.09839,-0.09243,-0.07001,-0.07678,0.179472,0.230083,0.211592,0.186738,0.206546,0.205292,-2,0.0285,0.00791
E3,-0.17356,-0.10103,-0.09839,-0.09243,-0.07001,-0.07678,0.179472,0.230083,0.211592,0.186738,0.206546,0.205292,0,0.212,0.0067
E3,-0.17356,-0.10103,-0.09839,-0.09243,-0.07001,-0.07678,0.179472,0.230083,0.211592,0.186738,0.206546,0.205292,2,0.4875,0.00755
E3,-0.17356,-0.10103,-0.09839,-0.09243,-0.07001,-0.07678,0.179472,0.230083,0.211592,0.186738,0.206546,0.205292,4,0.7455,0.00858
E3,-0.17356,-0.10103,-0.09839,-0.09243,-0.07001,-0.07678,0.179472,0.230083,0.211592,0.186738,0.206546,0.205292,6,0.9112,0.01003
E3,-0.17356,-0.10103,-0.09839,-0.09243,-0.07001,-0.07678,0.179472,0.230083,0.211592,0.186738,0.206546,0.205292,8,1.0489,0.01375
E3,-0.17356,-0.10103,-0.09839,-0.09243,-0.07001,-0.07678,0.179472,0.230083,0.211592,0.186738,0.206546,0.205292,10,1.1544,0.01843
E4,-0.15389,-0.11553,-0.11419,-0.07642,-0.06809,-0.08035,0.188215,0.208342,0.213645,0.200816,0.242586,0.198054,-2,0.0409,0.00758
E4,-0.15389,-0.11553,-0.11419,-0.07642,-0.06809,-0.08035,0.188215,0.208342,0.213645,0.200816,0.242586,0.198054,2,0.5181,0.0069
E4,-0.15389,-0.11553,-0.11419,-0.07642,-0.06809,-0.08035,0.188215,0.208342,0.213645,0.200816,0.242586,0.198054,4,0.7578,0.00833
E4,-0.15389,-0.11553,-0.11419,-0.07642,-0.06809,-0.08035,0.188215,0.208342,0.213645,0.200816,0.242586,0.198054,6,0.9043,0.0107
E4,-0.15389,-0.11553,-0.11419,-0.07642,-0.06809,-0.08035,0.188215,0.208342,0.213645,0.200816,0.242586,0.198054,8,1.0351,0.01437
E4,-0.15389,-0.11553,-0.11419,-0.07642,-0.06809,-0.08035,0.188215,0.208342,0.213645,0.200816,0.242586,0.198054,10,1.1432,0.01854
E5,-0.15181,-0.0884,-0.10019,-0.07508,-0.07438,-0.06864,0.209172,0.177383,0.219088,0.168352,0.230425,0.222611,-2,0.0427,0.00781
E5,-0.15181,-0.0884,-0.10019,-0.07508,-0.07438,-0.06864,0.209172,0.177383,0.219088,0.168352,0.230425,0.222611,0,0.243,0.00592
E5,-0.15181,-0.0884,-0.10019,-0.07508,-0.07438,-0.06864,0.209172,0.177383,0.219088,0.168352,0.230425,0.222611,2,0.5344,0.00726
E5,-0.15181,-0.0884,-0.10019,-0.07508,-0.07438,-0.06864,0.209172,0.177383,0.219088,0.168352,0.230425,0.222611,4,0.7441,0.00906
E5,-0.15181,-0.0884,-0.10019,-0.07508,-0.07438,-0.06864,0.209172,0.177383,0.219088,0.168352,0.230425,0.222611,6,0.8896,0.01167
E5,-0.15181,-0.0884,-0.10019,-0.07508,-0.07438,-0.06864,0.209172,0.177383,0.219088,0.168352,0.230425,0.222611,8,1.0402,0.01453
E5,-0.15181,-0.0884,-0.10019,-0.07508,-0.07438,-0.06864,0.209172,0.177383,0.219088,0.168352,0.230425,0.222611,10,1.1697,0.018
E6,-0.1349,-0.11468,-0.10633,-0.074,-0.0689,-0.0697,0.220203,0.201881,0.229502,0.159064,0.213247,0.194271,-2,0.0259,0.00712
E6,-0.1349,-0.11468,-0.10633,-0.074,-0.0689,-0.0697,0.220203,0.201881,0.229502,0.159064,0.213247,0.194271,0,0.2188,0.0067
E6,-0.1349,-0.11468,-0.10633,-0.074,-0.0689,-0.0697,0.220203,0.201881,0.229502,0.159064,0.213247,0.194271,2,0.4981,0.00763
E6,-0.1349,-0.11468,-0.10633,-0.074,-0.0689,-0.0697,0.220203,0.201881,0.229502,0.159064,0.213247,0.194271,4,0.7346,0.00879
E6,-0.1349,-0.11468,-0.10633,-0.074,-0.0689,-0.0697,0.220203,0.201881,0.229502,0.159064,0.213247,0.194271,6,0.9016,0.01078
E6,-0.1349,-0.11468,-0.10633,-0.074,-0.0689,-0.0697,0.220203,0.201881,0.229502,0.159064,0.213247,0.194271,8,1.0608,0.01372
E6,-0.1349,-0.11468,-0.10633,-0.074,-0.0689,-0.0697,0.220203,0.201881,0.229502,0.159064,0.213247,0.194271,10,1.2015,0.01733
E7,-0.16459,-0.09645,-0.08863,-0.07249,-0.0647,-0.08094,0.199833,0.18576,0.249895,0.169913,0.196566,0.199127,-2,0.0301,0.0081
E7,-0.16459,-0.09645,-0.08863,-0.07249,-0.0647,-0.08094,0.199833,0.18576,0.249895,0.169913,0.196566,0.199127,0,0.2175,0.00678
E7,-0.16459,-0.09645,-0.08863,-0.07249,-0.0647,-0.08094,0.199833,0.18576,0.249895,0.169913,0.196566,0.199127,2,0.5375,0.0075
E7,-0.16459,-0.09645,-0.08863,-0.07249,-0.0647,-0.08094,0.199833,0.18576,0.249895,0.169913,0.196566,0.199127,4,0.7522,0.00825
E7,-0.16459,-0.09645,-0.08863,-0.07249,-0.0647,-0.08094,0.199833,0.18576,0.249895,0.169913,0.196566,0.199127,6,0.9073,0.0108
E7,-0.16459,-0.09645,-0.08863,-0.07249,-0.0647,-0.08094,0.199833,0.18576,0.249895,0.169913,0.196566,0.199127,8,1.048,0.01457
E7,-0.16459,-0.09645,-0.08863,-0.07249,-0.0647,-0.08094,0.199833,0.18576,0.249895,0.169913,0.196566,0.199127,10,1.1678,0.01843
E8,-0.17445,-0.10285,-0.09247,-0.09085,-0.08328,-0.06835,0.17397,0.200864,0.193297,0.156382,0.195914,0.227523,-2,-0.0177,0.00825
E8,-0.17445,-0.10285,-0.09247,-0.09085,-0.08328,-0.06835,0.17397,0.200864,0.193297,0.156382,0.195914,0.227523,0,0.1991,0.00604
E8,-0.17445,-0.10285,-0.09247,-0.09085,-0.08328,-0.06835,0.17397,0.200864,0.193297,0.156382,0.195914,0.227523,2,0.4558,0.00747
E8,-0.17445,-0.10285,-0.09247,-0.09085,-0.08328,-0.06835,0.17397,0.200864,0.193297,0.156382,0.195914,0.227523,4,0.7191,0.00876
E8,-0.17445,-0.10285,-0.09247,-0.09085,-0.08328,-0.06835,0.17397,0.200864,0.193297,0.156382,0.195914,0.227523,6,0.8735,0.01068
E8,-0.17445,-0.10285,-0.09247,-0.09085,-0.08328,-0.06835,0.17397,0.200864,0.193297,0.156382,0.195914,0.227523,8,1.0154,0.01449
E8,-0.17445,-0.10285,-0.09247,-0.09085,-0.08328,-0.06835,0.17397,0.200864,0.193297,0.156382,0.195914,0.227523,10,1.1406,0.01875
E9,-0.13176,-0.1133,-0.10588,-0.07368,-0.08242,-0.06353,0.206608,0.197277,0.200916,0.167703,0.224758,0.181127,-2,0.0159,0.00716
E9,-0.13176,-0.1133,-0.10588,-0.07368,-0.08242,-0.06353,0.206608,0.197277,0.200916,0.167703,0.224758,0.181127,0,0.2151,0.00602
E9,-0.13176,-0.1133,-0.10588,-0.07368,-0.08242,-0.06353,0.206608,0.197277,0.200916,0.167703,0.224758,0.181127,2,0.4821,0.00731
E9,-0.13176,-0.1133,-0.10588,-0.07368,-0.08242,-0.06353,0.206608,0.197277,0.200916,0.167703,0.224758,0.181127,4,0.7182,0.00889
E9,-0.13176,-0.1133,-0.10588,-0.07368,-0.08242,-0.06353,0.206608,0.197277,0.200916,0.167703,0.224758,0.181127,6,0.88,0.01098
E9,-0.13176,-0.1133,-0.10588,-0.07368,-0.08242,-0.06353,0.206608,0.197277,0.200916,0.167703,0.224758,0.181127,8,1.0399,0.01386
E9,-0.13176,-0.1133,-0.10588,-0.07368,-0.08242,-0.06353,0.206608,0.197277,0.200916,0.167703,0.224758,0.181127,10,1.1817,0.01759
E10,-0.14436,-0.10986,-0.09058,-0.08058,-0.07367,-0.08299,0.181495,0.178675,0.258669,0.188594,0.185404,0.177138,-2,0.0014,0.00788
E10,-0.14436,-0.10986,-0.09058,-0.08058,-0.07367,-0.08299,0.181495,0.178675,0.258669,0.188594,0.185404,0.177138,0,0.1982,0.00663
E10,-0.14436,-0.10986,-0.09058,-0.08058,-0.07367,-0.08299,0.181495,0.178675,0.258669,0.188594,0.185404,0.177138,2,0.5121,0.00747
E10,-0.14436,-0.10986,-0.09058,-0.08058,-0.07367,-0.08299,0.181495,0.178675,0.258669,0.188594,0.185404,0.177138,4,0.7457,0.0079
E11,-0.14436,-0.10986,-0.09058,-0.08058,-0.07367,-0.08299,0.181495,0.178675,0.258669,0.188594,0.185404,0.177138,6,0.8887,0.01103
E10,-0.14436,-0.10986,-0.09058,-0.08058,-0.07367,-0.08299,0.181495,0.178675,0.258669,0.188594,0.185404,0.177138,8,1.0175,0.01528
E10,-0.14436,-0.10986,-0.09058,-0.08058,-0.07367,-0.08299,0.181495,0.178675,0.258669,0.188594,0.185404,0.177138,10,1.122,0.01955
E11,-0.15852,-0.11275,-0.10895,-0.08877,-0.0855,-0.06686,0.210974,0.223497,0.251047,0.203144,0.223624,0.224751,-2,0.0556,0.00766
E11,-0.15852,-0.11275,-0.10895,-0.08877,-0.0855,-0.06686,0.210974,0.223497,0.251047,0.203144,0.223624,0.224751,0,0.245,0.00692
E11,-0.15852,-0.11275,-0.10895,-0.08877,-0.0855,-0.06686,0.210974,0.223497,0.251047,0.203144,0.223624,0.224751,2,0.4996,0.00761
E11,-0.15852,-0.11275,-0.10895,-0.08877,-0.0855,-0.06686,0.210974,0.223497,0.251047,0.203144,0.223624,0.224751,4,0.7929,0.00869
E11,-0.15852,-0.11275,-0.10895,-0.08877,-0.0855,-0.06686,0.210974,0.223497,0.251047,0.203144,0.223624,0.224751,6,0.9417,0.01017
E11,-0.15852,-0.11275,-0.10895,-0.08877,-0.0855,-0.06686,0.210974,0.223497,0.251047,0.203144,0.223624,0.224751,8,1.0699,0.01345
E11,-0.15852,-0.11275,-0.10895,-0.08877,-0.0855,-0.06686,0.210974,0.223497,0.251047,0.203144,0.223624,0.224751,10,1.1701,0.01762
E12,-0.13727,-0.10835,-0.10099,-0.07946,-0.06994,-0.06443,0.183956,0.206058,0.21612,0.19068,0.231807,0.196333,-2,0.0419,0.0072
E12,-0.13727,-0.10835,-0.10099,-0.07946,-0.06994,-0.06443,0.183956,0.206058,0.21612,0.19068,0.231807,0.196333,0,0.2401,0.00622
E12,-0.13727,-0.10835,-0.10099,-0.07946,-0.06994,-0.06443,0.183956,0.206058,0.21612,0.19068,0.231807,0.196333,2,0.5196,0.00699
E12,-0.13727,-0.10835,-0.10099,-0.07946,-0.06994,-0.06443,0.183956,0.206058,0.21612,0.19068,0.231807,0.196333,4,0.7526,0.00821
E12,-0.13727,-0.10835,-0.10099,-0.07946,-0.06994,-0.06443,0.183956,0.206058,0.21612,0.19068,0.231807,0.196333,6,0.9052,0.01044
E12,-0.13727,-0.10835,-0.10099,-0.07946,-0.06994,-0.06443,0.183956,0.206058,0.21612,0.19068,0.231807,0.196333,8,1.0399,0.01439
E12,-0.13727,-0.10835,-0.10099,-0.07946,-0.06994,-0.06443,0.183956,0.206058,0.21612,0.19068,0.231807,0.196333,10,1.152,0.01874
E13,-0.14048,-0.11217,-0.09714,-0.09354,-0.08637,-0.06722,0.191048,0.193317,0.234289,0.177075,0.200206,0.232443,-2,0.0258,0.00695
E13,-0.14048,-0.11217,-0.09714,-0.09354,-0.08637,-0.06722,0.191048,0.193317,0.234289,0.177075,0.200206,0.232443,0,0.2185,0.00638
E13,-0.14048,-0.11217,-0.09714,-0.09354,-0.08637,-0.06722,0.191048,0.193317,0.234289,0.177075,0.200206,0.232443,2,0.4802,0.00742
E13,-0.14048,-0.11217,-0.09714,-0.09354,-0.08637,-0.06722,0.191048,0.193317,0.234289,0.177075,0.200206,0.232443,4,0.7622,0.00851
E13,-0.14048,-0.11217,-0.09714,-0.09354,-0.08637,-0.06722,0.191048,0.193317,0.234289,0.177075,0.200206,0.232443,6,0.9007,0.01066
E13,-0.14048,-0.11217,-0.09714,-0.09354,-0.08637,-0.06722,0.191048,0.193317,0.234289,0.177075,0.200206,0.232443,8,1.0299,0.01446
E13,-0.14048,-0.11217,-0.09714,-0.09354,-0.08637,-0.06722,0.191048,0.193317,0.234289,0.177075,0.200206,0.232443,10,1.1433,0.01842
E14,-0.15031,-0.0957,-0.08766,-0.08962,-0.07274,-0.06751,0.189371,0.184089,0.238713,0.165197,0.202701,0.231931,-2,0.0359,0.00739
E14,-0.15031,-0.0957,-0.08766,-0.08962,-0.07274,-0.06751,0.189371,0.184089,0.238713,0.165197,0.202701,0.231931,0,0.2277,0.00626
E14,-0.15031,-0.0957,-0.08766,-0.08962,-0.07274,-0.06751,0.189371,0.184089,0.238713,0.165197,0.202701,0.231931,2,0.513,0.00743
E14,-0.15031,-0.0957,-0.08766,-0.08962,-0.07274,-0.06751,0.189371,0.184089,0.238713,0.165197,0.202701,0.231931,4,0.7569,0.0084
E14,-0.15031,-0.0957,-0.08766,-0.08962,-0.07274,-0.06751,0.189371,0.184089,0.238713,0.165197,0.202701,0.231931,6,0.8985,0.01096
E14,-0.15031,-0.0957,-0.08766,-0.08962,-0.07274,-0.06751,0.189371,0.184089,0.238713,0.165197,0.202701,0.231931,8,1.0356,0.01464
E14,-0.15031,-0.0957,-0.08766,-0.08962,-0.07274,-0.06751,0.189371,0.184089,0.238713,0.165197,0.202701,0.231931,10,1.1518,0.01864
E15,-0.17539,-0.10935,-0.10399,-0.09515,-0.07562,-0.07581,0.197517,0.231165,0.206105,0.165814,0.207979,0.233931,-2,0.0179,0.00774
E15,-0.17539,-0.10935,-0.10399,-0.09515,-0.07562,-0.07581,0.197517,0.231165,0.206105,0.165814,0.207979,0.233931,0,0.2046,0.00702
E15,-0.17539,-0.10935,-0.10399,-0.09515,-0.07562,-0.07581,0.197517,0.231165,0.206105,0.165814,0.207979,0.233931,2,0.4619,0.00797
E15,-0.17539,-0.10935,-0.10399,-0.09515,-0.07562,-0.07581,0.197517,0.231165,0.206105,0.165814,0.207979,0.233931,4,0.7419,0.00916
E15,-0.17539,-0.10935,-0.10399,-0.09515,-0.07562,-0.07581,0.197517,0.231165,0.206105,0.165814,0.207979,0.233931,6,0.9055,0.01047
E15,-0.17539,-0.10935,-0.10399,-0.09515,-0.07562,-0.07581,0.197517,0.231165,0.206105,0.165814,0.207979,0.233931,8,1.0612,0.01304
E15,-0.17539,-0.10935,-0.10399,-0.09515,-0.07562,-0.07581,0.197517,0.231165,0.206105,0.165814,0.207979,0.233931,10,1.1835,0.01722
E16,-0.17191,-0.09326,-0.10129,-0.08632,-0.07699,-0.07182,0.178876,0.187172,0.203442,0.201249,0.218723,0.175014,-2,0.0181,0.00809
E16,-0.17191,-0.09326,-0.10129,-0.08632,-0.07699,-0.07182,0.178876,0.187172,0.203442,0.201249,0.218723,0.175014,0,0.2093,0.0063
E16,-0.17191,-0.09326,-0.10129,-0.08632,-0.07699,-0.07182,0.178876,0.187172,0.203442,0.201249,0.218723,0.175014,2,0.4863,0.00677
E16,-0.17191,-0.09326,-0.10129,-0.08632,-0.07699,-0.07182,0.178876,0.187172,0.203442,0.201249,0.218723,0.175014,4,0.7319,0.00804
E16,-0.17191,-0.09326,-0.10129,-0.08632,-0.07699,-0.07182,0.178876,0.187172,0.203442,0.201249,0.218723,0.175014,6,0.8676,0.01128
E16,-0.17191,-0.09326,-0.10129,-0.08632,-0.07699,-0.07182,0.178876,0.187172,0.203442,0.201249,0.218723,0.175014,8,1.0092,0.01483
E16,-0.17191,-0.09326,-0.10129,-0.08632,-0.07699,-0.07182,0.178876,0.187172,0.203442,0.201249,0.218723,0.175014,10,1.1263,0.01898
E17,-0.14992,-0.11405,-0.09656,-0.09168,-0.07315,-0.07333,0.177481,0.215134,0.204244,0.184208,0.209301,0.206624,-2,0.0212,0.00727
E17,-0.14992,-0.11405,-0.09656,-0.09168,-0.07315,-0.07333,0.177481,0.215134,0.204244,0.184208,0.209301,0.206624,0,0.2137,0.00625
E17,-0.14992,-0.11405,-0.09656,-0.09168,-0.07315,-0.07333,0.177481,0.215134,0.204244,0.184208,0.209301,0.206624,2,0.4864,0.00728
E17,-0.14992,-0.11405,-0.09656,-0.09168,-0.07315,-0.07333,0.177481,0.215134,0.204244,0.184208,0.209301,0.206624,4,0.7387,0.00847
E17,-0.14992,-0.11405,-0.09656,-0.09168,-0.07315,-0.07333,0.177481,0.215134,0.204244,0.184208,0.209301,0.206624,6,0.8971,0.01027
E17,-0.14992,-0.11405,-0.09656,-0.09168,-0.07315,-0.07333,0.177481,0.215134,0.204244,0.184208,0.209301,0.206624,8,1.032,0.01424
E17,-0.14992,-0.11405,-0.09656,-0.09168,-0.07315,-0.07333,0.177481,0.215134,0.204244,0.184208,0.209301,0.206624,10,1.1454,0.01862
E18,-0.13384,-0.08935,-0.11307,-0.08126,-0.06669,-0.07936,0.163983,0.184494,0.247207,0.197428,0.241156,0.199772,-2,0.0403,0.00706
E18,-0.13384,-0.08935,-0.11307,-0.08126,-0.06669,-0.07936,0.163983,0.184494,0.247207,0.197428,0.241156,0.199772,0,0.242,0.00632
E18,-0.13384,-0.08935,-0.11307,-0.08126,-0.06669,-0.07936,0.163983,0.184494,0.247207,0.197428,0.241156,0.199772,2,0.5424,0.00708
E18,-0.13384,-0.08935,-0.11307,-0.08126,-0.06669,-0.07936,0.163983,0.184494,0.247207,0.197428,0.241156,0.199772,4,0.7804,0.00781
E18,-0.13384,-0.08935,-0.11307,-0.08126,-0.06669,-0.07936,0.163983,0.184494,0.247207,0.197428,0.241156,0.199772,6,0.8904,0.01166
E18,-0.13384,-0.08935,-0.11307,-0.08126,-0.06669,-0.07936,0.163983,0.184494,0.247207,0.197428,0.241156,0.199772,8,0.9975,0.01589
E18,-0.13384,-0.08935,-0.11307,-0.08126,-0.06669,-0.07936,0.163983,0.184494,0.247207,0.197428,0.241156,0.199772,10,1.0908,0.02112
E19,-0.1342,-0.11619,-0.10737,-0.0821,-0.08297,-0.07983,0.182689,0.196217,0.209839,0.153599,0.235688,0.192522,-2,0.0024,0.00722
E19,-0.1342,-0.11619,-0.10737,-0.0821,-0.08297,-0.07983,0.182689,0.196217,0.209839,0.153599,0.235688,0.192522,0,0.2045,0.00593
E19,-0.1342,-0.11619,-0.10737,-0.0821,-0.08297,-0.07983,0.182689,0.196217,0.209839,0.153599,0.235688,0.192522,2,0.4811,0.00724
E19,-0.1342,-0.11619,-0.10737,-0.0821,-0.08297,-0.07983,0.182689,0.196217,0.209839,0.153599,0.235688,0.192522,4,0.7288,0.00863
E19,-0.1342,-0.11619,-0.10737,-0.0821,-0.08297,-0.07983,0.182689,0.196217,0.209839,0.153599,0.235688,0.192522,6,0.8817,0.01074
E19,-0.1342,-0.11619,-0.10737,-0.0821,-0.08297,-0.07983,0.182689,0.196217,0.209839,0.153599,0.235688,0.192522,8,1.0215,0.01441
E19,-0.1342,-0.11619,-0.10737,-0.0821,-0.08297,-0.07983,0.182689,0.196217,0.209839,0.153599,0.235688,0.192522,10,1.1418,0.01847
E20,-0.15747,-0.09993,-0.09035,-0.09455,-0.08077,-0.07722,0.192333,0.222361,0.19551,0.154648,0.23254,0.205838,-2,0.0159,0.00785
E20,-0.15747,-0.09993,-0.09035,-0.09455,-0.08077,-0.07722,0.192333,0.222361,0.19551,0.154648,0.23254,0.205838,0,0.2083,0.00609
E20,-0.15747,-0.09993,-0.09035,-0.09455,-0.08077,-0.07722,0.192333,0.222361,0.19551,0.154648,0.23254,0.205838,2,0.4789,0.00797
E20,-0.15747,-0.09993,-0.09035,-0.09455,-0.08077,-0.07722,0.192333,0.222361,0.19551,0.154648,0.23254,0.205838,4,0.7376,0.00913
E20,-0.15747,-0.09993,-0.09035,-0.09455,-0.08077,-0.07722,0.192333,0.222361,0.19551,0.154648,0.23254,0.205838,6,0.8988,0.01057
E20,-0.15747,-0.09993,-0.09035,-0.09455,-0.08077,-0.07722,0.192333,0.222361,0.19551,0.154648,0.23254,0.205838,8,1.0521,0.01333
E20,-0.15747,-0.09993,-0.09035,-0.09455,-0.08077,-0.07722,0.192333,0.222361,0.19551,0.154648,0.23254,0.205838,10,1.1792,0.01747
E21,-0.13614,-0.11514,-0.10954,-0.07821,-0.08426,-0.06203,0.175936,0.226099,0.223332,0.193135,0.199208,0.226635,-2,0.0355,0.00709
E21,-0.13614,-0.11514,-0.10954,-0.07821,-0.08426,-0.06203,0.175936,0.226099,0.223332,0.193135,0.199208,0.226635,0,0.2265,0.00666
E21,-0.13614,-0.11514,-0.10954,-0.07821,-0.08426,-0.06203,0.175936,0.226099,0.223332,0.193135,0.199208,0.226635,2,0.4917,0.0075
E21,-0.13614,-0.11514,-0.10954,-0.07821,-0.08426,-0.06203,0.175936,0.226099,0.223332,0.193135,0.199208,0.226635,4,0.7617,0.00847
E21,-0.13614,-0.11514,-0.10954,-0.07821,-0.08426,-0.06203,0.175936,0.226099,0.223332,0.193135,0.199208,0.226635,6,0.9211,0.00987
E21,-0.13614,-0.11514,-0.10954,-0.07821,-0.08426,-0.06203,0.175936,0.226099,0.223332,0.193135,0.199208,0.226635,8,1.0435,0.01421
E21,-0.13614,-0.11514,-0.10954,-0.07821,-0.08426,-0.06203,0.175936,0.226099,0.223332,0.193135,0.199208,0.226635,10,1.1443,0.01888
E22,-0.14694,-0.1035,-0.11096,-0.07757,-0.07464,-0.08179,0.180194,0.227316,0.207657,0.161912,0.233228,0.215928,-2,0.0219,0.00728
E22,-0.14694,-0.1035,-0.11096,-0.07757,-0.07464,-0.08179,0.180194,0.227316,0.207657,0.161912,0.233228,0.215928,0,0.2184,0.00621
E22,-0.14694,-0.1035,-0.11096,-0.07757,-0.07464,-0.08179,0.180194,0.227316,0.207657,0.161912,0.233228,0.215928,2,0.5065,0.00782
E22,-0.14694,-0.1035,-0.11096,-0.07757,-0.07464,-0.08179,0.180194,0.227316,0.207657,0.161912,0.233228,0.215928,4,0.7482,0.00886
E22,-0.14694,-0.1035,-0.11096,-0.07757,-0.07464,-0.08179,0.180194,0.227316,0.207657,0.161912,0.233228,0.215928,6,0.9122,0.01031
E22,-0.14694,-0.1035,-0.11096,-0.07757,-0.07464,-0.08179,0.180194,0.227316,0.207657,0.161912,0.233228,0.215928,8,1.0528,0.01375
E22,-0.14694,-0.1035,-0.11096,-0.07757,-0.07464,-0.08179,0.180194,0.227316,0.207657,0.161912,0.233228,0.215928,10,1.1599,0.01833
E23,-0.14944,-0.1053,-0.10234,-0.09263,-0.07824,-0.07836,0.218633,0.228757,0.198305,0.169109,0.229059,0.210952,-2,0.0246,0.00734
E23,-0.14944,-0.1053,-0.10234,-0.09263,-0.07824,-0.07836,0.218633,0.228757,0.198305,0.169109,0.229059,0.210952,0,0.2123,0.00648
E23,-0.14944,-0.1053,-0.10234,-0.09263,-0.07824,-0.07836,0.218633,0.228757,0.198305,0.169109,0.229059,0.210952,2,0.4839,0.0082
E23,-0.14944,-0.1053,-0.10234,-0.09263,-0.07824,-0.07836,0.218633,0.228757,0.198305,0.169109,0.229059,0.210952,4,0.7458,0.00944
E23,-0.14944,-0.1053,-0.10234,-0.09263,-0.07824,-0.07836,0.218633,0.228757,0.198305,0.169109,0.229059,0.210952,6,0.9076,0.01091
E23,-0.14944,-0.1053,-0.10234,-0.09263,-0.07824,-0.07836,0.218633,0.228757,0.198305,0.169109,0.229059,0.210952,8,1.0677,0.01318
E23,-0.14944,-0.1053,-0.10234,-0.09263,-0.07824,-0.07836,0.218633,0.228757,0.198305,0.169109,0.229059,0.210952,10,1.2069,0.01653
E24,-0.15367,-0.09036,-0.11202,-0.07594,-0.0802,-0.07261,0.202268,0.189765,0.20241,0.180245,0.236684,0.226232,-2,0.0378,0.00776
E24,-0.15367,-0.09036,-0.11202,-0.07594,-0.0802,-0.07261,0.202268,0.189765,0.20241,0.180245,0.236684,0.226232,0,0.2378,0.00603
E24,-0.15367,-0.09036,-0.11202,-0.07594,-0.0802,-0.07261,0.202268,0.189765,0.20241,0.180245,0.236684,0.226232,2,0.524,0.00715
E24,-0.15367,-0.09036,-0.11202,-0.07594,-0.0802,-0.07261,0.202268,0.189765,0.20241,0.180245,0.236684,0.226232,4,0.745,0.00915
E24,-0.15367,-0.09036,-0.11202,-0.07594,-0.0802,-0.07261,0.202268,0.189765,0.20241,0.180245,0.236684,0.226232,6,0.8883,0.01148
E24,-0.15367,-0.09036,-0.11202,-0.07594,-0.0802,-0.07261,0.202268,0.189765,0.20241,0.180245,0.236684,0.226232,8,1.0346,0.01435
E24,-0.15367,-0.09036,-0.11202,-0.07594,-0.0802,-0.07261,0.202268,0.189765,0.20241,0.180245,0.236684,0.226232,10,1.1585,0.01798
E25,-0.14579,-0.10405,-0.09481,-0.07289,-0.07555,-0.06395,0.170013,0.224797,0.199719,0.182131,0.221904,0.180481,-2,0.0276,0.00739
E25,-0.14579,-0.10405,-0.09481,-0.07289,-0.07555,-0.06395,0.170013,0.224797,0.199719,0.182131,0.221904,0.180481,0,0.2201,0.00613
E25,-0.14579,-0.10405,-0.09481,-0.07289,-0.07555,-0.06395,0.170013,0.224797,0.199719,0.182131,0.221904,0.180481,2,0.5113,0.00724
E25,-0.14579,-0.10405,-0.09481,-0.07289,-0.07555,-0.06395,0.170013,0.224797,0.199719,0.182131,0.221904,0.180481,4,0.7341,0.00834
E25,-0.14579,-0.10405,-0.09481,-0.07289,-0.07555,-0.06395,0.170013,0.224797,0.199719,0.182131,0.221904,0.180481,6,0.9019,0.01004
E25,-0.14579,-0.10405,-0.09481,-0.07289,-0.07555,-0.06395,0.170013,0.224797,0.199719,0.182131,0.221904,0.180481,8,1.0378,0.0144
E25,-0.14579,-0.10405,-0.09481,-0.07289,-0.07555,-0.06395,0.170013,0.224797,0.199719,0.182131,0.221904,0.180481,10,1.1474,0.0193
E26,-0.16509,-0.09853,-0.09554,-0.07469,-0.08086,-0.07653,0.184896,0.210289,0.214303,0.176232,0.20321,0.188159,-2,0.0175,0.00785
E26,-0.16509,-0.09853,-0.09554,-0.07469,-0.08086,-0.07653,0.184896,0.210289,0.214303,0.176232,0.20321,0.188159,0,0.2019,0.00639
E26,-0.16509,-0.09853,-0.09554,-0.07469,-0.08086,-0.07653,0.184896,0.210289,0.214303,0.176232,0.20321,0.188159,2,0.4994,0.00747
E26,-0.16509,-0.09853,-0.09554,-0.07469,-0.08086,-0.07653,0.184896,0.210289,0.214303,0.176232,0.20321,0.188159,4,0.7366,0.00843
E26,-0.16509,-0.09853,-0.09554,-0.07469,-0.08086,-0.07653,0.184896,0.210289,0.214303,0.176232,0.20321,0.188159,6,0.9005,0.01023
E26,-0.16509,-0.09853,-0.09554,-0.07469,-0.08086,-0.07653,0.184896,0.210289,0.214303,0.176232,0.20321,0.188159,8,1.0408,0.01405
E26,-0.16509,-0.09853,-0.09554,-0.07469,-0.08086,-0.07653,0.184896,0.210289,0.214303,0.176232,0.20321,0.188159,10,1.1588,0.01836
E27,-0.14217,-0.11096,-0.11055,-0.07729,-0.07122,-0.0706,0.176694,0.2177,0.230191,0.181588,0.186444,0.212512,-2,0.018,0.00734
E27,-0.14217,-0.11096,-0.11055,-0.07729,-0.07122,-0.0706,0.176694,0.2177,0.230191,0.181588,0.186444,0.212512,0,0.2119,0.00686
E27,-0.14217,-0.11096,-0.11055,-0.07729,-0.07122,-0.0706,0.176694,0.2177,0.230191,0.181588,0.186444,0.212512,2,0.4947,0.00754
E27,-0.14217,-0.11096,-0.11055,-0.07729,-0.07122,-0.0706,0.176694,0.2177,0.230191,0.181588,0.186444,0.212512,4,0.7444,0.00835
E27,-0.14217,-0.11096,-0.11055,-0.07729,-0.07122,-0.0706,0.176694,0.2177,0.230191,0.181588,0.186444,0.212512,6,0.9139,0.00977
E27,-0.14217,-0.11096,-0.11055,-0.07729,-0.07122,-0.0706,0.176694,0.2177,0.230191,0.181588,0.186444,0.212512,8,1.0405,0.01437
E27,-0.14217,-0.11096,-0.11055,-0.07729,-0.07122,-0.0706,0.176694,0.2177,0.230191,0.181588,0.186444,0.212512,10,1.1455,0.01906
E28,-0.16971,-0.11412,-0.11117,-0.0834,-0.07301,-0.08156,0.208195,0.229576,0.212711,0.16044,0.227512,0.2199,-2,0.0244,0.00763
E28,-0.16971,-0.11412,-0.11117,-0.0834,-0.07301,-0.08156,0.208195,0.229576,0.212711,0.16044,0.227512,0.2199,0,0.2131,0.00712
E28,-0.16971,-0.11412,-0.11117,-0.0834,-0.07301,-0.08156,0.208195,0.229576,0.212711,0.16044,0.227512,0.2199,2,0.481,0.00806
E28,-0.16971,-0.11412,-0.11117,-0.0834,-0.07301,-0.08156,0.208195,0.229576,0.212711,0.16044,0.227512,0.2199,4,0.7433,0.00921
E28,-0.16971,-0.11412,-0.11117,-0.0834,-0.07301,-0.08156,0.208195,0.229576,0.212711,0.16044,0.227512,0.2199,6,0.9102,0.01063
E28,-0.16971,-0.11412,-0.11117,-0.0834,-0.07301,-0.08156,0.208195,0.229576,0.212711,0.16044,0.227512,0.2199,8,1.068,0.0131
E28,-0.16971,-0.11412,-0.11117,-0.0834,-0.07301,-0.08156,0.208195,0.229576,0.212711,0.16044,0.227512,0.2199,10,1.1962,0.01689
E29,-0.16165,-0.08798,-0.0897,-0.07428,-0.08456,-0.06153,0.189925,0.190242,0.240299,0.155357,0.21538,0.191779,-2,0.0321,0.00788
E29,-0.16165,-0.08798,-0.0897,-0.07428,-0.08456,-0.06153,0.189925,0.190242,0.240299,0.155357,0.21538,0.191779,0,0.2153,0.00634
E29,-0.16165,-0.08798,-0.0897,-0.07428,-0.08456,-0.06153,0.189925,0.190242,0.240299,0.155357,0.21538,0.191779,2,0.5024,0.00744
E29,-0.16165,-0.08798,-0.0897,-0.07428,-0.08456,-0.06153,0.189925,0.190242,0.240299,0.155357,0.21538,0.191779,4,0.7434,0.00832
E29,-0.16165,-0.08798,-0.0897,-0.07428,-0.08456,-0.06153,0.189925,0.190242,0.240299,0.155357,0.21538,0.191779,6,0.8984,0.0105
E29,-0.16165,-0.08798,-0.0897,-0.07428,-0.08456,-0.06153,0.189925,0.190242,0.240299,0.155357,0.21538,0.191779,8,1.0384,0.01444
E29,-0.16165,-0.08798,-0.0897,-0.07428,-0.08456,-0.06153,0.189925,0.190242,0.240299,0.155357,0.21538,0.191779,10,1.1628,0.01845
E30,-0.13271,-0.09064,-0.11261,-0.08835,-0.0648,-0.08232,0.171097,0.186453,0.227545,0.159123,0.234682,0.232941,-2,0.0151,0.00714
E30,-0.13271,-0.09064,-0.11261,-0.08835,-0.0648,-0.08232,0.171097,0.186453,0.227545,0.159123,0.234682,0.232941,0,0.2314,0.00591
E30,-0.13271,-0.09064,-0.11261,-0.08835,-0.0648,-0.08232,0.171097,0.186453,0.227545,0.159123,0.234682,0.232941,2,0.5234,0.00709
E30,-0.13271,-0.09064,-0.11261,-0.08835,-0.0648,-0.08232,0.171097,0.186453,0.227545,0.159123,0.234682,0.232941,4,0.7576,0.00838
E30,-0.13271,-0.09064,-0.11261,-0.08835,-0.0648,-0.08232,0.171097,0.186453,0.227545,0.159123,0.234682,0.232941,6,0.8912,0.01116
E30,-0.13271,-0.09064,-0.11261,-0.08835,-0.0648,-0.08232,0.171097,0.186453,0.227545,0.159123,0.234682,0.232941,8,1.0158,0.01528
E30,-0.13271,-0.09064,-0.11261,-0.08835,-0.0648,-0.08232,0.171097,0.186453,0.227545,0.159123,0.234682,0.232941,10,1.1221,0.01956
E31,-0.15972,-0.11243,-0.08783,-0.0942,-0.07644,-0.07888,0.183065,0.198202,0.231147,0.172038,0.238219,0.223808,-2,0.0402,0.00778
E31,-0.15972,-0.11243,-0.08783,-0.0942,-0.07644,-0.07888,0.183065,0.198202,0.231147,0.172038,0.238219,0.223808,0,0.232,0.00613
E31,-0.15972,-0.11243,-0.08783,-0.0942,-0.07644,-0.07888,0.183065,0.198202,0.231147,0.172038,0.238219,0.223808,2,0.5119,0.00727
E31,-0.15972,-0.11243,-0.08783,-0.0942,-0.07644,-0.07888,0.183065,0.198202,0.231147,0.172038,0.238219,0.223808,4,0.7664,0.00854
E31,-0.15972,-0.11243,-0.08783,-0.0942,-0.07644,-0.07888,0.183065,0.198202,0.231147,0.172038,0.238219,0.223808,6,0.9058,0.01072
E31,-0.15972,-0.11243,-0.08783,-0.0942,-0.07644,-0.07888,0.183065,0.198202,0.231147,0.172038,0.238219,0.223808,8,1.0272,0.01471
E31,-0.15972,-0.11243,-0.08783,-0.0942,-0.07644,-0.07888,0.183065,0.198202,0.231147,0.172038,0.238219,0.223808,10,1.1341,0.01875
E32,-0.16726,-0.10479,-0.0995,-0.07192,-0.08574,-0.08065,0.167697,0.183296,0.252438,0.153264,0.214365,0.221104,-2,0.0234,0.00767
E32,-0.16726,-0.10479,-0.0995,-0.07192,-0.08574,-0.08065,0.167697,0.183296,0.252438,0.153264,0.214365,0.221104,0,0.207,0.00645
E32,-0.16726,-0.10479,-0.0995,-0.07192,-0.08574,-0.08065,0.167697,0.183296,0.252438,0.153264,0.214365,0.221104,2,0.5073,0.00755
E32,-0.16726,-0.10479,-0.0995,-0.07192,-0.08574,-0.08065,0.167697,0.183296,0.252438,0.153264,0.214365,0.221104,4,0.7547,0.00833
E32,-0.16726,-0.10479,-0.0995,-0.07192,-0.08574,-0.08065,0.167697,0.183296,0.252438,0.153264,0.214365,0.221104,6,0.8857,0.01144
E32,-0.16726,-0.10479,-0.0995,-0.07192,-0.08574,-0.08065,0.167697,0.183296,0.252438,0.153264,0.214365,0.221104,8,1.0081,0.01555
E32,-0.16726,-0.10479,-0.0995,-0.07192,-0.08574,-0.08065,0.167697,0.183296,0.252438,0.153264,0.214365,0.221104,10,1.1061,0.01996
E33,-0.16049,-0.10666,-0.10766,-0.08283,-0.08469,-0.06991,0.207192,0.226835,0.25655,0.181069,0.197258,0.214436,-2,0.0282,0.00814
E33,-0.16049,-0.10666,-0.10766,-0.08283,-0.08469,-0.06991,0.207192,0.226835,0.25655,0.181069,0.197258,0.214436,0,0.2185,0.0072
E33,-0.16049,-0.10666,-0.10766,-0.08283,-0.08469,-0.06991,0.207192,0.226835,0.25655,0.181069,0.197258,0.214436,2,0.4921,0.00793
E33,-0.16049,-0.10666,-0.10766,-0.08283,-0.08469,-0.06991,0.207192,0.226835,0.25655,0.181069,0.197258,0.214436,4,0.7718,0.00872
E33,-0.16049,-0.10666,-0.10766,-0.08283,-0.08469,-0.06991,0.207192,0.226835,0.25655,0.181069,0.197258,0.214436,6,0.9378,0.00989
E33,-0.16049,-0.10666,-0.10766,-0.08283,-0.08469,-0.06991,0.207192,0.226835,0.25655,0.181069,0.197258,0.214436,8,1.0804,0.013
E33,-0.16049,-0.10666,-0.10766,-0.08283,-0.08469,-0.06991,0.207192,0.226835,0.25655,0.181069,0.197258,0.214436,10,1.1862,0.01741
E34,-0.13776,-0.09133,-0.11224,-0.08527,-0.07765,-0.06425,0.17262,0.180629,0.243505,0.177133,0.192127,0.202644,-2,0.0104,0.0069
E34,-0.13776,-0.09133,-0.11224,-0.08527,-0.07765,-0.06425,0.17262,0.180629,0.243505,0.177133,0.192127,0.202644,0,0.208,0.00647
E34,-0.13776,-0.09133,-0.11224,-0.08527,-0.07765,-0.06425,0.17262,0.180629,0.243505,0.177133,0.192127,0.202644,2,0.4833,0.00723
E34,-0.13776,-0.09133,-0.11224,-0.08527,-0.07765,-0.06425,0.17262,0.180629,0.243505,0.177133,0.192127,0.202644,4,0.7424,0.00798
E34,-0.13776,-0.09133,-0.11224,-0.08527,-0.07765,-0.06425,0.17262,0.180629,0.243505,0.177133,0.192127,0.202644,6,0.8783,0.01102
E34,-0.13776,-0.09133,-0.11224,-0.08527,-0.07765,-0.06425,0.17262,0.180629,0.243505,0.177133,0.192127,0.202644,8,1.0113,0.01517
E34,-0.13776,-0.09133,-0.11224,-0.08527,-0.07765,-0.06425,0.17262,0.180629,0.243505,0.177133,0.192127,0.202644,10,1.1128,0.02005
E35,-0.14752,-0.11168,-0.10241,-0.08246,-0.06955,-0.08113,0.203238,0.204527,0.228195,0.195574,0.23749,0.234879,-2,0.0589,0.00746
E35,-0.14752,-0.11168,-0.10241,-0.08246,-0.06955,-0.08113,0.203238,0.204527,0.228195,0.195574,0.23749,0.234879,0,0.2546,0.00628
E35,-0.14752,-0.11168,-0.10241,-0.08246,-0.06955,-0.08113,0.203238,0.204527,0.228195,0.195574,0.23749,0.234879,2,0.5444,0.0073
E35,-0.14752,-0.11168,-0.10241,-0.08246,-0.06955,-0.08113,0.203238,0.204527,0.228195,0.195574,0.23749,0.234879,4,0.7809,0.00868
E35,-0.14752,-0.11168,-0.10241,-0.08246,-0.06955,-0.08113,0.203238,0.204527,0.228195,0.195574,0.23749,0.234879,6,0.9207,0.01094
E35,-0.14752,-0.11168,-0.10241,-0.08246,-0.06955,-0.08113,0.203238,0.204527,0.228195,0.195574,0.23749,0.234879,8,1.0499,0.01429
E35,-0.14752,-0.11168,-0.10241,-0.08246,-0.06955,-0.08113,0.203238,0.204527,0.228195,0.195574,0.23749,0.234879,10,1.1589,0.01814
E36,-0.16355,-0.09695,-0.10464,-0.08368,-0.07967,-0.07344,0.187924,0.219686,0.220709,0.172465,0.195125,0.21685,-2,0.0241,0.0076
E36,-0.16355,-0.09695,-0.10464,-0.08368,-0.07967,-0.07344,0.187924,0.219686,0.220709,0.172465,0.195125,0.21685,0,0.2042,0.0067
E36,-0.16355,-0.09695,-0.10464,-0.08368,-0.07967,-0.07344,0.187924,0.219686,0.220709,0.172465,0.195125,0.21685,2,0.4882,0.00773
E37,-0.16355,-0.09695,-0.10464,-0.08368,-0.07967,-0.07344,0.187924,0.219686,0.220709,0.172465,0.195125,0.21685,4,0.7462,0.00868
E36,-0.16355,-0.09695,-0.10464,-0.08368,-0.07967,-0.07344,0.187924,0.219686,0.220709,0.172465,0.195125,0.21685,6,0.9108,0.01009
E36,-0.16355,-0.09695,-0.10464,-0.08368,-0.07967,-0.07344,0.187924,0.219686,0.220709,0.172465,0.195125,0.21685,8,1.0519,0.01364
E36,-0.16355,-0.09695,-0.10464,-0.08368,-0.07967,-0.07344,0.187924,0.219686,0.220709,0.172465,0.195125,0.21685,10,1.168,0.01798
E37,-0.14157,-0.10613,-0.10514,-0.08796,-0.07768,-0.06215,0.216681,0.219652,0.194391,0.163124,0.184713,0.218841,-2,0.0078,0.00691
E37,-0.14157,-0.10613,-0.10514,-0.08796,-0.07768,-0.06215,0.216681,0.219652,0.194391,0.163124,0.184713,0.218841,0,0.1976,0.00686
E37,-0.14157,-0.10613,-0.10514,-0.08796,-0.07768,-0.06215,0.216681,0.219652,0.194391,0.163124,0.184713,0.218841,2,0.4613,0.00801
E37,-0.14157,-0.10613,-0.10514,-0.08796,-0.07768,-0.06215,0.216681,0.219652,0.194391,0.163124,0.184713,0.218841,4,0.7226,0.00919
E37,-0.14157,-0.10613,-0.10514,-0.08796,-0.07768,-0.06215,0.216681,0.219652,0.194391,0.163124,0.184713,0.218841,6,0.8912,0.01071
E37,-0.14157,-0.10613,-0.10514,-0.08796,-0.07768,-0.06215,0.216681,0.219652,0.194391,0.163124,0.184713,0.218841,8,1.059,0.01314
E37,-0.14157,-0.10613,-0.10514,-0.08796,-0.07768,-0.06215,0.216681,0.219652,0.194391,0.163124,0.184713,0.218841,10,1.2105,0.01666
E38,-0.16869,-0.10954,-0.10523,-0.09133,-0.06626,-0.06334,0.201579,0.175186,0.192277,0.187578,0.18915,0.229572,-2,0.008,0.00776
E38,-0.16869,-0.10954,-0.10523,-0.09133,-0.06626,-0.06334,0.201579,0.175186,0.192277,0.187578,0.18915,0.229572,0,0.2222,0.00624
E38,-0.16869,-0.10954,-0.10523,-0.09133,-0.06626,-0.06334,0.201579,0.175186,0.192277,0.187578,0.18915,0.229572,2,0.4664,0.00689
E38,-0.16869,-0.10954,-0.10523,-0.09133,-0.06626,-0.06334,0.201579,0.175186,0.192277,0.187578,0.18915,0.229572,4,0.7043,0.00918
E38,-0.16869,-0.10954,-0.10523,-0.09133,-0.06626,-0.06334,0.201579,0.175186,0.192277,0.187578,0.18915,0.229572,6,0.8586,0.01169
E38,-0.16869,-0.10954,-0.10523,-0.09133,-0.06626,-0.06334,0.201579,0.175186,0.192277,0.187578,0.18915,0.229572,8,1.0176,0.01453
E38,-0.16869,-0.10954,-0.10523,-0.09133,-0.06626,-0.06334,0.201579,0.175186,0.192277,0.187578,0.18915,0.229572,10,1.1571,0.0181
E39,-0.14523,-0.09807,-0.09795,-0.09328,-0.06579,-0.07868,0.209933,0.179026,0.224537,0.203628,0.199121,0.183867,-2,0.0191,0.00739
E39,-0.14523,-0.09807,-0.09795,-0.09328,-0.06579,-0.07868,0.209933,0.179026,0.224537,0.203628,0.199121,0.183867,0,0.215,0.00636
E39,-0.14523,-0.09807,-0.09795,-0.09328,-0.06579,-0.07868,0.209933,0.179026,0.224537,0.203628,0.199121,0.183867,2,0.5052,0.0071
E39,-0.14523,-0.09807,-0.09795,-0.09328,-0.06579,-0.07868,0.209933,0.179026,0.224537,0.203628,0.199121,0.183867,4,0.7412,0.00834
E39,-0.14523,-0.09807,-0.09795,-0.09328,-0.06579,-0.07868,0.209933,0.179026,0.224537,0.203628,0.199121,0.183867,6,0.8826,0.01153
E39,-0.14523,-0.09807,-0.09795,-0.09328,-0.06579,-0.07868,0.209933,0.179026,0.224537,0.203628,0.199121,0.183867,8,1.0326,0.01455
E39,-0.14523,-0.09807,-0.09795,-0.09328,-0.06579,-0.07868,0.209933,0.179026,0.224537,0.203628,0.199121,0.183867,10,1.1579,0.01816
E40,-0.13895,-0.08746,-0.08471,-0.07902,-0.06768,-0.06476,0.164996,0.176469,0.237204,0.174934,0.21742,0.186215,-2,0.033,0.00731
E40,-0.13895,-0.08746,-0.08471,-0.07902,-0.06768,-0.06476,0.164996,0.176469,0.237204,0.174934,0.21742,0.186215,0,0.2311,0.00612
E40,-0.13895,-0.08746,-0.08471,-0.07902,-0.06768,-0.06476,0.164996,0.176469,0.237204,0.174934,0.21742,0.186215,2,0.5404,0.007
E40,-0.13895,-0.08746,-0.08471,-0.07902,-0.06768,-0.06476,0.164996,0.176469,0.237204,0.174934,0.21742,0.186215,4,0.7474,0.00779
E40,-0.13895,-0.08746,-0.08471,-0.07902,-0.06768,-0.06476,0.164996,0.176469,0.237204,0.174934,0.21742,0.186215,6,0.8773,0.01163
E40,-0.13895,-0.08746,-0.08471,-0.07902,-0.06768,-0.06476,0.164996,0.176469,0.237204,0.174934,0.21742,0.186215,8,1.0132,0.01568
E40,-0.13895,-0.08746,-0.08471,-0.07902,-0.06768,-0.06476,0.164996,0.176469,0.237204,0.174934,0.21742,0.186215,10,1.112,0.02092
E41,-0.13097,-0.09361,-0.08936,-0.09662,-0.08161,-0.0666,0.205611,0.222933,0.235522,0.191451,0.183215,0.190025,-2,0.0161,0.00743
E41,-0.13097,-0.09361,-0.08936,-0.09662,-0.08161,-0.0666,0.205611,0.222933,0.235522,0.191451,0.183215,0.190025,0,0.2107,0.00682
E41,-0.13097,-0.09361,-0.08936,-0.09662,-0.08161,-0.0666,0.205611,0.222933,0.235522,0.191451,0.183215,0.190025,2,0.4949,0.00776
E41,-0.13097,-0.09361,-0.08936,-0.09662,-0.08161,-0.0666,0.205611,0.222933,0.235522,0.191451,0.183215,0.190025,4,0.761,0.0085
E41,-0.13097,-0.09361,-0.08936,-0.09662,-0.08161,-0.0666,0.205611,0.222933,0.235522,0.191451,0.183215,0.190025,6,0.9247,0.00989
E41,-0.13097,-0.09361,-0.08936,-0.09662,-0.08161,-0.0666,0.205611,0.222933,0.235522,0.191451,0.183215,0.190025,8,1.0731,0.01308
E41,-0.13097,-0.09361,-0.08936,-0.09662,-0.08161,-0.0666,0.205611,0.222933,0.235522,0.191451,0.183215,0.190025,10,1.1935,0.01745
E42,-0.13999,-0.09412,-0.10352,-0.09703,-0.08506,-0.06586,0.18677,0.172042,0.254026,0.185026,0.245674,0.179306,-2,0.0245,0.00706
E42,-0.13999,-0.09412,-0.10352,-0.09703,-0.08506,-0.06586,0.18677,0.172042,0.254026,0.185026,0.245674,0.179306,0,0.2251,0.0064
E42,-0.13999,-0.09412,-0.10352,-0.09703,-0.08506,-0.06586,0.18677,0.172042,0.254026,0.185026,0.245674,0.179306,2,0.4851,0.00705
E42,-0.13999,-0.09412,-0.10352,-0.09703,-0.08506,-0.06586,0.18677,0.172042,0.254026,0.185026,0.245674,0.179306,4,0.7701,0.00798
E42,-0.13999,-0.09412,-0.10352,-0.09703,-0.08506,-0.06586,0.18677,0.172042,0.254026,0.185026,0.245674,0.179306,6,0.8775,0.01164
E42,-0.13999,-0.09412,-0.10352,-0.09703,-0.08506,-0.06586,0.18677,0.172042,0.254026,0.185026,0.245674,0.179306,8,1.0066,0.01514
E42,-0.13999,-0.09412,-0.10352,-0.09703,-0.08506,-0.06586,0.18677,0.172042,0.254026,0.185026,0.245674,0.179306,10,1.1092,0.01966
E43,-0.14289,-0.09777,-0.08647,-0.07661,-0.07872,-0.07624,0.200733,0.173811,0.244471,0.173367,0.211619,0.221857,-2,0.0444,0.00741
E43,-0.14289,-0.09777,-0.08647,-0.07661,-0.07872,-0.07624,0.200733,0.173811,0.244471,0.173367,0.211619,0.221857,0,0.2425,0.00618
E43,-0.14289,-0.09777,-0.08647,-0.07661,-0.07872,-0.07624,0.200733,0.173811,0.244471,0.173367,0.211619,0.221857,2,0.5455,0.00743
E43,-0.14289,-0.09777,-0.08647,-0.07661,-0.07872,-0.07624,0.200733,0.173811,0.244471,0.173367,0.211619,0.221857,4,0.7684,0.00843
E43,-0.14289,-0.09777,-0.08647,-0.07661,-0.07872,-0.07624,0.200733,0.173811,0.244471,0.173367,0.211619,0.221857,6,0.8995,0.0116
E43,-0.14289,-0.09777,-0.08647,-0.07661,-0.07872,-0.07624,0.200733,0.173811,0.244471,0.173367,0.211619,0.221857,8,1.0395,0.01476
E43,-0.14289,-0.09777,-0.08647,-0.07661,-0.07872,-0.07624,0.200733,0.173811,0.244471,0.173367,0.211619,0.221857,10,1.1529,0.01859
E44,-0.13252,-0.08863,-0.0978,-0.08777,-0.0671,-0.06301,0.192875,0.216151,0.239769,0.15183,0.219478,0.195743,-2,0.0313,0.00692
E44,-0.13252,-0.08863,-0.0978,-0.08777,-0.0671,-0.06301,0.192875,0.216151,0.239769,0.15183,0.219478,0.195743,0,0.2203,0.00666
E44,-0.13252,-0.08863,-0.0978,-0.08777,-0.0671,-0.06301,0.192875,0.216151,0.239769,0.15183,0.219478,0.195743,2,0.5099,0.00773
E44,-0.13252,-0.08863,-0.0978,-0.08777,-0.0671,-0.06301,0.192875,0.216151,0.239769,0.15183,0.219478,0.195743,4,0.7482,0.00853
E44,-0.13252,-0.08863,-0.0978,-0.08777,-0.0671,-0.06301,0.192875,0.216151,0.239769,0.15183,0.219478,0.195743,6,0.9197,0.00992
E44,-0.13252,-0.08863,-0.0978,-0.08777,-0.0671,-0.06301,0.192875,0.216151,0.239769,0.15183,0.219478,0.195743,8,1.0672,0.01352
E44,-0.13252,-0.08863,-0.0978,-0.08777,-0.0671,-0.06301,0.192875,0.216151,0.239769,0.15183,0.219478,0.195743,10,1.1879,0.01805
E45,-0.13881,-0.10057,-0.11383,-0.07798,-0.08184,-0.07274,0.215212,0.194809,0.218269,0.197716,0.210208,0.186949,-2,0.0221,0.00716
E45,-0.13881,-0.10057,-0.11383,-0.07798,-0.08184,-0.07274,0.215212,0.194809,0.218269,0.197716,0.210208,0.186949,0,0.219,0.0063
E45,-0.13881,-0.10057,-0.11383,-0.07798,-0.08184,-0.07274,0.215212,0.194809,0.218269,0.197716,0.210208,0.186949,2,0.4996,0.00721
E45,-0.13881,-0.10057,-0.11383,-0.07798,-0.08184,-0.07274,0.215212,0.194809,0.218269,0.197716,0.210208,0.186949,4,0.7443,0.00865
E45,-0.13881,-0.10057,-0.11383,-0.07798,-0.08184,-0.07274,0.215212,0.194809,0.218269,0.197716,0.210208,0.186949,6,0.8929,0.01116
E45,-0.13881,-0.10057,-0.11383,-0.07798,-0.08184,-0.07274,0.215212,0.194809,0.218269,0.197716,0.210208,0.186949,8,1.0434,0.01409
E45,-0.13881,-0.10057,-0.11383,-0.07798,-0.08184,-0.07274,0.215212,0.194809,0.218269,0.197716,0.210208,0.186949,10,1.1678,0.0178
E46,-0.16638,-0.09508,-0.09987,-0.08938,-0.06855,-0.06613,0.197969,0.174746,0.208223,0.156854,0.220573,0.182894,-2,0.0113,0.00785
E46,-0.16638,-0.09508,-0.09987,-0.08938,-0.06855,-0.06613,0.197969,0.174746,0.208223,0.156854,0.220573,0.182894,0,0.2072,0.00606
E46,-0.16638,-0.09508,-0.09987,-0.08938,-0.06855,-0.06613,0.197969,0.174746,0.208223,0.156854,0.220573,0.182894,2,0.4714,0.00697
E46,-0.16638,-0.09508,-0.09987,-0.08938,-0.06855,-0.06613,0.197969,0.174746,0.208223,0.156854,0.220573,0.182894,6,0.8595,0.01142
E46,-0.16638,-0.09508,-0.09987,-0.08938,-0.06855,-0.06613,0.197969,0.174746,0.208223,0.156854,0.220573,0.182894,8,1.0201,0.01443
E46,-0.16638,-0.09508,-0.09987,-0.08938,-0.06855,-0.06613,0.197969,0.174746,0.208223,0.156854,0.220573,0.182894,10,1.1625,0.01819
E47,-0.15555,-0.10791,-0.09289,-0.0963,-0.07401,-0.07569,0.2155,0.213587,0.20495,0.170547,0.225767,0.207776,-2,0.0282,0.00761
E47,-0.15555,-0.10791,-0.09289,-0.0963,-0.07401,-0.07569,0.2155,0.213587,0.20495,0.170547,0.225767,0.207776,0,0.2191,0.00624
E47,-0.15555,-0.10791,-0.09289,-0.0963,-0.07401,-0.07569,0.2155,0.213587,0.20495,0.170547,0.225767,0.207776,2,0.4853,0.00784
E47,-0.15555,-0.10791,-0.09289,-0.0963,-0.07401,-0.07569,0.2155,0.213587,0.20495,0.170547,0.225767,0.207776,4,0.7403,0.00924
E47,-0.15555,-0.10791,-0.09289,-0.0963,-0.07401,-0.07569,0.2155,0.213587,0.20495,0.170547,0.225767,0.207776,6,0.8999,0.01096
E47,-0.15555,-0.10791,-0.09289,-0.0963,-0.07401,-0.07569,0.2155,0.213587,0.20495,0.170547,0.225767,0.207776,8,1.0562,0.01358
E47,-0.15555,-0.10791,-0.09289,-0.0963,-0.07401,-0.07569,0.2155,0.213587,0.20495,0.170547,0.225767,0.207776,10,1.1929,0.017
E48,-0.17302,-0.09967,-0.10329,-0.09052,-0.06414,-0.07386,0.211785,0.179773,0.199543,0.196565,0.205816,0.182087,-2,0.0178,0.00795
E48,-0.17302,-0.09967,-0.10329,-0.09052,-0.06414,-0.07386,0.211785,0.179773,0.199543,0.196565,0.205816,0.182087,0,0.2122,0.00642
E48,-0.17302,-0.09967,-0.10329,-0.09052,-0.06414,-0.07386,0.211785,0.179773,0.199543,0.196565,0.205816,0.182087,2,0.4795,0.00688
E48,-0.17302,-0.09967,-0.10329,-0.09052,-0.06414,-0.07386,0.211785,0.179773,0.199543,0.196565,0.205816,0.182087,4,0.7072,0.00909
E48,-0.17302,-0.09967,-0.10329,-0.09052,-0.06414,-0.07386,0.211785,0.179773,0.199543,0.196565,0.205816,0.182087,6,0.8649,0.01164
E48,-0.17302,-0.09967,-0.10329,-0.09052,-0.06414,-0.07386,0.211785,0.179773,0.199543,0.196565,0.205816,0.182087,8,1.0246,0.01443
E48,-0.17302,-0.09967,-0.10329,-0.09052,-0.06414,-0.07386,0.211785,0.179773,0.199543,0.196565,0.205816,0.182087,10,1.1625,0.01796
E49,-0.16686,-0.11654,-0.08613,-0.08095,-0.08362,-0.06924,0.217574,0.21069,0.248651,0.179504,0.208713,0.18489,-2,0.0275,0.00829
E49,-0.16686,-0.11654,-0.08613,-0.08095,-0.08362,-0.06924,0.217574,0.21069,0.248651,0.179504,0.208713,0.18489,2,0.4953,0.00765
E49,-0.16686,-0.11654,-0.08613,-0.08095,-0.08362,-0.06924,0.217574,0.21069,0.248651,0.179504,0.208713,0.18489,4,0.7555,0.00856
E49,-0.16686,-0.11654,-0.08613,-0.08095,-0.08362,-0.06924,0.217574,0.21069,0.248651,0.179504,0.208713,0.18489,6,0.9186,0.01031
E49,-0.16686,-0.11654,-0.08613,-0.08095,-0.08362,-0.06924,0.217574,0.21069,0.248651,0.179504,0.208713,0.18489,8,1.0645,0.01363
E49,-0.16686,-0.11654,-0.08613,-0.08095,-0.08362,-0.06924,0.217574,0.21069,0.248651,0.179504,0.208713,0.18489,10,1.1852,0.01756
E50,-0.1487,-0.10445,-0.08501,-0.08685,-0.07237,-0.07463,0.195188,0.218209,0.245444,0.183368,0.18779,0.236197,-2,0.044,0.0079
E50,-0.1487,-0.10445,-0.08501,-0.08685,-0.07237,-0.07463,0.195188,0.218209,0.245444,0.183368,0.18779,0.236197,0,0.2276,0.00685
E50,-0.1487,-0.10445,-0.08501,-0.08685,-0.07237,-0.07463,0.195188,0.218209,0.245444,0.183368,0.18779,0.236197,2,0.529,0.00793
E50,-0.1487,-0.10445,-0.08501,-0.08685,-0.07237,-0.07463,0.195188,0.218209,0.245444,0.183368,0.18779,0.236197,4,0.778,0.00861
E50,-0.1487,-0.10445,-0.08501,-0.08685,-0.07237,-0.07463,0.195188,0.218209,0.245444,0.183368,0.18779,0.236197,6,0.9416,0.00995
E50,-0.1487,-0.10445,-0.08501,-0.08685,-0.07237,-0.07463,0.195188,0.218209,0.245444,0.183368,0.18779,0.236197,8,1.0731,0.01369
E50,-0.1487,-0.10445,-0.08501,-0.08685,-0.07237,-0.07463,0.195188,0.218209,0.245444,0.183368,0.18779,0.236197,10,1.1761,0.01808
E51,-0.17273,-0.0993,-0.09612,-0.07866,-0.07139,-0.07954,0.175442,0.173152,0.232901,0.15133,0.19293,0.200984,-2,0.004,0.00778
E51,-0.17273,-0.0993,-0.09612,-0.07866,-0.07139,-0.07954,0.175442,0.173152,0.232901,0.15133,0.19293,0.200984,0,0.1925,0.00646
E51,-0.17273,-0.0993,-0.09612,-0.07866,-0.07139,-0.07954,0.175442,0.173152,0.232901,0.15133,0.19293,0.200984,2,0.4882,0.00728
E51,-0.17273,-0.0993,-0.09612,-0.07866,-0.07139,-0.07954,0.175442,0.173152,0.232901,0.15133,0.19293,0.200984,4,0.7202,0.00819
E51,-0.17273,-0.0993,-0.09612,-0.07866,-0.07139,-0.07954,0.175442,0.173152,0.232901,0.15133,0.19293,0.200984,6,0.8638,0.01149
E51,-0.17273,-0.0993,-0.09612,-0.07866,-0.07139,-0.07954,0.175442,0.173152,0.232901,0.15133,0.19293,0.200984,8,1.0096,0.01509
E51,-0.17273,-0.0993,-0.09612,-0.07866,-0.07139,-0.07954,0.175442,0.173152,0.232901,0.15133,0.19293,0.200984,10,1.1279,0.01939
E52,-0.14605,-0.09749,-0.09152,-0.0842,-0.08129,-0.07752,0.168986,0.208745,0.25266,0.166672,0.239805,0.211259,-2,0.0446,0.00736
E52,-0.14605,-0.09749,-0.09152,-0.0842,-0.08129,-0.07752,0.168986,0.208745,0.25266,0.166672,0.239805,0.211259,0,0.2347,0.00639
E52,-0.14605,-0.09749,-0.09152,-0.0842,-0.08129,-0.07752,0.168986,0.208745,0.25266,0.166672,0.239805,0.211259,2,0.5306,0.00765
E52,-0.14605,-0.09749,-0.09152,-0.0842,-0.08129,-0.07752,0.168986,0.208745,0.25266,0.166672,0.239805,0.211259,4,0.7799,0.00843
E52,-0.14605,-0.09749,-0.09152,-0.0842,-0.08129,-0.07752,0.168986,0.208745,0.25266,0.166672,0.239805,0.211259,6,0.9326,0.00998
E52,-0.14605,-0.09749,-0.09152,-0.0842,-0.08129,-0.07752,0.168986,0.208745,0.25266,0.166672,0.239805,0.211259,8,1.029,0.01518
E52,-0.14605,-0.09749,-0.09152,-0.0842,-0.08129,-0.07752,0.168986,0.208745,0.25266,0.166672,0.239805,0.211259,10,1.1163,0.02
E53,-0.15503,-0.09279,-0.09196,-0.07988,-0.06896,-0.07792,0.166777,0.214119,0.210715,0.198612,0.190511,0.218323,-2,0.0368,0.0076
E53,-0.15503,-0.09279,-0.09196,-0.07988,-0.06896,-0.07792,0.166777,0.214119,0.210715,0.198612,0.190511,0.218323,0,0.224,0.00628
E53,-0.15503,-0.09279,-0.09196,-0.07988,-0.06896,-0.07792,0.166777,0.214119,0.210715,0.198612,0.190511,0.218323,2,0.5346,0.00739
E53,-0.15503,-0.09279,-0.09196,-0.07988,-0.06896,-0.07792,0.166777,0.214119,0.210715,0.198612,0.190511,0.218323,4,0.7574,0.00823
E53,-0.15503,-0.09279,-0.09196,-0.07988,-0.06896,-0.07792,0.166777,0.214119,0.210715,0.198612,0.190511,0.218323,6,0.9144,0.01014
E53,-0.15503,-0.09279,-0.09196,-0.07988,-0.06896,-0.07792,0.166777,0.214119,0.210715,0.198612,0.190511,0.218323,8,1.0309,0.01504
E53,-0.15503,-0.09279,-0.09196,-0.07988,-0.06896,-0.07792,0.166777,0.214119,0.210715,0.198612,0.190511,0.218323,10,1.129,0.01976
E54,-0.16222,-0.09195,-0.09551,-0.09554,-0.08007,-0.06804,0.211965,0.202559,0.223692,0.188493,0.228328,0.190341,-2,0.0415,0.00792
E54,-0.16222,-0.09195,-0.09551,-0.09554,-0.08007,-0.06804,0.211965,0.202559,0.223692,0.188493,0.228328,0.190341,0,0.2274,0.00633
E54,-0.16222,-0.09195,-0.09551,-0.09554,-0.08007,-0.06804,0.211965,0.202559,0.223692,0.188493,0.228328,0.190341,2,0.4877,0.00726
E54,-0.16222,-0.09195,-0.09551,-0.09554,-0.08007,-0.06804,0.211965,0.202559,0.223692,0.188493,0.228328,0.190341,4,0.7553,0.00871
E54,-0.16222,-0.09195,-0.09551,-0.09554,-0.08007,-0.06804,0.211965,0.202559,0.223692,0.188493,0.228328,0.190341,6,0.9015,0.01091
E54,-0.16222,-0.09195,-0.09551,-0.09554,-0.08007,-0.06804,0.211965,0.202559,0.223692,0.188493,0.228328,0.190341,8,1.0474,0.01398
E54,-0.16222,-0.09195,-0.09551,-0.09554,-0.08007,-0.06804,0.211965,0.202559,0.223692,0.188493,0.228328,0.190341,10,1.1705,0.01765
E55,-0.14381,-0.09554,-0.10809,-0.08013,-0.08287,-0.07424,0.193623,0.192046,0.22579,0.185396,0.204383,0.177992,-2,0.0077,0.00722
E55,-0.14381,-0.09554,-0.10809,-0.08013,-0.08287,-0.07424,0.193623,0.192046,0.22579,0.185396,0.204383,0.177992,0,0.2033,0.0063
E55,-0.14381,-0.09554,-0.10809,-0.08013,-0.08287,-0.07424,0.193623,0.192046,0.22579,0.185396,0.204383,0.177992,2,0.4927,0.00725
E55,-0.14381,-0.09554,-0.10809,-0.08013,-0.08287,-0.07424,0.193623,0.192046,0.22579,0.185396,0.204383,0.177992,4,0.7399,0.00818
E55,-0.14381,-0.09554,-0.10809,-0.08013,-0.08287,-0.07424,0.193623,0.192046,0.22579,0.185396,0.204383,0.177992,6,0.8893,0.01069
E55,-0.14381,-0.09554,-0.10809,-0.08013,-0.08287,-0.07424,0.193623,0.192046,0.22579,0.185396,0.204383,0.177992,8,1.0305,0.01433
E55,-0.14381,-0.09554,-0.10809,-0.08013,-0.08287,-0.07424,0.193623,0.192046,0.22579,0.185396,0.204383,0.177992,10,1.1515,0.01829
E56,-0.1355,-0.10258,-0.10982,-0.0862,-0.07083,-0.07528,0.185646,0.188961,0.255258,0.193564,0.183658,0.193727,-2,0.0076,0.00739
E56,-0.1355,-0.10258,-0.10982,-0.0862,-0.07083,-0.07528,0.185646,0.188961,0.255258,0.193564,0.183658,0.193727,0,0.2077,0.00678
E56,-0.1355,-0.10258,-0.10982,-0.0862,-0.07083,-0.07528,0.185646,0.188961,0.255258,0.193564,0.183658,0.193727,2,0.496,0.00743
E56,-0.1355,-0.10258,-0.10982,-0.0862,-0.07083,-0.07528,0.185646,0.188961,0.255258,0.193564,0.183658,0.193727,4,0.752,0.008
E56,-0.1355,-0.10258,-0.10982,-0.0862,-0.07083,-0.07528,0.185646,0.188961,0.255258,0.193564,0.183658,0.193727,6,0.9051,0.01021
E56,-0.1355,-0.10258,-0.10982,-0.0862,-0.07083,-0.07528,0.185646,0.188961,0.255258,0.193564,0.183658,0.193727,8,1.0283,0.0148
E56,-0.1355,-0.10258,-0.10982,-0.0862,-0.07083,-0.07528,0.185646,0.188961,0.255258,0.193564,0.183658,0.193727,10,1.1315,0.01923
E57,-0.15596,-0.11032,-0.09126,-0.08733,-0.07204,-0.07088,0.214361,0.190954,0.236785,0.164735,0.222599,0.21322,-2,0.0393,0.00757
E57,-0.15596,-0.11032,-0.09126,-0.08733,-0.07204,-0.07088,0.214361,0.190954,0.236785,0.164735,0.222599,0.21322,0,0.2297,0.00637
E57,-0.15596,-0.11032,-0.09126,-0.08733,-0.07204,-0.07088,0.214361,0.190954,0.236785,0.164735,0.222599,0.21322,2,0.5069,0.00749
E57,-0.15596,-0.11032,-0.09126,-0.08733,-0.07204,-0.07088,0.214361,0.190954,0.236785,0.164735,0.222599,0.21322,4,0.7501,0.00877
E57,-0.15596,-0.11032,-0.09126,-0.08733,-0.07204,-0.07088,0.214361,0.190954,0.236785,0.164735,0.222599,0.21322,6,0.9008,0.01112
E57,-0.15596,-0.11032,-0.09126,-0.08733,-0.07204,-0.07088,0.214361,0.190954,0.236785,0.164735,0.222599,0.21322,8,1.049,0.0142
E57,-0.15596,-0.11032,-0.09126,-0.08733,-0.07204,-0.07088,0.214361,0.190954,0.236785,0.164735,0.222599,0.21322,10,1.1769,0.0177
E58,-0.15925,-0.1073,-0.10192,-0.08468,-0.07869,-0.07159,0.164094,0.212522,0.219744,0.192338,0.238863,0.20393,-2,0.0393,0.00758
E58,-0.15925,-0.1073,-0.10192,-0.08468,-0.07869,-0.07159,0.164094,0.212522,0.219744,0.192338,0.238863,0.20393,0,0.2322,0.00628
E58,-0.15925,-0.1073,-0.10192,-0.08468,-0.07869,-0.07159,0.164094,0.212522,0.219744,0.192338,0.238863,0.20393,2,0.5082,0.00704
E58,-0.15925,-0.1073,-0.10192,-0.08468,-0.07869,-0.07159,0.164094,0.212522,0.219744,0.192338,0.238863,0.20393,4,0.7619,0.00821
E58,-0.15925,-0.1073,-0.10192,-0.08468,-0.07869,-0.07159,0.164094,0.212522,0.219744,0.192338,0.238863,0.20393,6,0.9052,0.01032
E58,-0.15925,-0.1073,-0.10192,-0.08468,-0.07869,-0.07159,0.164094,0.212522,0.219744,0.192338,0.238863,0.20393,8,1.0112,0.01526
E58,-0.15925,-0.1073,-0.10192,-0.08468,-0.07869,-0.07159,0.164094,0.212522,0.219744,0.192338,0.238863,0.20393,10,1.1058,0.02012
E59,-0.16126,-0.10137,-0.08716,-0.07566,-0.07907,-0.0689,0.198977,0.198901,0.194998,0.160742,0.19348,0.201989,-2,0.0075,0.00781
E59,-0.16126,-0.10137,-0.08716,-0.07566,-0.07907,-0.0689,0.198977,0.198901,0.194998,0.160742,0.19348,0.201989,0,0.2018,0.00616
E59,-0.16126,-0.10137,-0.08716,-0.07566,-0.07907,-0.0689,0.198977,0.198901,0.194998,0.160742,0.19348,0.201989,2,0.4899,0.00763
E59,-0.16126,-0.10137,-0.08716,-0.07566,-0.07907,-0.0689,0.198977,0.198901,0.194998,0.160742,0.19348,0.201989,4,0.716,0.00889
E59,-0.16126,-0.10137,-0.08716,-0.07566,-0.07907,-0.0689,0.198977,0.198901,0.194998,0.160742,0.19348,0.201989,6,0.8816,0.01084
E59,-0.16126,-0.10137,-0.08716,-0.07566,-0.07907,-0.0689,0.198977,0.198901,0.194998,0.160742,0.19348,0.201989,8,1.0408,0.01384
E59,-0.16126,-0.10137,-0.08716,-0.07566,-0.07907,-0.0689,0.198977,0.198901,0.194998,0.160742,0.19348,0.201989,10,1.1831,0.01775
E60,-0.1529,-0.10564,-0.1087,-0.08571,-0.07494,-0.06514,0.196223,0.199602,0.196833,0.189956,0.226659,0.208846,-2,0.0327,0.00743
E60,-0.1529,-0.10564,-0.1087,-0.08571,-0.07494,-0.06514,0.196223,0.199602,0.196833,0.189956,0.226659,0.208846,0,0.2325,0.00618
E60,-0.1529,-0.10564,-0.1087,-0.08571,-0.07494,-0.06514,0.196223,0.199602,0.196833,0.189956,0.226659,0.208846,2,0.4898,0.00693
E60,-0.1529,-0.10564,-0.1087,-0.08571,-0.07494,-0.06514,0.196223,0.199602,0.196833,0.189956,0.226659,0.208846,4,0.7337,0.00879
E60,-0.1529,-0.10564,-0.1087,-0.08571,-0.07494,-0.06514,0.196223,0.199602,0.196833,0.189956,0.226659,0.208846,6,0.8832,0.01106
E60,-0.1529,-0.10564,-0.1087,-0.08571,-0.07494,-0.06514,0.196223,0.199602,0.196833,0.189956,0.226659,0.208846,8,1.0323,0.01416
E60,-0.1529,-0.10564,-0.1087,-0.08571,-0.07494,-0.06514,0.196223,0.199602,0.196833,0.189956,0.226659,0.208846,10,1.1596,0.01793
E61,-0.16795,-0.10881,-0.08884,-0.08199,-0.06733,-0.07009,0.213329,0.203429,0.256719,0.157698,0.21619,0.175996,-2,0.0234,0.00824
E61,-0.16795,-0.10881,-0.08884,-0.08199,-0.06733,-0.07009,0.213329,0.203429,0.256719,0.157698,0.21619,0.175996,0,0.2181,0.0072
E61,-0.16795,-0.10881,-0.08884,-0.08199,-0.06733,-0.07009,0.213329,0.203429,0.256719,0.157698,0.21619,0.175996,2,0.4996,0.00762
E61,-0.16795,-0.10881,-0.08884,-0.08199,-0.06733,-0.07009,0.213329,0.203429,0.256719,0.157698,0.21619,0.175996,4,0.7418,0.00845
E61,-0.16795,-0.10881,-0.08884,-0.08199,-0.06733,-0.07009,0.213329,0.203429,0.256719,0.157698,0.21619,0.175996,6,0.9131,0.01019
E61,-0.16795,-0.10881,-0.08884,-0.08199,-0.06733,-0.07009,0.213329,0.203429,0.256719,0.157698,0.21619,0.175996,8,1.0625,0.01377
E61,-0.16795,-0.10881,-0.08884,-0.08199,-0.06733,-0.07009,0.213329,0.203429,0.256719,0.157698,0.21619,0.175996,10,1.1908,0.01773
E62,-0.15706,-0.10224,-0.09348,-0.09002,-0.07058,-0.07239,0.171613,0.221143,0.217209,0.173849,0.190162,0.215763,-2,0.0221,0.0075
E62,-0.15706,-0.10224,-0.09348,-0.09002,-0.07058,-0.07239,0.171613,0.221143,0.217209,0.173849,0.190162,0.215763,0,0.2041,0.00663
E62,-0.15706,-0.10224,-0.09348,-0.09002,-0.07058,-0.07239,0.171613,0.221143,0.217209,0.173849,0.190162,0.215763,2,0.4918,0.00762
E62,-0.15706,-0.10224,-0.09348,-0.09002,-0.07058,-0.07239,0.171613,0.221143,0.217209,0.173849,0.190162,0.215763,4,0.7411,0.00847
E62,-0.15706,-0.10224,-0.09348,-0.09002,-0.07058,-0.07239,0.171613,0.221143,0.217209,0.173849,0.190162,0.215763,6,0.9076,0.00992
E62,-0.15706,-0.10224,-0.09348,-0.09002,-0.07058,-0.07239,0.171613,0.221143,0.217209,0.173849,0.190162,0.215763,8,1.0365,0.01442
E62,-0.15706,-0.10224,-0.09348,-0.09002,-0.07058,-0.07239,0.171613,0.221143,0.217209,0.173849,0.190162,0.215763,10,1.1451,0.01905
E63,-0.164,-0.11721,-0.08589,-0.09213,-0.06587,-0.07141,0.173741,0.211886,0.222376,0.194545,0.243524,0.209815,-2,0.0552,0.00789
E63,-0.164,-0.11721,-0.08589,-0.09213,-0.06587,-0.07141,0.173741,0.211886,0.222376,0.194545,0.243524,0.209815,0,0.2478,0.00644
E63,-0.164,-0.11721,-0.08589,-0.09213,-0.06587,-0.07141,0.173741,0.211886,0.222376,0.194545,0.243524,0.209815,2,0.5226,0.007
E63,-0.164,-0.11721,-0.08589,-0.09213,-0.06587,-0.07141,0.173741,0.211886,0.222376,0.194545,0.243524,0.209815,4,0.7666,0.00823
E63,-0.164,-0.11721,-0.08589,-0.09213,-0.06587,-0.07141,0.173741,0.211886,0.222376,0.194545,0.243524,0.209815,6,0.9125,0.01036
E63,-0.164,-0.11721,-0.08589,-0.09213,-0.06587,-0.07141,0.173741,0.211886,0.222376,0.194545,0.243524,0.209815,8,1.0259,0.01491
E63,-0.164,-0.11721,-0.08589,-0.09213,-0.06587,-0.07141,0.173741,0.211886,0.222376,0.194545,0.243524,0.209815,10,1.1287,0.01937
E64,-0.13028,-0.09455,-0.0945,-0.09589,-0.07672,-0.06266,0.219471,0.205277,0.232479,0.202137,0.201372,0.230202,-2,0.0538,0.00689
E64,-0.13028,-0.09455,-0.0945,-0.09589,-0.07672,-0.06266,0.219471,0.205277,0.232479,0.202137,0.201372,0.230202,0,0.2467,0.0065
E64,-0.13028,-0.09455,-0.0945,-0.09589,-0.07672,-0.06266,0.219471,0.205277,0.232479,0.202137,0.201372,0.230202,2,0.5168,0.00754
E64,-0.13028,-0.09455,-0.0945,-0.09589,-0.07672,-0.06266,0.219471,0.205277,0.232479,0.202137,0.201372,0.230202,4,0.7816,0.00871
E64,-0.13028,-0.09455,-0.0945,-0.09589,-0.07672,-0.06266,0.219471,0.205277,0.232479,0.202137,0.201372,0.230202,6,0.9233,0.01082
E64,-0.13028,-0.09455,-0.0945,-0.09589,-0.07672,-0.06266,0.219471,0.205277,0.232479,0.202137,0.201372,0.230202,8,1.0655,0.0139
E64,-0.13028,-0.09455,-0.0945,-0.09589,-0.07672,-0.06266,0.219471,0.205277,0.232479,0.202137,0.201372,0.230202,10,1.1868,0.01747
E65,-0.15156,-0.11782,-0.09373,-0.08515,-0.07619,-0.06573,0.194815,0.193704,0.243161,0.178354,0.244015,0.19761,-2,0.0465,0.00757
E65,-0.15156,-0.11782,-0.09373,-0.08515,-0.07619,-0.06573,0.194815,0.193704,0.243161,0.178354,0.244015,0.19761,0,0.24,0.00638
E65,-0.15156,-0.11782,-0.09373,-0.08515,-0.07619,-0.06573,0.194815,0.193704,0.243161,0.178354,0.244015,0.19761,2,0.5098,0.00713
E65,-0.15156,-0.11782,-0.09373,-0.08515,-0.07619,-0.06573,0.194815,0.193704,0.243161,0.178354,0.244015,0.19761,4,0.7624,0.00827
E65,-0.15156,-0.11782,-0.09373,-0.08515,-0.07619,-0.06573,0.194815,0.193704,0.243161,0.178354,0.244015,0.19761,6,0.9044,0.01073
E65,-0.15156,-0.11782,-0.09373,-0.08515,-0.07619,-0.06573,0.194815,0.193704,0.243161,0.178354,0.244015,0.19761,8,1.0345,0.01456
E65,-0.15156,-0.11782,-0.09373,-0.08515,-0.07619,-0.06573,0.194815,0.193704,0.243161,0.178354,0.244015,0.19761,10,1.1463,0.0186
E66,-0.17132,-0.09146,-0.09891,-0.09406,-0.0652,-0.07479,0.166652,0.1819,0.248154,0.199566,0.246115,0.228295,-2,0.067,0.00797
E66,-0.17132,-0.09146,-0.09891,-0.09406,-0.0652,-0.07479,0.166652,0.1819,0.248154,0.199566,0.246115,0.228295,0,0.2544,0.00641
E66,-0.17132,-0.09146,-0.09891,-0.09406,-0.0652,-0.07479,0.166652,0.1819,0.248154,0.199566,0.246115,0.228295,2,0.5362,0.00702
E66,-0.17132,-0.09146,-0.09891,-0.09406,-0.0652,-0.07479,0.166652,0.1819,0.248154,0.199566,0.246115,0.228295,4,0.7894,0.00798
E66,-0.17132,-0.09146,-0.09891,-0.09406,-0.0652,-0.07479,0.166652,0.1819,0.248154,0.199566,0.246115,0.228295,6,0.8817,0.01205
E66,-0.17132,-0.09146,-0.09891,-0.09406,-0.0652,-0.07479,0.166652,0.1819,0.248154,0.199566,0.246115,0.228295,8,0.9869,0.01588
E66,-0.17132,-0.09146,-0.09891,-0.09406,-0.0652,-0.07479,0.166652,0.1819,0.248154,0.199566,0.246115,0.228295,10,1.0915,0.02069
G2,-0.16745,-0.14071,-0.21917,-0.12011,-0.15861,0.046036,0.320861,0.215991,0.184929,0.288058,0.133629,0.118354,-2,-0.0478,0.00789
G2,-0.16745,-0.14071,-0.21917,-0.12011,-0.15861,0.046036,0.320861,0.215991,0.184929,0.288058,0.133629,0.118354,0,0.1822,0.00795
G2,-0.16745,-0.14071,-0.21917,-0.12011,-0.15861,0.046036,0.320861,0.215991,0.184929,0.288058,0.133629,0.118354,2,0.3977,0.01001
G2,-0.16745,-0.14071,-0.21917,-0.12011,-0.15861,0.046036,0.320861,0.215991,0.184929,0.288058,0.133629,0.118354,4,0.6159,0.01157
G2,-0.16745,-0.14071,-0.21917,-0.12011,-0.15861,0.046036,0.320861,0.215991,0.184929,0.288058,0.133629,0.118354,6,0.8275,0.01323
G2,-0.16745,-0.14071,-0.21917,-0.12011,-0.15861,0.046036,0.320861,0.215991,0.184929,0.288058,0.133629,0.118354,8,1.02,0.01531
G2,-0.16745,-0.14071,-0.21917,-0.12011,-0.15861,0.046036,0.320861,0.215991,0.184929,0.288058,0.133629,0.118354,10,1.199,0.01809
G3,-0.17087,-0.15866,-0.20165,-0.15152,-0.12879,0.042877,0.282048,0.239862,0.162174,0.329172,0.129615,0.129051,-2,-0.0368,0.00811
G3,-0.17087,-0.15866,-0.20165,-0.15152,-0.12879,0.042877,0.282048,0.239862,0.162174,0.329172,0.129615,0.129051,0,0.1957,0.00797
G3,-0.17087,-0.15866,-0.20165,-0.15152,-0.12879,0.042877,0.282048,0.239862,0.162174,0.329172,0.129615,0.129051,4,0.6281,0.01105
G3,-0.17087,-0.15866,-0.20165,-0.15152,-0.12879,0.042877,0.282048,0.239862,0.162174,0.329172,0.129615,0.129051,6,0.8375,0.0128
G3,-0.17087,-0.15866,-0.20165,-0.15152,-0.12879,0.042877,0.282048,0.239862,0.162174,0.329172,0.129615,0.129051,8,1.0298,0.01497
G3,-0.17087,-0.15866,-0.20165,-0.15152,-0.12879,0.042877,0.282048,0.239862,0.162174,0.329172,0.129615,0.129051,10,1.1936,0.01748
G4,-0.15151,-0.18144,-0.23403,-0.12528,-0.12527,0.04487,0.295787,0.217197,0.163748,0.353987,0.152231,0.124501,-2,-0.0202,0.00872
G4,-0.15151,-0.18144,-0.23403,-0.12528,-0.12527,0.04487,0.295787,0.217197,0.163748,0.353987,0.152231,0.124501,0,0.2133,0.00828
G4,-0.15151,-0.18144,-0.23403,-0.12528,-0.12527,0.04487,0.295787,0.217197,0.163748,0.353987,0.152231,0.124501,4,0.6341,0.01191
G4,-0.15151,-0.18144,-0.23403,-0.12528,-0.12527,0.04487,0.295787,0.217197,0.163748,0.353987,0.152231,0.124501,6,0.8391,0.01369
G4,-0.15151,-0.18144,-0.23403,-0.12528,-0.12527,0.04487,0.295787,0.217197,0.163748,0.353987,0.152231,0.124501,8,1.0243,0.01593
G4,-0.15151,-0.18144,-0.23403,-0.12528,-0.12527,0.04487,0.295787,0.217197,0.163748,0.353987,0.152231,0.124501,10,1.168,0.01871
G5,-0.14946,-0.13883,-0.20534,-0.12308,-0.13684,0.038334,0.328722,0.184923,0.167919,0.296762,0.144599,0.139938,-2,-0.024,0.00775
G5,-0.14946,-0.13883,-0.20534,-0.12308,-0.13684,0.038334,0.328722,0.184923,0.167919,0.296762,0.144599,0.139938,0,0.1876,0.00901
G5,-0.14946,-0.13883,-0.20534,-0.12308,-0.13684,0.038334,0.328722,0.184923,0.167919,0.296762,0.144599,0.139938,2,0.4036,0.01071
G5,-0.14946,-0.13883,-0.20534,-0.12308,-0.13684,0.038334,0.328722,0.184923,0.167919,0.296762,0.144599,0.139938,4,0.6194,0.01206
G5,-0.14946,-0.13883,-0.20534,-0.12308,-0.13684,0.038334,0.328722,0.184923,0.167919,0.296762,0.144599,0.139938,6,0.8259,0.0138
G5,-0.14946,-0.13883,-0.20534,-0.12308,-0.13684,0.038334,0.328722,0.184923,0.167919,0.296762,0.144599,0.139938,8,1.0084,0.01595
G5,-0.14946,-0.13883,-0.20534,-0.12308,-0.13684,0.038334,0.328722,0.184923,0.167919,0.296762,0.144599,0.139938,10,1.2009,0.0188
G6,-0.13281,-0.18009,-0.21792,-0.12131,-0.12676,0.038925,0.346057,0.210462,0.175901,0.28039,0.13382,0.122123,-2,-0.0391,0.00817
G6,-0.13281,-0.18009,-0.21792,-0.12131,-0.12676,0.038925,0.346057,0.210462,0.175901,0.28039,0.13382,0.122123,0,0.179,0.00952
G6,-0.13281,-0.18009,-0.21792,-0.12131,-0.12676,0.038925,0.346057,0.210462,0.175901,0.28039,0.13382,0.122123,2,0.4028,0.01079
G6,-0.13281,-0.18009,-0.21792,-0.12131,-0.12676,0.038925,0.346057,0.210462,0.175901,0.28039,0.13382,0.122123,4,0.6236,0.01213
G6,-0.13281,-0.18009,-0.21792,-0.12131,-0.12676,0.038925,0.346057,0.210462,0.175901,0.28039,0.13382,0.122123,6,0.8369,0.01382
G6,-0.13281,-0.18009,-0.21792,-0.12131,-0.12676,0.038925,0.346057,0.210462,0.175901,0.28039,0.13382,0.122123,8,1.0344,0.01595
G6,-0.13281,-0.18009,-0.21792,-0.12131,-0.12676,0.038925,0.346057,0.210462,0.175901,0.28039,0.13382,0.122123,10,1.2162,0.01861
G7,-0.16204,-0.15147,-0.18164,-0.11884,-0.11903,0.045201,0.314045,0.193655,0.191531,0.299513,0.123352,0.125175,-2,-0.0209,0.00796
G7,-0.16204,-0.15147,-0.18164,-0.11884,-0.11903,0.045201,0.314045,0.193655,0.191531,0.299513,0.123352,0.125175,0,0.2102,0.00775
G7,-0.16204,-0.15147,-0.18164,-0.11884,-0.11903,0.045201,0.314045,0.193655,0.191531,0.299513,0.123352,0.125175,2,0.422,0.00992
G7,-0.16204,-0.15147,-0.18164,-0.11884,-0.11903,0.045201,0.314045,0.193655,0.191531,0.299513,0.123352,0.125175,4,0.6388,0.01158
G7,-0.16204,-0.15147,-0.18164,-0.11884,-0.11903,0.045201,0.314045,0.193655,0.191531,0.299513,0.123352,0.125175,6,0.8449,0.01339
G7,-0.16204,-0.15147,-0.18164,-0.11884,-0.11903,0.045201,0.314045,0.193655,0.191531,0.299513,0.123352,0.125175,8,1.0344,0.01542
G7,-0.16204,-0.15147,-0.18164,-0.11884,-0.11903,0.045201,0.314045,0.193655,0.191531,0.299513,0.123352,0.125175,10,1.2194,0.01874
G8,-0.17176,-0.16152,-0.18951,-0.14893,-0.15321,0.038171,0.2734,0.209401,0.148152,0.275661,0.122942,0.143026,-2,-0.0715,0.00757
G8,-0.17176,-0.16152,-0.18951,-0.14893,-0.15321,0.038171,0.2734,0.209401,0.148152,0.275661,0.122942,0.143026,0,0.1549,0.00756
G8,-0.17176,-0.16152,-0.18951,-0.14893,-0.15321,0.038171,0.2734,0.209401,0.148152,0.275661,0.122942,0.143026,2,0.3645,0.00948
G8,-0.17176,-0.16152,-0.18951,-0.14893,-0.15321,0.038171,0.2734,0.209401,0.148152,0.275661,0.122942,0.143026,4,0.5808,0.01103
G8,-0.17176,-0.16152,-0.18951,-0.14893,-0.15321,0.038171,0.2734,0.209401,0.148152,0.275661,0.122942,0.143026,6,0.7899,0.01272
G8,-0.17176,-0.16152,-0.18951,-0.14893,-0.15321,0.038171,0.2734,0.209401,0.148152,0.275661,0.122942,0.143026,8,0.9851,0.01466
G8,-0.17176,-0.16152,-0.18951,-0.14893,-0.15321,0.038171,0.2734,0.209401,0.148152,0.275661,0.122942,0.143026,10,1.1701,0.01721
G9,-0.12972,-0.17793,-0.21699,-0.12079,-0.15162,0.035478,0.324693,0.205662,0.153992,0.295618,0.141043,0.11386,-2,-0.0569,0.00803
G9,-0.12972,-0.17793,-0.21699,-0.12079,-0.15162,0.035478,0.324693,0.205662,0.153992,0.295618,0.141043,0.11386,0,0.1604,0.00906
G9,-0.12972,-0.17793,-0.21699,-0.12079,-0.15162,0.035478,0.324693,0.205662,0.153992,0.295618,0.141043,0.11386,2,0.3804,0.01055
G9,-0.12972,-0.17793,-0.21699,-0.12079,-0.15162,0.035478,0.324693,0.205662,0.153992,0.295618,0.141043,0.11386,4,0.5998,0.01185
G9,-0.12972,-0.17793,-0.21699,-0.12079,-0.15162,0.035478,0.324693,0.205662,0.153992,0.295618,0.141043,0.11386,6,0.8107,0.0135
G9,-0.12972,-0.17793,-0.21699,-0.12079,-0.15162,0.035478,0.324693,0.205662,0.153992,0.295618,0.141043,0.11386,8,1.0033,0.01564
G9,-0.12972,-0.17793,-0.21699,-0.12079,-0.15162,0.035478,0.324693,0.205662,0.153992,0.295618,0.141043,0.11386,10,1.1887,0.01824
G10,-0.14213,-0.17252,-0.18564,-0.1321,-0.13552,0.046344,0.285226,0.186269,0.198256,0.332444,0.116347,0.111353,-2,-0.0399,0.00847
G10,-0.14213,-0.17252,-0.18564,-0.1321,-0.13552,0.046344,0.285226,0.186269,0.198256,0.332444,0.116347,0.111353,0,0.1933,0.00804
G10,-0.14213,-0.17252,-0.18564,-0.1321,-0.13552,0.046344,0.285226,0.186269,0.198256,0.332444,0.116347,0.111353,2,0.4243,0.00796
G10,-0.14213,-0.17252,-0.18564,-0.1321,-0.13552,0.046344,0.285226,0.186269,0.198256,0.332444,0.116347,0.111353,4,0.6245,0.01132
G10,-0.14213,-0.17252,-0.18564,-0.1321,-0.13552,0.046344,0.285226,0.186269,0.198256,0.332444,0.116347,0.111353,6,0.8288,0.01332
G10,-0.14213,-0.17252,-0.18564,-0.1321,-0.13552,0.046344,0.285226,0.186269,0.198256,0.332444,0.116347,0.111353,8,1.0053,0.01574
G10,-0.14213,-0.17252,-0.18564,-0.1321,-0.13552,0.046344,0.285226,0.186269,0.198256,0.332444,0.116347,0.111353,10,1.1686,0.01903
G11,-0.15607,-0.17706,-0.22328,-0.14553,-0.1573,0.03734,0.331554,0.232996,0.192414,0.35809,0.140332,0.141284,-2,-0.0199,0.00852
G11,-0.15607,-0.17706,-0.22328,-0.14553,-0.1573,0.03734,0.331554,0.232996,0.192414,0.35809,0.140332,0.141284,0,0.2132,0.00827
G11,-0.15607,-0.17706,-0.22328,-0.14553,-0.1573,0.03734,0.331554,0.232996,0.192414,0.35809,0.140332,0.141284,2,0.4209,0.01007
G11,-0.15607,-0.17706,-0.22328,-0.14553,-0.1573,0.03734,0.331554,0.232996,0.192414,0.35809,0.140332,0.141284,4,0.6307,0.01195
G11,-0.15607,-0.17706,-0.22328,-0.14553,-0.1573,0.03734,0.331554,0.232996,0.192414,0.35809,0.140332,0.141284,6,0.8313,0.01377
G11,-0.15607,-0.17706,-0.22328,-0.14553,-0.1573,0.03734,0.331554,0.232996,0.192414,0.35809,0.140332,0.141284,8,1.008,0.01607
G11,-0.15607,-0.17706,-0.22328,-0.14553,-0.1573,0.03734,0.331554,0.232996,0.192414,0.35809,0.140332,0.141284,10,1.143,0.01904
G12,-0.13515,-0.17016,-0.20697,-0.13026,-0.12866,0.035981,0.289094,0.214816,0.165644,0.33612,0.145467,0.123419,-2,-0.0252,0.00836
G12,-0.13515,-0.17016,-0.20697,-0.13026,-0.12866,0.035981,0.289094,0.214816,0.165644,0.33612,0.145467,0.123419,0,0.2066,0.00798
G12,-0.13515,-0.17016,-0.20697,-0.13026,-0.12866,0.035981,0.289094,0.214816,0.165644,0.33612,0.145467,0.123419,2,0.4211,0.0092
G12,-0.13515,-0.17016,-0.20697,-0.13026,-0.12866,0.035981,0.289094,0.214816,0.165644,0.33612,0.145467,0.123419,4,0.6288,0.01141
G12,-0.13515,-0.17016,-0.20697,-0.13026,-0.12866,0.035981,0.289094,0.214816,0.165644,0.33612,0.145467,0.123419,6,0.8335,0.0132
G12,-0.13515,-0.17016,-0.20697,-0.13026,-0.12866,0.035981,0.289094,0.214816,0.165644,0.33612,0.145467,0.123419,8,1.0162,0.01532
G12,-0.13515,-0.17016,-0.20697,-0.13026,-0.12866,0.035981,0.289094,0.214816,0.165644,0.33612,0.145467,0.123419,10,1.1785,0.01824
G13,-0.1383,-0.17615,-0.19908,-0.15336,-0.15889,0.037537,0.30024,0.201534,0.17957,0.312138,0.125636,0.146119,-2,-0.0492,0.00806
G13,-0.1383,-0.17615,-0.19908,-0.15336,-0.15889,0.037537,0.30024,0.201534,0.17957,0.312138,0.125636,0.146119,0,0.1811,0.00785
G13,-0.1383,-0.17615,-0.19908,-0.15336,-0.15889,0.037537,0.30024,0.201534,0.17957,0.312138,0.125636,0.146119,2,0.3895,0.00962
G13,-0.1383,-0.17615,-0.19908,-0.15336,-0.15889,0.037537,0.30024,0.201534,0.17957,0.312138,0.125636,0.146119,4,0.6002,0.01153
G13,-0.1383,-0.17615,-0.19908,-0.15336,-0.15889,0.037537,0.30024,0.201534,0.17957,0.312138,0.125636,0.146119,6,0.804,0.01341
G13,-0.1383,-0.17615,-0.19908,-0.15336,-0.15889,0.037537,0.30024,0.201534,0.17957,0.312138,0.125636,0.146119,8,0.9918,0.01561
G13,-0.1383,-0.17615,-0.19908,-0.15336,-0.15889,0.037537,0.30024,0.201534,0.17957,0.312138,0.125636,0.146119,10,1.1514,0.0181
G14,-0.14798,-0.15029,-0.17966,-0.14692,-0.13382,0.037704,0.297605,0.191913,0.182961,0.291201,0.127201,0.145797,-2,-0.0337,0.00774
G14,-0.14798,-0.15029,-0.17966,-0.14692,-0.13382,0.037704,0.297605,0.191913,0.182961,0.291201,0.127201,0.145797,0,0.1949,0.00769
G14,-0.14798,-0.15029,-0.17966,-0.14692,-0.13382,0.037704,0.297605,0.191913,0.182961,0.291201,0.127201,0.145797,2,0.4028,0.00963
G14,-0.14798,-0.15029,-0.17966,-0.14692,-0.13382,0.037704,0.297605,0.191913,0.182961,0.291201,0.127201,0.145797,4,0.6154,0.01141
G14,-0.14798,-0.15029,-0.17966,-0.14692,-0.13382,0.037704,0.297605,0.191913,0.182961,0.291201,0.127201,0.145797,10,1.1858,0.01844
G15,-0.17268,-0.17173,-0.21313,-0.15599,-0.13912,0.042334,0.310406,0.24099,0.157968,0.292287,0.130514,0.147054,-2,-0.0489,0.008
G15,-0.17268,-0.17173,-0.21313,-0.15599,-0.13912,0.042334,0.310406,0.24099,0.157968,0.292287,0.130514,0.147054,0,0.1736,0.00857
G15,-0.17268,-0.17173,-0.21313,-0.15599,-0.13912,0.042334,0.310406,0.24099,0.157968,0.292287,0.130514,0.147054,2,0.3906,0.01024
G15,-0.17268,-0.17173,-0.21313,-0.15599,-0.13912,0.042334,0.310406,0.24099,0.157968,0.292287,0.130514,0.147054,4,0.6107,0.01156
G15,-0.17268,-0.17173,-0.21313,-0.15599,-0.13912,0.042334,0.310406,0.24099,0.157968,0.292287,0.130514,0.147054,6,0.8236,0.01318
G15,-0.17268,-0.17173,-0.21313,-0.15599,-0.13912,0.042334,0.310406,0.24099,0.157968,0.292287,0.130514,0.147054,8,1.0236,0.01517
G16,-0.16925,-0.14646,-0.2076,-0.14152,-0.14164,0.040111,0.28111,0.195127,0.155927,0.354751,0.137256,0.110018,-2,-0.0492,0.00829
G16,-0.16925,-0.14646,-0.2076,-0.14152,-0.14164,0.040111,0.28111,0.195127,0.155927,0.354751,0.137256,0.110018,0,0.1832,0.008
G16,-0.16925,-0.14646,-0.2076,-0.14152,-0.14164,0.040111,0.28111,0.195127,0.155927,0.354751,0.137256,0.110018,2,0.3953,0.00953
G16,-0.16925,-0.14646,-0.2076,-0.14152,-0.14164,0.040111,0.28111,0.195127,0.155927,0.354751,0.137256,0.110018,4,0.605,0.0117
G16,-0.16925,-0.14646,-0.2076,-0.14152,-0.14164,0.040111,0.28111,0.195127,0.155927,0.354751,0.137256,0.110018,6,0.8089,0.01352
G16,-0.16925,-0.14646,-0.2076,-0.14152,-0.14164,0.040111,0.28111,0.195127,0.155927,0.354751,0.137256,0.110018,8,0.9904,0.01579
G16,-0.16925,-0.14646,-0.2076,-0.14152,-0.14164,0.040111,0.28111,0.195127,0.155927,0.354751,0.137256,0.110018,10,1.1473,0.01867
G17,-0.1476,-0.17912,-0.1979,-0.1503,-0.13457,0.04095,0.278919,0.224278,0.156542,0.324712,0.131344,0.129888,0,0.1877,0.00791
G17,-0.1476,-0.17912,-0.1979,-0.1503,-0.13457,0.04095,0.278919,0.224278,0.156542,0.324712,0.131344,0.129888,2,0.4046,0.00902
G17,-0.1476,-0.17912,-0.1979,-0.1503,-0.13457,0.04095,0.278919,0.224278,0.156542,0.324712,0.131344,0.129888,4,0.6144,0.01118
G17,-0.1476,-0.17912,-0.1979,-0.1503,-0.13457,0.04095,0.278919,0.224278,0.156542,0.324712,0.131344,0.129888,6,0.823,0.01291
G17,-0.1476,-0.17912,-0.1979,-0.1503,-0.13457,0.04095,0.278919,0.224278,0.156542,0.324712,0.131344,0.129888,8,1.0127,0.01521
G17,-0.1476,-0.17912,-0.1979,-0.1503,-0.13457,0.04095,0.278919,0.224278,0.156542,0.324712,0.131344,0.129888,10,1.1765,0.01781
G18,-0.13177,-0.14032,-0.23173,-0.13321,-0.12269,0.04432,0.257705,0.192336,0.189471,0.348015,0.151333,0.125581,-2,-0.0154,0.00884
G18,-0.13177,-0.14032,-0.23173,-0.13321,-0.12269,0.04432,0.257705,0.192336,0.189471,0.348015,0.151333,0.125581,0,0.2174,0.00846
G18,-0.13177,-0.14032,-0.23173,-0.13321,-0.12269,0.04432,0.257705,0.192336,0.189471,0.348015,0.151333,0.125581,2,0.4482,0.00817
G18,-0.13177,-0.14032,-0.23173,-0.13321,-0.12269,0.04432,0.257705,0.192336,0.189471,0.348015,0.151333,0.125581,4,0.6426,0.01104
G18,-0.13177,-0.14032,-0.23173,-0.13321,-0.12269,0.04432,0.257705,0.192336,0.189471,0.348015,0.151333,0.125581,6,0.8375,0.01343
G18,-0.13177,-0.14032,-0.23173,-0.13321,-0.12269,0.04432,0.257705,0.192336,0.189471,0.348015,0.151333,0.125581,8,1.0102,0.01605
G18,-0.13177,-0.14032,-0.23173,-0.13321,-0.12269,0.04432,0.257705,0.192336,0.189471,0.348015,0.151333,0.125581,10,1.1399,0.01956
G19,-0.13212,-0.18247,-0.22004,-0.1346,-0.15263,0.044581,0.287103,0.204556,0.16083,0.270757,0.147902,0.121023,-2,-0.0665,0.00796
G19,-0.13212,-0.18247,-0.22004,-0.1346,-0.15263,0.044581,0.287103,0.204556,0.16083,0.270757,0.147902,0.121023,0,0.1632,0.00781
G19,-0.13212,-0.18247,-0.22004,-0.1346,-0.15263,0.044581,0.287103,0.204556,0.16083,0.270757,0.147902,0.121023,2,0.3742,0.00984
G19,-0.13212,-0.18247,-0.22004,-0.1346,-0.15263,0.044581,0.287103,0.204556,0.16083,0.270757,0.147902,0.121023,4,0.5923,0.01132
G19,-0.13212,-0.18247,-0.22004,-0.1346,-0.15263,0.044581,0.287103,0.204556,0.16083,0.270757,0.147902,0.121023,6,0.8043,0.01301
G19,-0.13212,-0.18247,-0.22004,-0.1346,-0.15263,0.044581,0.287103,0.204556,0.16083,0.270757,0.147902,0.121023,8,1.002,0.01512
G19,-0.13212,-0.18247,-0.22004,-0.1346,-0.15263,0.044581,0.287103,0.204556,0.16083,0.270757,0.147902,0.121023,10,1.1734,0.0176
G20,-0.15503,-0.15693,-0.18516,-0.155,-0.14859,0.043126,0.302259,0.231812,0.149848,0.272605,0.145927,0.129394,-2,-0.052,0.00752
G20,-0.15503,-0.15693,-0.18516,-0.155,-0.14859,0.043126,0.302259,0.231812,0.149848,0.272605,0.145927,0.129394,0,0.1675,0.00843
G20,-0.15503,-0.15693,-0.18516,-0.155,-0.14859,0.043126,0.302259,0.231812,0.149848,0.272605,0.145927,0.129394,2,0.3858,0.01004
G20,-0.15503,-0.15693,-0.18516,-0.155,-0.14859,0.043126,0.302259,0.231812,0.149848,0.272605,0.145927,0.129394,4,0.6056,0.01141
G20,-0.15503,-0.15693,-0.18516,-0.155,-0.14859,0.043126,0.302259,0.231812,0.149848,0.272605,0.145927,0.129394,6,0.8177,0.01296
G20,-0.15503,-0.15693,-0.18516,-0.155,-0.14859,0.043126,0.302259,0.231812,0.149848,0.272605,0.145927,0.129394,8,1.0154,0.01497
G20,-0.15503,-0.15693,-0.18516,-0.155,-0.14859,0.043126,0.302259,0.231812,0.149848,0.272605,0.145927,0.129394,10,1.1969,0.01724
G21,-0.13404,-0.18082,-0.22449,-0.12821,-0.155,0.034644,0.276491,0.235708,0.171172,0.340448,0.12501,0.142468,-2,-0.0379,0.00848
G21,-0.13404,-0.18082,-0.22449,-0.12821,-0.155,0.034644,0.276491,0.235708,0.171172,0.340448,0.12501,0.142468,0,0.194,0.00818
G21,-0.13404,-0.18082,-0.22449,-0.12821,-0.155,0.034644,0.276491,0.235708,0.171172,0.340448,0.12501,0.142468,2,0.4208,0.00824
G21,-0.13404,-0.18082,-0.22449,-0.12821,-0.155,0.034644,0.276491,0.235708,0.171172,0.340448,0.12501,0.142468,4,0.6218,0.01072
G21,-0.13404,-0.18082,-0.22449,-0.12821,-0.155,0.034644,0.276491,0.235708,0.171172,0.340448,0.12501,0.142468,6,0.8243,0.01268
G21,-0.13404,-0.18082,-0.22449,-0.12821,-0.155,0.034644,0.276491,0.235708,0.171172,0.340448,0.12501,0.142468,8,1.007,0.0149
G21,-0.13404,-0.18082,-0.22449,-0.12821,-0.155,0.034644,0.276491,0.235708,0.171172,0.340448,0.12501,0.142468,10,1.1616,0.01762
G22,-0.14467,-0.16253,-0.2274,-0.12716,-0.13731,0.045674,0.283182,0.236978,0.159158,0.28541,0.146359,0.135737,-2,-0.0375,0.00804
G22,-0.14467,-0.16253,-0.2274,-0.12716,-0.13731,0.045674,0.283182,0.236978,0.159158,0.28541,0.146359,0.135737,0,0.1916,0.00796
G22,-0.14467,-0.16253,-0.2274,-0.12716,-0.13731,0.045674,0.283182,0.236978,0.159158,0.28541,0.146359,0.135737,2,0.4059,0.00962
G22,-0.14467,-0.16253,-0.2274,-0.12716,-0.13731,0.045674,0.283182,0.236978,0.159158,0.28541,0.146359,0.135737,4,0.623,0.01114
G22,-0.14467,-0.16253,-0.2274,-0.12716,-0.13731,0.045674,0.283182,0.236978,0.159158,0.28541,0.146359,0.135737,6,0.8354,0.01271
G22,-0.14467,-0.16253,-0.2274,-0.12716,-0.13731,0.045674,0.283182,0.236978,0.159158,0.28541,0.146359,0.135737,8,1.0318,0.01485
G22,-0.14467,-0.16253,-0.2274,-0.12716,-0.13731,0.045674,0.283182,0.236978,0.159158,0.28541,0.146359,0.135737,10,1.205,0.01726
G23,-0.14712,-0.16537,-0.20975,-0.15186,-0.14393,0.043761,0.34359,0.23848,0.15199,0.298096,0.143742,0.132609,-2,-0.038,0.00793
G23,-0.14712,-0.16537,-0.20975,-0.15186,-0.14393,0.043761,0.34359,0.23848,0.15199,0.298096,0.143742,0.132609,0,0.1763,0.00969
G23,-0.14712,-0.16537,-0.20975,-0.15186,-0.14393,0.043761,0.34359,0.23848,0.15199,0.298096,0.143742,0.132609,2,0.4009,0.01081
G23,-0.14712,-0.16537,-0.20975,-0.15186,-0.14393,0.043761,0.34359,0.23848,0.15199,0.298096,0.143742,0.132609,4,0.6204,0.01217
G23,-0.14712,-0.16537,-0.20975,-0.15186,-0.14393,0.043761,0.34359,0.23848,0.15199,0.298096,0.143742,0.132609,6,0.8336,0.0138
G23,-0.14712,-0.16537,-0.20975,-0.15186,-0.14393,0.043761,0.34359,0.23848,0.15199,0.298096,0.143742,0.132609,8,1.0341,0.01575
G23,-0.14712,-0.16537,-0.20975,-0.15186,-0.14393,0.043761,0.34359,0.23848,0.15199,0.298096,0.143742,0.132609,10,1.1974,0.01831
G24,-0.15129,-0.14191,-0.22959,-0.1245,-0.14753,0.040549,0.317871,0.19783,0.155136,0.317725,0.148527,0.142214,-2,-0.0283,0.00803
G24,-0.15129,-0.14191,-0.22959,-0.1245,-0.14753,0.040549,0.317871,0.19783,0.155136,0.317725,0.148527,0.142214,0,0.1948,0.00808
G24,-0.15129,-0.14191,-0.22959,-0.1245,-0.14753,0.040549,0.317871,0.19783,0.155136,0.317725,0.148527,0.142214,2,0.3987,0.01068
G24,-0.15129,-0.14191,-0.22959,-0.1245,-0.14753,0.040549,0.317871,0.19783,0.155136,0.317725,0.148527,0.142214,4,0.6138,0.01209
G24,-0.15129,-0.14191,-0.22959,-0.1245,-0.14753,0.040549,0.317871,0.19783,0.155136,0.317725,0.148527,0.142214,6,0.8204,0.0138
G24,-0.15129,-0.14191,-0.22959,-0.1245,-0.14753,0.040549,0.317871,0.19783,0.155136,0.317725,0.148527,0.142214,8,1.0088,0.01601
G24,-0.15129,-0.14191,-0.22959,-0.1245,-0.14753,0.040549,0.317871,0.19783,0.155136,0.317725,0.148527,0.142214,10,1.1809,0.01848
G25,-0.14354,-0.1634,-0.1943,-0.11949,-0.13898,0.035712,0.267182,0.234352,0.153074,0.321051,0.139252,0.113454,-2,-0.0398,0.00806
G25,-0.14354,-0.1634,-0.1943,-0.11949,-0.13898,0.035712,0.267182,0.234352,0.153074,0.321051,0.139252,0.113454,0,0.192,0.00774
G25,-0.14354,-0.1634,-0.1943,-0.11949,-0.13898,0.035712,0.267182,0.234352,0.153074,0.321051,0.139252,0.113454,2,0.4152,0.00825
G25,-0.14354,-0.1634,-0.1943,-0.11949,-0.13898,0.035712,0.267182,0.234352,0.153074,0.321051,0.139252,0.113454,4,0.6228,0.0106
G25,-0.14354,-0.1634,-0.1943,-0.11949,-0.13898,0.035712,0.267182,0.234352,0.153074,0.321051,0.139252,0.113454,6,0.8289,0.01235
G25,-0.14354,-0.1634,-0.1943,-0.11949,-0.13898,0.035712,0.267182,0.234352,0.153074,0.321051,0.139252,0.113454,8,1.01,0.01418
G25,-0.14354,-0.1634,-0.1943,-0.11949,-0.13898,0.035712,0.267182,0.234352,0.153074,0.321051,0.139252,0.113454,10,1.1975,0.01742
G26,-0.16254,-0.15474,-0.1958,-0.12244,-0.14875,0.042737,0.290571,0.219227,0.164252,0.310652,0.127521,0.118281,-2,-0.0464,0.00792
G26,-0.16254,-0.15474,-0.1958,-0.12244,-0.14875,0.042737,0.290571,0.219227,0.164252,0.310652,0.127521,0.118281,0,0.1849,0.0077
G26,-0.16254,-0.15474,-0.1958,-0.12244,-0.14875,0.042737,0.290571,0.219227,0.164252,0.310652,0.127521,0.118281,2,0.4003,0.00932
G26,-0.16254,-0.15474,-0.1958,-0.12244,-0.14875,0.042737,0.290571,0.219227,0.164252,0.310652,0.127521,0.118281,4,0.6155,0.0111
G26,-0.16254,-0.15474,-0.1958,-0.12244,-0.14875,0.042737,0.290571,0.219227,0.164252,0.310652,0.127521,0.118281,6,0.8228,0.01284
G26,-0.16254,-0.15474,-0.1958,-0.12244,-0.14875,0.042737,0.290571,0.219227,0.164252,0.310652,0.127521,0.118281,8,1.0043,0.01484
G26,-0.16254,-0.15474,-0.1958,-0.12244,-0.14875,0.042737,0.290571,0.219227,0.164252,0.310652,0.127521,0.118281,10,1.1957,0.0179
G27,-0.13997,-0.17425,-0.22656,-0.12671,-0.13102,0.039428,0.277682,0.226953,0.176429,0.320093,0.117,0.13359,-2,-0.041,0.00847
G27,-0.13997,-0.17425,-0.22656,-0.12671,-0.13102,0.039428,0.277682,0.226953,0.176429,0.320093,0.117,0.13359,0,0.1916,0.00817
G27,-0.13997,-0.17425,-0.22656,-0.12671,-0.13102,0.039428,0.277682,0.226953,0.176429,0.320093,0.117,0.13359,2,0.4188,0.00845
G27,-0.13997,-0.17425,-0.22656,-0.12671,-0.13102,0.039428,0.277682,0.226953,0.176429,0.320093,0.117,0.13359,4,0.626,0.01083
G27,-0.13997,-0.17425,-0.22656,-0.12671,-0.13102,0.039428,0.277682,0.226953,0.176429,0.320093,0.117,0.13359,6,0.8343,0.01274
G27,-0.13997,-0.17425,-0.22656,-0.12671,-0.13102,0.039428,0.277682,0.226953,0.176429,0.320093,0.117,0.13359,8,1.0262,0.01498
G27,-0.13997,-0.17425,-0.22656,-0.12671,-0.13102,0.039428,0.277682,0.226953,0.176429,0.320093,0.117,0.13359,10,1.1893,0.01765
G28,-0.16708,-0.17922,-0.22783,-0.13673,-0.13432,0.04555,0.327186,0.239334,0.163032,0.282815,0.142771,0.138234,-2,-0.042,0.00817
G28,-0.16708,-0.17922,-0.22783,-0.13673,-0.13432,0.04555,0.327186,0.239334,0.163032,0.282815,0.142771,0.138234,0,0.1765,0.00931
G28,-0.16708,-0.17922,-0.22783,-0.13673,-0.13432,0.04555,0.327186,0.239334,0.163032,0.282815,0.142771,0.138234,2,0.3995,0.01062
G28,-0.16708,-0.17922,-0.22783,-0.13673,-0.13432,0.04555,0.327186,0.239334,0.163032,0.282815,0.142771,0.138234,4,0.6205,0.01188
G28,-0.16708,-0.17922,-0.22783,-0.13673,-0.13432,0.04555,0.327186,0.239334,0.163032,0.282815,0.142771,0.138234,6,0.8348,0.01352
G28,-0.16708,-0.17922,-0.22783,-0.13673,-0.13432,0.04555,0.327186,0.239334,0.163032,0.282815,0.142771,0.138234,8,1.035,0.01559
G28,-0.16708,-0.17922,-0.22783,-0.13673,-0.13432,0.04555,0.327186,0.239334,0.163032,0.282815,0.142771,0.138234,10,1.2081,0.01769
G29,-0.15915,-0.13817,-0.18384,-0.12177,-0.15557,0.034363,0.298475,0.198328,0.184176,0.273854,0.135158,0.120556,-2,-0.0518,0.00761
G29,-0.15915,-0.13817,-0.18384,-0.12177,-0.15557,0.034363,0.298475,0.198328,0.184176,0.273854,0.135158,0.120556,0,0.1767,0.00753
G29,-0.15915,-0.13817,-0.18384,-0.12177,-0.15557,0.034363,0.298475,0.198328,0.184176,0.273854,0.135158,0.120556,2,0.3887,0.00936
G29,-0.15915,-0.13817,-0.18384,-0.12177,-0.15557,0.034363,0.298475,0.198328,0.184176,0.273854,0.135158,0.120556,4,0.6023,0.01108
G29,-0.15915,-0.13817,-0.18384,-0.12177,-0.15557,0.034363,0.298475,0.198328,0.184176,0.273854,0.135158,0.120556,6,0.8064,0.0128
G29,-0.15915,-0.13817,-0.18384,-0.12177,-0.15557,0.034363,0.298475,0.198328,0.184176,0.273854,0.135158,0.120556,8,0.9982,0.01467
G29,-0.15915,-0.13817,-0.18384,-0.12177,-0.15557,0.034363,0.298475,0.198328,0.184176,0.273854,0.135158,0.120556,10,1.1908,0.01794
G30,-0.13066,-0.14234,-0.23078,-0.14484,-0.1192,0.045975,0.268885,0.194378,0.174401,0.280493,0.147271,0.146431,-2,-0.0316,0.00808
G30,-0.13066,-0.14234,-0.23078,-0.14484,-0.1192,0.045975,0.268885,0.194378,0.174401,0.280493,0.147271,0.146431,0,0.1984,0.0079
G30,-0.13066,-0.14234,-0.23078,-0.14484,-0.1192,0.045975,0.268885,0.194378,0.174401,0.280493,0.147271,0.146431,4,0.6201,0.0113
G30,-0.13066,-0.14234,-0.23078,-0.14484,-0.1192,0.045975,0.268885,0.194378,0.174401,0.280493,0.147271,0.146431,6,0.8281,0.01312
G30,-0.13066,-0.14234,-0.23078,-0.14484,-0.1192,0.045975,0.268885,0.194378,0.174401,0.280493,0.147271,0.146431,8,1.0228,0.01536
G30,-0.13066,-0.14234,-0.23078,-0.14484,-0.1192,0.045975,0.268885,0.194378,0.174401,0.280493,0.147271,0.146431,10,1.1833,0.01809
G31,-0.15725,-0.17657,-0.18001,-0.15444,-0.14061,0.044049,0.287693,0.206626,0.177162,0.303259,0.149491,0.140691,-2,-0.0327,0.00792
G31,-0.15725,-0.17657,-0.18001,-0.15444,-0.14061,0.044049,0.287693,0.206626,0.177162,0.303259,0.149491,0.140691,0,0.1975,0.00773
G31,-0.15725,-0.17657,-0.18001,-0.15444,-0.14061,0.044049,0.287693,0.206626,0.177162,0.303259,0.149491,0.140691,2,0.4091,0.0092
G31,-0.15725,-0.17657,-0.18001,-0.15444,-0.14061,0.044049,0.287693,0.206626,0.177162,0.303259,0.149491,0.140691,4,0.6173,0.01133
G31,-0.15725,-0.17657,-0.18001,-0.15444,-0.14061,0.044049,0.287693,0.206626,0.177162,0.303259,0.149491,0.140691,6,0.8227,0.01314
G31,-0.15725,-0.17657,-0.18001,-0.15444,-0.14061,0.044049,0.287693,0.206626,0.177162,0.303259,0.149491,0.140691,8,1.0082,0.01528
G31,-0.15725,-0.17657,-0.18001,-0.15444,-0.14061,0.044049,0.287693,0.206626,0.177162,0.303259,0.149491,0.140691,10,1.1737,0.01798
G32,-0.16467,-0.16457,-0.20393,-0.1179,-0.15772,0.045041,0.263543,0.191087,0.19348,0.270165,0.134521,0.138991,-2,-0.0548,0.00794
G32,-0.16467,-0.16457,-0.20393,-0.1179,-0.15772,0.045041,0.263543,0.191087,0.19348,0.270165,0.134521,0.138991,0,0.1749,0.00775
G32,-0.16467,-0.16457,-0.20393,-0.1179,-0.15772,0.045041,0.263543,0.191087,0.19348,0.270165,0.134521,0.138991,2,0.4005,0.00799
G32,-0.16467,-0.16457,-0.20393,-0.1179,-0.15772,0.045041,0.263543,0.191087,0.19348,0.270165,0.134521,0.138991,4,0.603,0.01058
G32,-0.16467,-0.16457,-0.20393,-0.1179,-0.15772,0.045041,0.263543,0.191087,0.19348,0.270165,0.134521,0.138991,6,0.8072,0.0126
G32,-0.16467,-0.16457,-0.20393,-0.1179,-0.15772,0.045041,0.263543,0.191087,0.19348,0.270165,0.134521,0.138991,8,0.9871,0.01476
G32,-0.16467,-0.16457,-0.20393,-0.1179,-0.15772,0.045041,0.263543,0.191087,0.19348,0.270165,0.134521,0.138991,10,1.1713,0.01787
G33,-0.158,-0.1675,-0.22065,-0.13579,-0.15579,0.039044,0.32561,0.236476,0.196632,0.319178,0.123786,0.134799,-2,-0.0368,0.00832
G33,-0.158,-0.1675,-0.22065,-0.13579,-0.15579,0.039044,0.32561,0.236476,0.196632,0.319178,0.123786,0.134799,0,0.1956,0.00819
G33,-0.158,-0.1675,-0.22065,-0.13579,-0.15579,0.039044,0.32561,0.236476,0.196632,0.319178,0.123786,0.134799,2,0.4122,0.00971
G33,-0.158,-0.1675,-0.22065,-0.13579,-0.15579,0.039044,0.32561,0.236476,0.196632,0.319178,0.123786,0.134799,4,0.6269,0.01148
G33,-0.158,-0.1675,-0.22065,-0.13579,-0.15579,0.039044,0.32561,0.236476,0.196632,0.319178,0.123786,0.134799,6,0.8352,0.01327
G33,-0.158,-0.1675,-0.22065,-0.13579,-0.15579,0.039044,0.32561,0.236476,0.196632,0.319178,0.123786,0.134799,8,1.0221,0.01558
G33,-0.158,-0.1675,-0.22065,-0.13579,-0.15579,0.039044,0.32561,0.236476,0.196632,0.319178,0.123786,0.134799,10,1.1812,0.01806
G34,-0.13563,-0.14343,-0.23002,-0.13979,-0.14284,0.035883,0.271279,0.188306,0.186633,0.312241,0.120566,0.127387,-2,-0.0576,0.00841
G34,-0.13563,-0.14343,-0.23002,-0.13979,-0.14284,0.035883,0.271279,0.188306,0.186633,0.312241,0.120566,0.127387,0,0.1738,0.00808
G34,-0.13563,-0.14343,-0.23002,-0.13979,-0.14284,0.035883,0.271279,0.188306,0.186633,0.312241,0.120566,0.127387,2,0.4027,0.00808
G34,-0.13563,-0.14343,-0.23002,-0.13979,-0.14284,0.035883,0.271279,0.188306,0.186633,0.312241,0.120566,0.127387,4,0.6014,0.01114
G34,-0.13563,-0.14343,-0.23002,-0.13979,-0.14284,0.035883,0.271279,0.188306,0.186633,0.312241,0.120566,0.127387,6,0.8063,0.01318
G34,-0.13563,-0.14343,-0.23002,-0.13979,-0.14284,0.035883,0.271279,0.188306,0.186633,0.312241,0.120566,0.127387,8,0.9959,0.01543
G34,-0.13563,-0.14343,-0.23002,-0.13979,-0.14284,0.035883,0.271279,0.188306,0.186633,0.312241,0.120566,0.127387,10,1.1493,0.01826
G35,-0.14524,-0.17539,-0.20989,-0.13519,-0.12795,0.045308,0.319397,0.21322,0.174899,0.344747,0.149033,0.14765,-2,0.0006,0.00836
G35,-0.14524,-0.17539,-0.20989,-0.13519,-0.12795,0.045308,0.319397,0.21322,0.174899,0.344747,0.149033,0.14765,0,0.2315,0.00804
G35,-0.14524,-0.17539,-0.20989,-0.13519,-0.12795,0.045308,0.319397,0.21322,0.174899,0.344747,0.149033,0.14765,2,0.4324,0.01048
G35,-0.14524,-0.17539,-0.20989,-0.13519,-0.12795,0.045308,0.319397,0.21322,0.174899,0.344747,0.149033,0.14765,4,0.6449,0.01209
G35,-0.14524,-0.17539,-0.20989,-0.13519,-0.12795,0.045308,0.319397,0.21322,0.174899,0.344747,0.149033,0.14765,6,0.8462,0.01399
G35,-0.14524,-0.17539,-0.20989,-0.13519,-0.12795,0.045308,0.319397,0.21322,0.174899,0.344747,0.149033,0.14765,8,1.0287,0.01616
G35,-0.14524,-0.17539,-0.20989,-0.13519,-0.12795,0.045308,0.319397,0.21322,0.174899,0.344747,0.149033,0.14765,10,1.1809,0.01889
G36,-0.16102,-0.15226,-0.21445,-0.13718,-0.14656,0.041011,0.29533,0.229024,0.169162,0.304011,0.122447,0.136316,-2,-0.0469,0.008
G36,-0.16102,-0.15226,-0.21445,-0.13718,-0.14656,0.041011,0.29533,0.229024,0.169162,0.304011,0.122447,0.136316,0,0.1837,0.00792
G36,-0.16102,-0.15226,-0.21445,-0.13718,-0.14656,0.041011,0.29533,0.229024,0.169162,0.304011,0.122447,0.136316,2,0.3994,0.0095
G36,-0.16102,-0.15226,-0.21445,-0.13718,-0.14656,0.041011,0.29533,0.229024,0.169162,0.304011,0.122447,0.136316,4,0.615,0.01116
G36,-0.16102,-0.15226,-0.21445,-0.13718,-0.14656,0.041011,0.29533,0.229024,0.169162,0.304011,0.122447,0.136316,6,0.8246,0.01292
G36,-0.16102,-0.15226,-0.21445,-0.13718,-0.14656,0.041011,0.29533,0.229024,0.169162,0.304011,0.122447,0.136316,8,1.0192,0.01498
G36,-0.16102,-0.15226,-0.21445,-0.13718,-0.14656,0.041011,0.29533,0.229024,0.169162,0.304011,0.122447,0.136316,10,1.1919,0.01756
G37,-0.13937,-0.16667,-0.21547,-0.1442,-0.1429,0.034706,0.340523,0.228988,0.14899,0.287546,0.115914,0.137568,-2,-0.0576,0.00801
G37,-0.13937,-0.16667,-0.21547,-0.1442,-0.1429,0.034706,0.340523,0.228988,0.14899,0.287546,0.115914,0.137568,0,0.158,0.00963
G37,-0.13937,-0.16667,-0.21547,-0.1442,-0.1429,0.034706,0.340523,0.228988,0.14899,0.287546,0.115914,0.137568,2,0.3819,0.01075
G37,-0.13937,-0.16667,-0.21547,-0.1442,-0.1429,0.034706,0.340523,0.228988,0.14899,0.287546,0.115914,0.137568,4,0.6042,0.01195
G37,-0.13937,-0.16667,-0.21547,-0.1442,-0.1429,0.034706,0.340523,0.228988,0.14899,0.287546,0.115914,0.137568,6,0.8179,0.01356
G37,-0.13937,-0.16667,-0.21547,-0.1442,-0.1429,0.034706,0.340523,0.228988,0.14899,0.287546,0.115914,0.137568,8,1.018,0.0157
G37,-0.13937,-0.16667,-0.21547,-0.1442,-0.1429,0.034706,0.340523,0.228988,0.14899,0.287546,0.115914,0.137568,10,1.1992,0.01792
G38,-0.16608,-0.17203,-0.21567,-0.14973,-0.1219,0.035373,0.316789,0.182632,0.14737,0.330653,0.118698,0.144314,-2,-0.0499,0.00815
G38,-0.16608,-0.17203,-0.21567,-0.14973,-0.1219,0.035373,0.316789,0.182632,0.14737,0.330653,0.118698,0.144314,0,0.1641,0.00913
G38,-0.16608,-0.17203,-0.21567,-0.14973,-0.1219,0.035373,0.316789,0.182632,0.14737,0.330653,0.118698,0.144314,2,0.3791,0.01093
G38,-0.16608,-0.17203,-0.21567,-0.14973,-0.1219,0.035373,0.316789,0.182632,0.14737,0.330653,0.118698,0.144314,4,0.596,0.01235
G38,-0.16608,-0.17203,-0.21567,-0.14973,-0.1219,0.035373,0.316789,0.182632,0.14737,0.330653,0.118698,0.144314,6,0.8042,0.0141
G39,-0.16608,-0.17203,-0.21567,-0.14973,-0.1219,0.035373,0.316789,0.182632,0.14737,0.330653,0.118698,0.144314,8,0.9979,0.01647
G38,-0.16608,-0.17203,-0.21567,-0.14973,-0.1219,0.035373,0.316789,0.182632,0.14737,0.330653,0.118698,0.144314,10,1.1709,0.01885
G39,-0.14298,-0.15401,-0.20075,-0.15292,-0.12103,0.04394,0.329918,0.186635,0.172096,0.358944,0.124955,0.115583,-2,-0.0264,0.00833
G39,-0.14298,-0.15401,-0.20075,-0.15292,-0.12103,0.04394,0.329918,0.186635,0.172096,0.358944,0.124955,0.115583,0,0.2063,0.00798
G39,-0.14298,-0.15401,-0.20075,-0.15292,-0.12103,0.04394,0.329918,0.186635,0.172096,0.358944,0.124955,0.115583,2,0.4125,0.01093
G39,-0.14298,-0.15401,-0.20075,-0.15292,-0.12103,0.04394,0.329918,0.186635,0.172096,0.358944,0.124955,0.115583,4,0.6284,0.01249
G39,-0.14298,-0.15401,-0.20075,-0.15292,-0.12103,0.04394,0.329918,0.186635,0.172096,0.358944,0.124955,0.115583,6,0.8338,0.01441
G39,-0.14298,-0.15401,-0.20075,-0.15292,-0.12103,0.04394,0.329918,0.186635,0.172096,0.358944,0.124955,0.115583,8,1.0221,0.01672
G39,-0.14298,-0.15401,-0.20075,-0.15292,-0.12103,0.04394,0.329918,0.186635,0.172096,0.358944,0.124955,0.115583,10,1.176,0.01967
G40,-0.1368,-0.13735,-0.1736,-0.12955,-0.12451,0.036165,0.259297,0.18397,0.181804,0.308364,0.136438,0.117059,-2,-0.0316,0.00797
G40,-0.1368,-0.13735,-0.1736,-0.12955,-0.12451,0.036165,0.259297,0.18397,0.181804,0.308364,0.136438,0.117059,0,0.1978,0.00771
G40,-0.1368,-0.13735,-0.1736,-0.12955,-0.12451,0.036165,0.259297,0.18397,0.181804,0.308364,0.136438,0.117059,2,0.4259,0.00767
G40,-0.1368,-0.13735,-0.1736,-0.12955,-0.12451,0.036165,0.259297,0.18397,0.181804,0.308364,0.136438,0.117059,4,0.6228,0.01076
G40,-0.1368,-0.13735,-0.1736,-0.12955,-0.12451,0.036165,0.259297,0.18397,0.181804,0.308364,0.136438,0.117059,6,0.8219,0.01283
G40,-0.1368,-0.13735,-0.1736,-0.12955,-0.12451,0.036165,0.259297,0.18397,0.181804,0.308364,0.136438,0.117059,8,1.0101,0.01489
G40,-0.1368,-0.13735,-0.1736,-0.12955,-0.12451,0.036165,0.259297,0.18397,0.181804,0.308364,0.136438,0.117059,10,1.1802,0.01847
G41,-0.12894,-0.14701,-0.18315,-0.1584,-0.15012,0.037194,0.323125,0.232409,0.180515,0.33748,0.114974,0.119454,-2,-0.034,0.00808
G41,-0.12894,-0.14701,-0.18315,-0.1584,-0.15012,0.037194,0.323125,0.232409,0.180515,0.33748,0.114974,0.119454,0,0.1985,0.00797
G41,-0.12894,-0.14701,-0.18315,-0.1584,-0.15012,0.037194,0.323125,0.232409,0.180515,0.33748,0.114974,0.119454,2,0.4137,0.00976
G41,-0.12894,-0.14701,-0.18315,-0.1584,-0.15012,0.037194,0.323125,0.232409,0.180515,0.33748,0.114974,0.119454,4,0.6283,0.01158
G41,-0.12894,-0.14701,-0.18315,-0.1584,-0.15012,0.037194,0.323125,0.232409,0.180515,0.33748,0.114974,0.119454,6,0.8367,0.01333
G41,-0.12894,-0.14701,-0.18315,-0.1584,-0.15012,0.037194,0.323125,0.232409,0.180515,0.33748,0.114974,0.119454,8,1.0255,0.01549
G41,-0.12894,-0.14701,-0.18315,-0.1584,-0.15012,0.037194,0.323125,0.232409,0.180515,0.33748,0.114974,0.119454,10,1.1872,0.01819
G42,-0.13782,-0.14781,-0.21217,-0.15907,-0.15648,0.036778,0.293517,0.179355,0.194697,0.326154,0.154168,0.112715,-2,-0.0516,0.00847
G42,-0.13782,-0.14781,-0.21217,-0.15907,-0.15648,0.036778,0.293517,0.179355,0.194697,0.326154,0.154168,0.112715,0,0.181,0.00806
G42,-0.13782,-0.14781,-0.21217,-0.15907,-0.15648,0.036778,0.293517,0.179355,0.194697,0.326154,0.154168,0.112715,2,0.4,0.00881
G42,-0.13782,-0.14781,-0.21217,-0.15907,-0.15648,0.036778,0.293517,0.179355,0.194697,0.326154,0.154168,0.112715,4,0.5985,0.01186
G42,-0.13782,-0.14781,-0.21217,-0.15907,-0.15648,0.036778,0.293517,0.179355,0.194697,0.326154,0.154168,0.112715,8,0.9802,0.01619
G42,-0.13782,-0.14781,-0.21217,-0.15907,-0.15648,0.036778,0.293517,0.179355,0.194697,0.326154,0.154168,0.112715,10,1.1186,0.01909
G43,-0.14068,-0.15354,-0.17722,-0.12559,-0.14482,0.042577,0.31546,0.181198,0.187374,0.305601,0.132798,0.139464,-2,-0.02,0.00781
G43,-0.14068,-0.15354,-0.17722,-0.12559,-0.14482,0.042577,0.31546,0.181198,0.187374,0.305601,0.132798,0.139464,0,0.2086,0.0076
G43,-0.14068,-0.15354,-0.17722,-0.12559,-0.14482,0.042577,0.31546,0.181198,0.187374,0.305601,0.132798,0.139464,2,0.4115,0.01016
G43,-0.14068,-0.15354,-0.17722,-0.12559,-0.14482,0.042577,0.31546,0.181198,0.187374,0.305601,0.132798,0.139464,4,0.6239,0.01178
G43,-0.14068,-0.15354,-0.17722,-0.12559,-0.14482,0.042577,0.31546,0.181198,0.187374,0.305601,0.132798,0.139464,6,0.826,0.01353
G43,-0.14068,-0.15354,-0.17722,-0.12559,-0.14482,0.042577,0.31546,0.181198,0.187374,0.305601,0.132798,0.139464,8,1.0045,0.01557
G43,-0.14068,-0.15354,-0.17722,-0.12559,-0.14482,0.042577,0.31546,0.181198,0.187374,0.305601,0.132798,0.139464,10,1.1925,0.01881
G44,-0.13047,-0.13918,-0.20043,-0.14389,-0.12343,0.03519,0.30311,0.225338,0.18377,0.267638,0.13773,0.123048,-2,-0.0377,0.00787
G44,-0.13047,-0.13918,-0.20043,-0.14389,-0.12343,0.03519,0.30311,0.225338,0.18377,0.267638,0.13773,0.123048,0,0.1913,0.008
G44,-0.13047,-0.13918,-0.20043,-0.14389,-0.12343,0.03519,0.30311,0.225338,0.18377,0.267638,0.13773,0.123048,2,0.4093,0.00957
G44,-0.13047,-0.13918,-0.20043,-0.14389,-0.12343,0.03519,0.30311,0.225338,0.18377,0.267638,0.13773,0.123048,4,0.6275,0.01109
G44,-0.13047,-0.13918,-0.20043,-0.14389,-0.12343,0.03519,0.30311,0.225338,0.18377,0.267638,0.13773,0.123048,6,0.8387,0.01283
G44,-0.13047,-0.13918,-0.20043,-0.14389,-0.12343,0.03519,0.30311,0.225338,0.18377,0.267638,0.13773,0.123048,8,1.036,0.01486
G44,-0.13047,-0.13918,-0.20043,-0.14389,-0.12343,0.03519,0.30311,0.225338,0.18377,0.267638,0.13773,0.123048,10,1.2162,0.01756
G45,-0.13666,-0.15794,-0.23329,-0.12784,-0.15056,0.040623,0.338214,0.203089,0.167292,0.348523,0.131912,0.11752,-2,-0.0361,0.00836
G45,-0.13666,-0.15794,-0.23329,-0.12784,-0.15056,0.040623,0.338214,0.203089,0.167292,0.348523,0.131912,0.11752,0,0.1937,0.00816
G45,-0.13666,-0.15794,-0.23329,-0.12784,-0.15056,0.040623,0.338214,0.203089,0.167292,0.348523,0.131912,0.11752,2,0.4014,0.0109
G45,-0.13666,-0.15794,-0.23329,-0.12784,-0.15056,0.040623,0.338214,0.203089,0.167292,0.348523,0.131912,0.11752,4,0.618,0.01233
G45,-0.13666,-0.15794,-0.23329,-0.12784,-0.15056,0.040623,0.338214,0.203089,0.167292,0.348523,0.131912,0.11752,6,0.8248,0.01414
G45,-0.13666,-0.15794,-0.23329,-0.12784,-0.15056,0.040623,0.338214,0.203089,0.167292,0.348523,0.131912,0.11752,8,1.012,0.01662
G45,-0.13666,-0.15794,-0.23329,-0.12784,-0.15056,0.040623,0.338214,0.203089,0.167292,0.348523,0.131912,0.11752,10,1.1703,0.01911
G46,-0.16381,-0.14931,-0.20469,-0.14653,-0.1261,0.036929,0.311115,0.182173,0.159592,0.276493,0.138417,0.114971,-2,-0.0651,0.00772
G46,-0.16381,-0.14931,-0.20469,-0.14653,-0.1261,0.036929,0.311115,0.182173,0.159592,0.276493,0.138417,0.114971,0,0.1568,0.00834
G46,-0.16381,-0.14931,-0.20469,-0.14653,-0.1261,0.036929,0.311115,0.182173,0.159592,0.276493,0.138417,0.114971,2,0.3725,0.01052
G46,-0.16381,-0.14931,-0.20469,-0.14653,-0.1261,0.036929,0.311115,0.182173,0.159592,0.276493,0.138417,0.114971,4,0.5919,0.01189
G46,-0.16381,-0.14931,-0.20469,-0.14653,-0.1261,0.036929,0.311115,0.182173,0.159592,0.276493,0.138417,0.114971,6,0.8046,0.01359
G46,-0.16381,-0.14931,-0.20469,-0.14653,-0.1261,0.036929,0.311115,0.182173,0.159592,0.276493,0.138417,0.114971,8,1.0022,0.0158
G46,-0.16381,-0.14931,-0.20469,-0.14653,-0.1261,0.036929,0.311115,0.182173,0.159592,0.276493,0.138417,0.114971,10,1.185,0.0184
G47,-0.15314,-0.16947,-0.19037,-0.15787,-0.13615,0.04227,0.338667,0.222665,0.157083,0.300632,0.141677,0.130613,-2,-0.0373,0.00781
G47,-0.15314,-0.16947,-0.19037,-0.15787,-0.13615,0.04227,0.338667,0.222665,0.157083,0.300632,0.141677,0.130613,0,0.1769,0.00942
G47,-0.15314,-0.16947,-0.19037,-0.15787,-0.13615,0.04227,0.338667,0.222665,0.157083,0.300632,0.141677,0.130613,2,0.399,0.01074
G47,-0.15314,-0.16947,-0.19037,-0.15787,-0.13615,0.04227,0.338667,0.222665,0.157083,0.300632,0.141677,0.130613,4,0.6192,0.01207
G47,-0.15314,-0.16947,-0.19037,-0.15787,-0.13615,0.04227,0.338667,0.222665,0.157083,0.300632,0.141677,0.130613,6,0.8302,0.01375
G47,-0.15314,-0.16947,-0.19037,-0.15787,-0.13615,0.04227,0.338667,0.222665,0.157083,0.300632,0.141677,0.130613,8,1.0262,0.01594
G47,-0.15314,-0.16947,-0.19037,-0.15787,-0.13615,0.04227,0.338667,0.222665,0.157083,0.300632,0.141677,0.130613,10,1.2025,0.01822
G48,-0.17035,-0.15653,-0.21169,-0.14839,-0.11799,0.041248,0.332829,0.187414,0.152939,0.346493,0.129157,0.114464,-2,-0.0423,0.00812
G48,-0.17035,-0.15653,-0.21169,-0.14839,-0.11799,0.041248,0.332829,0.187414,0.152939,0.346493,0.129157,0.114464,0,0.1731,0.00965
G48,-0.17035,-0.15653,-0.21169,-0.14839,-0.11799,0.041248,0.332829,0.187414,0.152939,0.346493,0.129157,0.114464,2,0.3946,0.01111
G48,-0.17035,-0.15653,-0.21169,-0.14839,-0.11799,0.041248,0.332829,0.187414,0.152939,0.346493,0.129157,0.114464,4,0.6121,0.01264
G48,-0.17035,-0.15653,-0.21169,-0.14839,-0.11799,0.041248,0.332829,0.187414,0.152939,0.346493,0.129157,0.114464,6,0.8205,0.01454
G48,-0.17035,-0.15653,-0.21169,-0.14839,-0.11799,0.041248,0.332829,0.187414,0.152939,0.346493,0.129157,0.114464,8,1.0164,0.01661
G48,-0.17035,-0.15653,-0.21169,-0.14839,-0.11799,0.041248,0.332829,0.187414,0.152939,0.346493,0.129157,0.114464,10,1.1829,0.01934
G49,-0.16428,-0.18302,-0.17651,-0.1327,-0.15383,0.038666,0.341925,0.219645,0.190578,0.316419,0.130974,0.116226,-2,-0.0365,0.00813
G49,-0.16428,-0.18302,-0.17651,-0.1327,-0.15383,0.038666,0.341925,0.219645,0.190578,0.316419,0.130974,0.116226,0,0.1937,0.00794
G49,-0.16428,-0.18302,-0.17651,-0.1327,-0.15383,0.038666,0.341925,0.219645,0.190578,0.316419,0.130974,0.116226,2,0.4058,0.01023
G49,-0.16428,-0.18302,-0.17651,-0.1327,-0.15383,0.038666,0.341925,0.219645,0.190578,0.316419,0.130974,0.116226,4,0.622,0.01187
G49,-0.16428,-0.18302,-0.17651,-0.1327,-0.15383,0.038666,0.341925,0.219645,0.190578,0.316419,0.130974,0.116226,6,0.8275,0.01357
G49,-0.16428,-0.18302,-0.17651,-0.1327,-0.15383,0.038666,0.341925,0.219645,0.190578,0.316419,0.130974,0.116226,8,1.0006,0.01562
G49,-0.16428,-0.18302,-0.17651,-0.1327,-0.15383,0.038666,0.341925,0.219645,0.190578,0.316419,0.130974,0.116226,10,1.1928,0.01859
G50,-0.1464,-0.16403,-0.17422,-0.14239,-0.13313,0.041676,0.306746,0.227484,0.18812,0.323232,0.117844,0.148478,-2,-0.0115,0.00801
G50,-0.1464,-0.16403,-0.17422,-0.14239,-0.13313,0.041676,0.306746,0.227484,0.18812,0.323232,0.117844,0.148478,0,0.2193,0.00789
G50,-0.1464,-0.16403,-0.17422,-0.14239,-0.13313,0.041676,0.306746,0.227484,0.18812,0.323232,0.117844,0.148478,2,0.4362,0.00905
G50,-0.1464,-0.16403,-0.17422,-0.14239,-0.13313,0.041676,0.306746,0.227484,0.18812,0.323232,0.117844,0.148478,4,0.645,0.01122
G50,-0.1464,-0.16403,-0.17422,-0.14239,-0.13313,0.041676,0.306746,0.227484,0.18812,0.323232,0.117844,0.148478,6,0.8501,0.013
G50,-0.1464,-0.16403,-0.17422,-0.14239,-0.13313,0.041676,0.306746,0.227484,0.18812,0.323232,0.117844,0.148478,8,1.0311,0.01499
G50,-0.1464,-0.16403,-0.17422,-0.14239,-0.13313,0.041676,0.306746,0.227484,0.18812,0.323232,0.117844,0.148478,10,1.207,0.018
G51,-0.17006,-0.15595,-0.197,-0.12895,-0.13134,0.044417,0.275714,0.180511,0.178506,0.266756,0.12107,0.126343,-2,-0.0637,0.00779
G51,-0.17006,-0.15595,-0.197,-0.12895,-0.13134,0.044417,0.275714,0.180511,0.178506,0.266756,0.12107,0.126343,0,0.1667,0.00766
G51,-0.17006,-0.15595,-0.197,-0.12895,-0.13134,0.044417,0.275714,0.180511,0.178506,0.266756,0.12107,0.126343,2,0.3825,0.00915
G51,-0.17006,-0.15595,-0.197,-0.12895,-0.13134,0.044417,0.275714,0.180511,0.178506,0.266756,0.12107,0.126343,4,0.5968,0.01115
G51,-0.17006,-0.15595,-0.197,-0.12895,-0.13134,0.044417,0.275714,0.180511,0.178506,0.266756,0.12107,0.126343,6,0.8073,0.01293
G51,-0.17006,-0.15595,-0.197,-0.12895,-0.13134,0.044417,0.275714,0.180511,0.178506,0.266756,0.12107,0.126343,8,0.9976,0.01507
G51,-0.17006,-0.15595,-0.197,-0.12895,-0.13134,0.044417,0.275714,0.180511,0.178506,0.266756,0.12107,0.126343,10,1.1856,0.01808
G52,-0.14379,-0.1531,-0.18757,-0.13803,-0.14954,0.043294,0.265567,0.217617,0.19365,0.293801,0.150486,0.132802,-2,-0.0301,0.00793
G52,-0.14379,-0.1531,-0.18757,-0.13803,-0.14954,0.043294,0.265567,0.217617,0.19365,0.293801,0.150486,0.132802,0,0.2007,0.00779
G52,-0.14379,-0.1531,-0.18757,-0.13803,-0.14954,0.043294,0.265567,0.217617,0.19365,0.293801,0.150486,0.132802,2,0.4281,0.00798
G52,-0.14379,-0.1531,-0.18757,-0.13803,-0.14954,0.043294,0.265567,0.217617,0.19365,0.293801,0.150486,0.132802,4,0.6328,0.01024
G52,-0.14379,-0.1531,-0.18757,-0.13803,-0.14954,0.043294,0.265567,0.217617,0.19365,0.293801,0.150486,0.132802,6,0.834,0.01238
G52,-0.14379,-0.1531,-0.18757,-0.13803,-0.14954,0.043294,0.265567,0.217617,0.19365,0.293801,0.150486,0.132802,8,1.0137,0.01469
G52,-0.14379,-0.1531,-0.18757,-0.13803,-0.14954,0.043294,0.265567,0.217617,0.19365,0.293801,0.150486,0.132802,10,1.1822,0.01761
G53,-0.15263,-0.14572,-0.18846,-0.13096,-0.12686,0.043515,0.262097,0.223219,0.161502,0.350102,0.119552,0.137242,-2,-0.0163,0.0082
G53,-0.15263,-0.14572,-0.18846,-0.13096,-0.12686,0.043515,0.262097,0.223219,0.161502,0.350102,0.119552,0.137242,0,0.2147,0.00796
G53,-0.15263,-0.14572,-0.18846,-0.13096,-0.12686,0.043515,0.262097,0.223219,0.161502,0.350102,0.119552,0.137242,2,0.4438,0.00788
G53,-0.15263,-0.14572,-0.18846,-0.13096,-0.12686,0.043515,0.262097,0.223219,0.161502,0.350102,0.119552,0.137242,6,0.8437,0.0127
G53,-0.15263,-0.14572,-0.18846,-0.13096,-0.12686,0.043515,0.262097,0.223219,0.161502,0.350102,0.119552,0.137242,8,1.0191,0.01482
G53,-0.15263,-0.14572,-0.18846,-0.13096,-0.12686,0.043515,0.262097,0.223219,0.161502,0.350102,0.119552,0.137242,10,1.191,0.01793
G54,-0.15971,-0.1444,-0.19574,-0.15663,-0.1473,0.037995,0.333111,0.211168,0.171448,0.332266,0.143283,0.119652,-2,-0.0348,0.00793
G54,-0.15971,-0.1444,-0.19574,-0.15663,-0.1473,0.037995,0.333111,0.211168,0.171448,0.332266,0.143283,0.119652,0,0.1944,0.00793
G54,-0.15971,-0.1444,-0.19574,-0.15663,-0.1473,0.037995,0.333111,0.211168,0.171448,0.332266,0.143283,0.119652,2,0.4008,0.01067
G54,-0.15971,-0.1444,-0.19574,-0.15663,-0.1473,0.037995,0.333111,0.211168,0.171448,0.332266,0.143283,0.119652,4,0.617,0.01216
G54,-0.15971,-0.1444,-0.19574,-0.15663,-0.1473,0.037995,0.333111,0.211168,0.171448,0.332266,0.143283,0.119652,6,0.8231,0.0139
G54,-0.15971,-0.1444,-0.19574,-0.15663,-0.1473,0.037995,0.333111,0.211168,0.171448,0.332266,0.143283,0.119652,8,1.0098,0.0162
G54,-0.15971,-0.1444,-0.19574,-0.15663,-0.1473,0.037995,0.333111,0.211168,0.171448,0.332266,0.143283,0.119652,10,1.1725,0.01867
G55,-0.14159,-0.15004,-0.22153,-0.13137,-0.15245,0.041458,0.304287,0.200208,0.173056,0.326806,0.128257,0.11189,-2,-0.0516,0.00827
G55,-0.14159,-0.15004,-0.22153,-0.13137,-0.15245,0.041458,0.304287,0.200208,0.173056,0.326806,0.128257,0.11189,0,0.1812,0.00791
G55,-0.14159,-0.15004,-0.22153,-0.13137,-0.15245,0.041458,0.304287,0.200208,0.173056,0.326806,0.128257,0.11189,2,0.3931,0.00992
G55,-0.14159,-0.15004,-0.22153,-0.13137,-0.15245,0.041458,0.304287,0.200208,0.173056,0.326806,0.128257,0.11189,4,0.6086,0.01165
G55,-0.14159,-0.15004,-0.22153,-0.13137,-0.15245,0.041458,0.304287,0.200208,0.173056,0.326806,0.128257,0.11189,6,0.8166,0.01349
G55,-0.14159,-0.15004,-0.22153,-0.13137,-0.15245,0.041458,0.304287,0.200208,0.173056,0.326806,0.128257,0.11189,8,1.0058,0.01573
G55,-0.14159,-0.15004,-0.22153,-0.13137,-0.15245,0.041458,0.304287,0.200208,0.173056,0.326806,0.128257,0.11189,10,1.1645,0.01869
G56,-0.1334,-0.1611,-0.22507,-0.14132,-0.13031,0.042038,0.29175,0.196992,0.195642,0.341204,0.115252,0.121781,0,0.1946,0.00833
G56,-0.1334,-0.1611,-0.22507,-0.14132,-0.13031,0.042038,0.29175,0.196992,0.195642,0.341204,0.115252,0.121781,2,0.4256,0.00828
G56,-0.1334,-0.1611,-0.22507,-0.14132,-0.13031,0.042038,0.29175,0.196992,0.195642,0.341204,0.115252,0.121781,4,0.6249,0.01148
G56,-0.1334,-0.1611,-0.22507,-0.14132,-0.13031,0.042038,0.29175,0.196992,0.195642,0.341204,0.115252,0.121781,6,0.8302,0.01356
G56,-0.1334,-0.1611,-0.22507,-0.14132,-0.13031,0.042038,0.29175,0.196992,0.195642,0.341204,0.115252,0.121781,8,1.0168,0.01592
G56,-0.1334,-0.1611,-0.22507,-0.14132,-0.13031,0.042038,0.29175,0.196992,0.195642,0.341204,0.115252,0.121781,10,1.1552,0.01904
G57,-0.15355,-0.17324,-0.18704,-0.14317,-0.13252,0.039584,0.336876,0.199071,0.181483,0.290387,0.139688,0.134035,-2,-0.0326,0.0079
G57,-0.15355,-0.17324,-0.18704,-0.14317,-0.13252,0.039584,0.336876,0.199071,0.181483,0.290387,0.139688,0.134035,0,0.1871,0.00863
G57,-0.15355,-0.17324,-0.18704,-0.14317,-0.13252,0.039584,0.336876,0.199071,0.181483,0.290387,0.139688,0.134035,2,0.4024,0.01059
G57,-0.15355,-0.17324,-0.18704,-0.14317,-0.13252,0.039584,0.336876,0.199071,0.181483,0.290387,0.139688,0.134035,4,0.6198,0.01205
G57,-0.15355,-0.17324,-0.18704,-0.14317,-0.13252,0.039584,0.336876,0.199071,0.181483,0.290387,0.139688,0.134035,6,0.8285,0.01379
G57,-0.15355,-0.17324,-0.18704,-0.14317,-0.13252,0.039584,0.336876,0.199071,0.181483,0.290387,0.139688,0.134035,8,1.0169,0.01605
G57,-0.15355,-0.17324,-0.18704,-0.14317,-0.13252,0.039584,0.336876,0.199071,0.181483,0.290387,0.139688,0.134035,10,1.2012,0.01868
G58,-0.15679,-0.16851,-0.20888,-0.13882,-0.14476,0.039979,0.25788,0.221555,0.168422,0.339043,0.149894,0.128195,-2,-0.0357,0.00848
G58,-0.15679,-0.16851,-0.20888,-0.13882,-0.14476,0.039979,0.25788,0.221555,0.168422,0.339043,0.149894,0.128195,0,0.1959,0.0081
G58,-0.15679,-0.16851,-0.20888,-0.13882,-0.14476,0.039979,0.25788,0.221555,0.168422,0.339043,0.149894,0.128195,2,0.4259,0.00798
G58,-0.15679,-0.16851,-0.20888,-0.13882,-0.14476,0.039979,0.25788,0.221555,0.168422,0.339043,0.149894,0.128195,4,0.6234,0.0106
G58,-0.15679,-0.16851,-0.20888,-0.13882,-0.14476,0.039979,0.25788,0.221555,0.168422,0.339043,0.149894,0.128195,6,0.8233,0.01274
G58,-0.15679,-0.16851,-0.20888,-0.13882,-0.14476,0.039979,0.25788,0.221555,0.168422,0.339043,0.149894,0.128195,8,1.0011,0.01512
G58,-0.15679,-0.16851,-0.20888,-0.13882,-0.14476,0.039979,0.25788,0.221555,0.168422,0.339043,0.149894,0.128195,10,1.1508,0.018
G59,-0.15877,-0.1592,-0.17863,-0.12403,-0.14547,0.038476,0.3127,0.207355,0.149456,0.283347,0.121415,0.126974,-2,-0.0528,0.0076
G59,-0.15877,-0.1592,-0.17863,-0.12403,-0.14547,0.038476,0.3127,0.207355,0.149456,0.283347,0.121415,0.126974,0,0.1649,0.00846
G59,-0.15877,-0.1592,-0.17863,-0.12403,-0.14547,0.038476,0.3127,0.207355,0.149456,0.283347,0.121415,0.126974,2,0.3837,0.01013
G59,-0.15877,-0.1592,-0.17863,-0.12403,-0.14547,0.038476,0.3127,0.207355,0.149456,0.283347,0.121415,0.126974,4,0.6017,0.01145
G59,-0.15877,-0.1592,-0.17863,-0.12403,-0.14547,0.038476,0.3127,0.207355,0.149456,0.283347,0.121415,0.126974,6,0.8106,0.01305
G59,-0.15877,-0.1592,-0.17863,-0.12403,-0.14547,0.038476,0.3127,0.207355,0.149456,0.283347,0.121415,0.126974,10,1.2034,0.01809
G60,-0.15053,-0.16591,-0.22279,-0.14051,-0.13786,0.03638,0.308372,0.208085,0.150862,0.334844,0.142236,0.131285,-2,-0.0396,0.00828
G60,-0.15053,-0.16591,-0.22279,-0.14051,-0.13786,0.03638,0.308372,0.208085,0.150862,0.334844,0.142236,0.131285,0,0.1902,0.00792
G60,-0.15053,-0.16591,-0.22279,-0.14051,-0.13786,0.03638,0.308372,0.208085,0.150862,0.334844,0.142236,0.131285,2,0.3931,0.01053
G60,-0.15053,-0.16591,-0.22279,-0.14051,-0.13786,0.03638,0.308372,0.208085,0.150862,0.334844,0.142236,0.131285,4,0.6081,0.01201
G60,-0.15053,-0.16591,-0.22279,-0.14051,-0.13786,0.03638,0.308372,0.208085,0.150862,0.334844,0.142236,0.131285,6,0.8157,0.0137
G60,-0.15053,-0.16591,-0.22279,-0.14051,-0.13786,0.03638,0.308372,0.208085,0.150862,0.334844,0.142236,0.131285,8,1.005,0.01586
G60,-0.15053,-0.16591,-0.22279,-0.14051,-0.13786,0.03638,0.308372,0.208085,0.150862,0.334844,0.142236,0.131285,10,1.1657,0.01844
G61,-0.16535,-0.17088,-0.18208,-0.13441,-0.12387,0.039141,0.335256,0.212075,0.196762,0.277982,0.135666,0.110635,-2,-0.0391,0.008
G61,-0.16535,-0.17088,-0.18208,-0.13441,-0.12387,0.039141,0.335256,0.212075,0.196762,0.277982,0.135666,0.110635,0,0.1903,0.00814
G61,-0.16535,-0.17088,-0.18208,-0.13441,-0.12387,0.039141,0.335256,0.212075,0.196762,0.277982,0.135666,0.110635,2,0.4078,0.01018
G61,-0.16535,-0.17088,-0.18208,-0.13441,-0.12387,0.039141,0.335256,0.212075,0.196762,0.277982,0.135666,0.110635,4,0.6271,0.01174
G61,-0.16535,-0.17088,-0.18208,-0.13441,-0.12387,0.039141,0.335256,0.212075,0.196762,0.277982,0.135666,0.110635,6,0.8395,0.01339
G61,-0.16535,-0.17088,-0.18208,-0.13441,-0.12387,0.039141,0.335256,0.212075,0.196762,0.277982,0.135666,0.110635,8,1.0253,0.01539
G61,-0.16535,-0.17088,-0.18208,-0.13441,-0.12387,0.039141,0.335256,0.212075,0.196762,0.277982,0.135666,0.110635,10,1.2167,0.01856
G62,-0.15463,-0.16056,-0.19159,-0.14758,-0.12985,0.040427,0.269696,0.230543,0.166479,0.306452,0.119333,0.135633,-2,-0.0435,0.00798
G62,-0.15463,-0.16056,-0.19159,-0.14758,-0.12985,0.040427,0.269696,0.230543,0.166479,0.306452,0.119333,0.135633,0,0.1879,0.00787
G62,-0.15463,-0.16056,-0.19159,-0.14758,-0.12985,0.040427,0.269696,0.230543,0.166479,0.306452,0.119333,0.135633,2,0.4115,0.00845
G62,-0.15463,-0.16056,-0.19159,-0.14758,-0.12985,0.040427,0.269696,0.230543,0.166479,0.306452,0.119333,0.135633,4,0.6212,0.01064
G62,-0.15463,-0.16056,-0.19159,-0.14758,-0.12985,0.040427,0.269696,0.230543,0.166479,0.306452,0.119333,0.135633,6,0.8304,0.01242
G62,-0.15463,-0.16056,-0.19159,-0.14758,-0.12985,0.040427,0.269696,0.230543,0.166479,0.306452,0.119333,0.135633,8,1.0235,0.01452
G62,-0.15463,-0.16056,-0.19159,-0.14758,-0.12985,0.040427,0.269696,0.230543,0.166479,0.306452,0.119333,0.135633,10,1.1966,0.0174
G63,-0.16146,-0.18408,-0.17603,-0.15104,-0.12117,0.039877,0.27304,0.220892,0.17044,0.342933,0.15282,0.131894,-2,-0.0166,0.00836
G63,-0.16146,-0.18408,-0.17603,-0.15104,-0.12117,0.039877,0.27304,0.220892,0.17044,0.342933,0.15282,0.131894,0,0.2151,0.00801
G63,-0.16146,-0.18408,-0.17603,-0.15104,-0.12117,0.039877,0.27304,0.220892,0.17044,0.342933,0.15282,0.131894,2,0.4429,0.00798
G63,-0.16146,-0.18408,-0.17603,-0.15104,-0.12117,0.039877,0.27304,0.220892,0.17044,0.342933,0.15282,0.131894,4,0.6368,0.01104
G63,-0.16146,-0.18408,-0.17603,-0.15104,-0.12117,0.039877,0.27304,0.220892,0.17044,0.342933,0.15282,0.131894,6,0.8375,0.013
G63,-0.16146,-0.18408,-0.17603,-0.15104,-0.12117,0.039877,0.27304,0.220892,0.17044,0.342933,0.15282,0.131894,8,1.012,0.01524
G63,-0.16146,-0.18408,-0.17603,-0.15104,-0.12117,0.039877,0.27304,0.220892,0.17044,0.342933,0.15282,0.131894,10,1.1682,0.01835
G64,-0.12826,-0.14848,-0.19367,-0.1572,-0.14113,0.034994,0.344907,0.214002,0.178183,0.356316,0.126368,0.14471,-2,-0.008,0.00817
G64,-0.12826,-0.14848,-0.19367,-0.1572,-0.14113,0.034994,0.344907,0.214002,0.178183,0.356316,0.126368,0.14471,0,0.2212,0.008
G64,-0.12826,-0.14848,-0.19367,-0.1572,-0.14113,0.034994,0.344907,0.214002,0.178183,0.356316,0.126368,0.14471,2,0.4223,0.01078
G64,-0.12826,-0.14848,-0.19367,-0.1572,-0.14113,0.034994,0.344907,0.214002,0.178183,0.356316,0.126368,0.14471,4,0.6346,0.01235
G64,-0.12826,-0.14848,-0.19367,-0.1572,-0.14113,0.034994,0.344907,0.214002,0.178183,0.356316,0.126368,0.14471,6,0.8369,0.0142
G64,-0.12826,-0.14848,-0.19367,-0.1572,-0.14113,0.034994,0.344907,0.214002,0.178183,0.356316,0.126368,0.14471,8,1.0204,0.01624
G64,-0.12826,-0.14848,-0.19367,-0.1572,-0.14113,0.034994,0.344907,0.214002,0.178183,0.356316,0.126368,0.14471,10,1.1716,0.01933
G65,-0.14922,-0.18503,-0.19209,-0.13959,-0.14017,0.036706,0.306159,0.201937,0.18637,0.314394,0.153127,0.124222,-2,-0.0334,0.00822
G65,-0.14922,-0.18503,-0.19209,-0.13959,-0.14017,0.036706,0.306159,0.201937,0.18637,0.314394,0.153127,0.124222,0,0.1979,0.00787
G65,-0.14922,-0.18503,-0.19209,-0.13959,-0.14017,0.036706,0.306159,0.201937,0.18637,0.314394,0.153127,0.124222,2,0.4064,0.00979
G65,-0.14922,-0.18503,-0.19209,-0.13959,-0.14017,0.036706,0.306159,0.201937,0.18637,0.314394,0.153127,0.124222,4,0.6177,0.01164
G65,-0.14922,-0.18503,-0.19209,-0.13959,-0.14017,0.036706,0.306159,0.201937,0.18637,0.314394,0.153127,0.124222,6,0.8225,0.01344
G65,-0.14922,-0.18503,-0.19209,-0.13959,-0.14017,0.036706,0.306159,0.201937,0.18637,0.314394,0.153127,0.124222,8,1.0028,0.01554
G65,-0.14922,-0.18503,-0.19209,-0.13959,-0.14017,0.036706,0.306159,0.201937,0.18637,0.314394,0.153127,0.124222,10,1.1667,0.01861
G66,-0.16867,-0.14363,-0.20272,-0.15421,-0.11995,0.041766,0.2619,0.189631,0.190197,0.351784,0.154445,0.143511,-2,-0.0098,0.00857
G66,-0.16867,-0.14363,-0.20272,-0.15421,-0.11995,0.041766,0.2619,0.189631,0.190197,0.351784,0.154445,0.143511,0,0.2213,0.00833
G66,-0.16867,-0.14363,-0.20272,-0.15421,-0.11995,0.041766,0.2619,0.189631,0.190197,0.351784,0.154445,0.143511,2,0.4509,0.0081
G66,-0.16867,-0.14363,-0.20272,-0.15421,-0.11995,0.041766,0.2619,0.189631,0.190197,0.351784,0.154445,0.143511,4,0.6363,0.01135
G66,-0.16867,-0.14363,-0.20272,-0.15421,-0.11995,0.041766,0.2619,0.189631,0.190197,0.351784,0.154445,0.143511,6,0.8293,0.01351
G66,-0.16867,-0.14363,-0.20272,-0.15421,-0.11995,0.041766,0.2619,0.189631,0.190197,0.351784,0.154445,0.143511,8,0.9928,0.01607
G66,-0.16867,-0.14363,-0.20272,-0.15421,-0.11995,0.041766,0.2619,0.189631,0.190197,0.351784,0.154445,0.143511,10,1.1296,0.01963
